longitude,latitude,sequence,track,delta_time,shot_number,beam
-97.4157452205515,-49.6937016150622,40810014.4172667,BEAM0000,40810014.4172667,19640000100000001,BEAM0000
-97.3406200408992,-49.6781613031009,40810015.2437223,BEAM0000,40810015.2437223,19640000100000201,BEAM0000
-97.264727711346,-49.6622866188522,40810016.0784418,BEAM0000,40810016.0784418,19640000100000401,BEAM0000
-97.1896742938562,-49.6465855348362,40810016.9048838,BEAM0000,40810016.9048838,19640000100000601,BEAM0000
-97.1126209096621,-49.6299127453572,40810017.7354303,BEAM0000,40810017.7354303,19640000100000801,BEAM0000
-96.9833380992348,-49.6028359347763,40810019.1610804,BEAM0000,40810019.1610804,19640000100001001,BEAM0000
-96.8328010352594,-49.5709329086222,40810020.822222,BEAM0000,40810020.822222,19640000100001201,BEAM0000
-96.6804204747982,-49.5381569193884,40810022.508167,BEAM0000,40810022.508167,19640000100001401,BEAM0000
-96.5303919940234,-49.5057984772315,40810024.1693421,BEAM0000,40810024.1693421,19640000100001601,BEAM0000
-96.3805700315591,-49.4731136296702,40810025.8304857,BEAM0000,40810025.8304857,19640000100001801,BEAM0000
-96.2316267949211,-49.440528835148,40810027.4833727,BEAM0000,40810027.4833727,19640000100002001,BEAM0000
-96.0822511128072,-49.4076627039968,40810029.1445478,BEAM0000,40810029.1445478,19640000100002201,BEAM0000
-95.9330325117637,-49.3744139197189,40810030.8056853,BEAM0000,40810030.8056853,19640000100002401,BEAM0000
-95.7848934894629,-49.3411525786353,40810032.4585783,BEAM0000,40810032.4585783,19640000100002601,BEAM0000
-95.6353700859402,-49.3073530778412,40810034.1280174,BEAM0000,40810034.1280174,19640000100002801,BEAM0000
-95.4868291574107,-49.2735923239365,40810035.789151,BEAM0000,40810035.789151,19640000100003001,BEAM0000
-95.3392489253096,-49.2396695562443,40810037.4420481,BEAM0000,40810037.4420481,19640000100003201,BEAM0000
-95.1911436240165,-49.2054591602168,40810039.1032231,BEAM0000,40810039.1032231,19640000100003401,BEAM0000
-95.0424311921876,-49.1708564378786,40810040.7726166,BEAM0000,40810040.7726166,19640000100003601,BEAM0000
-94.8947949321186,-49.1361401818877,40810042.4337817,BEAM0000,40810042.4337817,19640000100003801,BEAM0000
-94.7480898412337,-49.1014998770751,40810044.0866928,BEAM0000,40810044.0866928,19640000100004001,BEAM0000
-94.6000159220474,-49.0662353452604,40810045.7560824,BEAM0000,40810045.7560824,19640000100004201,BEAM0000
-94.4530556574381,-49.0310378374174,40810047.4172514,BEAM0000,40810047.4172514,19640000100004401,BEAM0000
-94.3069759466879,-48.9957399111354,40810049.0701625,BEAM0000,40810049.0701625,19640000100004601,BEAM0000
-94.1588873834673,-48.9596205365564,40810050.747814,BEAM0000,40810050.747814,19640000100004801,BEAM0000
-94.0124575605242,-48.9237791538903,40810052.4089851,BEAM0000,40810052.4089851,19640000100005001,BEAM0000
-93.8663870908305,-48.8876026704664,40810054.0701602,BEAM0000,40810054.0701602,19640000100005201,BEAM0000
-93.7204433984708,-48.8512790040242,40810055.7312797,BEAM0000,40810055.7312797,19640000100005401,BEAM0000
-93.5755158596534,-48.8150782657091,40810057.3841908,BEAM0000,40810057.3841908,19640000100005601,BEAM0000
-93.4285628481187,-48.7780518962985,40810059.0618938,BEAM0000,40810059.0618938,19640000100005801,BEAM0000
-93.2840313171705,-48.7412281945443,40810060.7147494,BEAM0000,40810060.7147494,19640000100006001,BEAM0000
-93.1381343811433,-48.7039474087872,40810062.3841884,BEAM0000,40810062.3841884,19640000100006201,BEAM0000
-92.9940594027155,-48.666737194038,40810064.0370995,BEAM0000,40810064.0370995,19640000100006401,BEAM0000
-92.8480466031222,-48.6288774080893,40810065.714747,BEAM0000,40810065.714747,19640000100006601,BEAM0000
-92.7036119094603,-48.5911899548816,40810067.3759221,BEAM0000,40810067.3759221,19640000100006801,BEAM0000
-92.5601637294875,-48.5535573804001,40810069.0288332,BEAM0000,40810069.0288332,19640000100007001,BEAM0000
-92.4154849064022,-48.5152482644101,40810070.6982167,BEAM0000,40810070.6982167,19640000100007201,BEAM0000
-92.2710816605433,-48.4767058786265,40810072.3676558,BEAM0000,40810072.3676558,19640000100007401,BEAM0000
-92.1276186440669,-48.4381835361877,40810074.0288308,BEAM0000,40810074.0288308,19640000100007601,BEAM0000
-91.9836631782573,-48.3993557549186,40810075.6982144,BEAM0000,40810075.6982144,19640000100007801,BEAM0000
-91.8407208227419,-48.3604067010695,40810077.3593894,BEAM0000,40810077.3593894,19640000100008001,BEAM0000
-91.6981082396937,-48.3212406789606,40810079.0205645,BEAM0000,40810079.0205645,19640000100008201,BEAM0000
-91.5554337259031,-48.2820156313318,40810080.6816841,BEAM0000,40810080.6816841,19640000100008401,BEAM0000
-91.4124788661962,-48.2423827226539,40810082.3511231,BEAM0000,40810082.3511231,19640000100008601,BEAM0000
-91.2710539338716,-48.2028374563631,40810084.0040342,BEAM0000,40810084.0040342,19640000100008801,BEAM0000
-91.1292110483571,-48.1629946297754,40810085.6651537,BEAM0000,40810085.6651537,19640000100009001,BEAM0000
-90.9881701819985,-48.123072014159,40810087.3180648,BEAM0000,40810087.3180648,19640000100009201,BEAM0000
-90.8475790793744,-48.0829909258808,40810088.9709759,BEAM0000,40810088.9709759,19640000100009401,BEAM0000
-90.7071008916252,-48.0428227210814,40810090.6238314,BEAM0000,40810090.6238314,19640000100009601,BEAM0000
-90.5660600139685,-48.002092240881,40810092.2850065,BEAM0000,40810092.2850065,19640000100009801,BEAM0000
-90.4261465127162,-47.9615587870999,40810093.937912,BEAM0000,40810093.937912,19640000100010001,BEAM0000
-90.2848893081931,-47.920207431783,40810095.6073011,BEAM0000,40810095.6073011,19640000100010201,BEAM0000
-90.1454377994896,-47.8793564577019,40810097.2602122,BEAM0000,40810097.2602122,19640000100010401,BEAM0000
-90.0061168267555,-47.837943141296,40810098.9131117,BEAM0000,40810098.9131117,19640000100010601,BEAM0000
-89.8670068253281,-47.7966423570181,40810100.5659788,BEAM0000,40810100.5659788,19640000100010801,BEAM0000
-89.7266046461441,-47.7546746519339,40810102.2354178,BEAM0000,40810102.2354178,19640000100011001,BEAM0000
-89.5867904874287,-47.712618622779,40810103.9048433,BEAM0000,40810103.9048433,19640000100011201,BEAM0000
-89.4483088381043,-47.6705414805226,40810105.5577125,BEAM0000,40810105.5577125,19640000100011401,BEAM0000
-89.3094603487107,-47.6283433012643,40810107.2188875,BEAM0000,40810107.2188875,19640000100011601,BEAM0000
-89.1699955668301,-47.585688409922,40810108.8883091,BEAM0000,40810108.8883091,19640000100011801,BEAM0000
-89.0316724340696,-47.5430614863758,40810110.5494461,BEAM0000,40810110.5494461,19640000100012001,BEAM0000
-88.8935001949426,-47.5000006652199,40810112.2106214,BEAM0000,40810112.2106214,19640000100012201,BEAM0000
-88.754980596363,-47.4567899754399,40810113.8800407,BEAM0000,40810113.8800407,19640000100012401,BEAM0000
-88.6171875360633,-47.4135206876047,40810115.5411798,BEAM0000,40810115.5411798,19640000100012601,BEAM0000
-88.4804066364499,-47.3704920254491,40810117.1940911,BEAM0000,40810117.1940911,19640000100012801,BEAM0000
-88.3450094068195,-47.3282390007628,40810118.8469746,BEAM0000,40810118.8469746,19640000100013001,BEAM0000
-88.205493679847,-47.2828554912962,40810120.5246497,BEAM0000,40810120.5246497,19640000100013201,BEAM0000
-88.0695129211275,-47.2390555015696,40810122.1775606,BEAM0000,40810122.1775606,19640000100013401,BEAM0000
-87.9336009659166,-47.195266003962,40810123.8304403,BEAM0000,40810123.8304403,19640000100013601,BEAM0000
-87.7980043997777,-47.1510361759205,40810125.4833274,BEAM0000,40810125.4833274,19640000100013801,BEAM0000
-87.6626326097886,-47.1067778077731,40810127.1362384,BEAM0000,40810127.1362384,19640000100014001,BEAM0000
-87.526240946997,-47.061826216518,40810128.80564,BEAM0000,40810128.80564,19640000100014201,BEAM0000
-87.3906112460367,-47.0169322932929,40810130.4667971,BEAM0000,40810130.4667971,19640000100014401,BEAM0000
-87.2552413534966,-46.9721723294918,40810132.1279721,BEAM0000,40810132.1279721,19640000100014601,BEAM0000
-87.1195123827699,-46.9266827582644,40810133.7973717,BEAM0000,40810133.7973717,19640000100014801,BEAM0000
-86.9846680022399,-46.8812953187235,40810135.4585307,BEAM0000,40810135.4585307,19640000100015001,BEAM0000
-86.8507507641868,-46.8358545033742,40810137.1114419,BEAM0000,40810137.1114419,19640000100015201,BEAM0000
-86.7170214953877,-46.7903715464601,40810138.7643053,BEAM0000,40810138.7643053,19640000100015401,BEAM0000
-86.5827780995909,-46.7445383986706,40810140.4254724,BEAM0000,40810140.4254724,19640000100015601,BEAM0000
-86.4496491308931,-46.6986699571208,40810142.0783835,BEAM0000,40810142.0783835,19640000100015801,BEAM0000
-86.3166476281789,-46.6524858310444,40810143.7312391,BEAM0000,40810143.7312391,19640000100016001,BEAM0000
-86.1837293634687,-46.6064592029593,40810145.3841501,BEAM0000,40810145.3841501,19640000100016201,BEAM0000
-86.0504988938031,-46.5598912070218,40810147.0453252,BEAM0000,40810147.0453252,19640000100016401,BEAM0000
-85.9170456066429,-46.512912079326,40810148.7147088,BEAM0000,40810148.7147088,19640000100016601,BEAM0000
-85.7849243393653,-46.466068187119,40810150.3676198,BEAM0000,40810150.3676198,19640000100016801,BEAM0000
-85.6525401273094,-46.4189780594361,40810152.0287949,BEAM0000,40810152.0287949,19640000100017001,BEAM0000
-85.5210244586027,-46.3718122143177,40810153.6816505,BEAM0000,40810153.6816505,19640000100017201,BEAM0000
-85.3883511986438,-46.3241230861477,40810155.3510895,BEAM0000,40810155.3510895,19640000100017401,BEAM0000
-85.257289353042,-46.2767647008196,40810157.0040006,BEAM0000,40810157.0040006,19640000100017601,BEAM0000
-85.125743805193,-46.2289579805993,40810158.6651201,BEAM0000,40810158.6651201,19640000100017801,BEAM0000
-84.993846728273,-46.1807976939616,40810160.3345592,BEAM0000,40810160.3345592,19640000100018001,BEAM0000
-84.86349481946,-46.132746602243,40810161.9874703,BEAM0000,40810161.9874703,19640000100018201,BEAM0000
-84.7334350129166,-46.0847785970826,40810163.6403258,BEAM0000,40810163.6403258,19640000100018401,BEAM0000
-84.6033577003755,-46.0366598954329,40810165.2932369,BEAM0000,40810165.2932369,19640000100018601,BEAM0000
-84.4730144893988,-45.9880797051005,40810166.9544104,BEAM0000,40810166.9544104,19640000100018801,BEAM0000
-84.343518790731,-45.9397270393942,40810168.6072675,BEAM0000,40810168.6072675,19640000100019001,BEAM0000
-84.2124390790131,-45.890407713294,40810170.2849706,BEAM0000,40810170.2849706,19640000100019201,BEAM0000
-84.0829673828607,-45.8411249555348,40810171.9461422,BEAM0000,40810171.9461422,19640000100019401,BEAM0000
-83.9539257875789,-45.7919301720883,40810173.6072652,BEAM0000,40810173.6072652,19640000100019601,BEAM0000
-83.8255262239836,-45.7428263631805,40810175.2601763,BEAM0000,40810175.2601763,19640000100019801,BEAM0000
-83.6973762501548,-45.6934308608472,40810176.9130759,BEAM0000,40810176.9130759,19640000100020001,BEAM0000
-83.5693170637083,-45.6438470362038,40810178.565943,BEAM0000,40810178.565943,19640000100020201,BEAM0000
-83.4409833065292,-45.5940633898044,40810180.227118,BEAM0000,40810180.227118,19640000100020401,BEAM0000
-83.3135941769479,-45.5442235122826,40810181.8800095,BEAM0000,40810181.8800095,19640000100020601,BEAM0000
-83.1857320603221,-45.4939489316897,40810183.5411486,BEAM0000,40810183.5411486,19640000100020801,BEAM0000
-83.0587266719028,-45.443854995509,40810185.1940597,BEAM0000,40810185.1940597,19640000100021001,BEAM0000
-82.9318099005142,-45.3936926104894,40810186.846943,BEAM0000,40810186.846943,19640000100021201,BEAM0000
-82.8047916439671,-45.342804811921,40810188.5080901,BEAM0000,40810188.5080901,19640000100021401,BEAM0000
-82.6771470344506,-45.2915281203702,40810190.1775294,BEAM0000,40810190.1775294,19640000100021601,BEAM0000
-82.5498204615635,-45.2404781419606,40810191.8469407,BEAM0000,40810191.8469407,19640000100021801,BEAM0000
-82.4248526252556,-45.1906164549352,40810193.4998238,BEAM0000,40810193.4998238,19640000100022001,BEAM0000
-82.2982953629627,-45.138377168612,40810195.1527349,BEAM0000,40810195.1527349,19640000100022201,BEAM0000
-82.1717222707709,-45.0864409470316,40810196.8221405,BEAM0000,40810196.8221405,19640000100022401,BEAM0000
-82.0460622881734,-45.0349910466873,40810198.4832935,BEAM0000,40810198.4832935,19640000100022601,BEAM0000
-81.9212210495658,-44.9834287713826,40810200.1362048,BEAM0000,40810200.1362048,19640000100022801,BEAM0000
-81.7958559789608,-44.9313096545516,40810201.7973402,BEAM0000,40810201.7973402,19640000100023001,BEAM0000
-81.6713556784436,-44.8796054159181,40810203.4502353,BEAM0000,40810203.4502353,19640000100023201,BEAM0000
-81.5470894835311,-44.8276182131744,40810205.1031463,BEAM0000,40810205.1031463,19640000100023401,BEAM0000
-81.4220800927928,-44.7751200588143,40810206.7725398,BEAM0000,40810206.7725398,19640000100023601,BEAM0000
-81.2978197238618,-44.722359060142,40810208.433705,BEAM0000,40810208.433705,19640000100023801,BEAM0000
-81.1742534479667,-44.6698136007531,40810210.086616,BEAM0000,40810210.086616,19640000100024001,BEAM0000
-81.0490281518048,-44.6165333359523,40810211.7642716,BEAM0000,40810211.7642716,19640000100024201,BEAM0000
-80.9261991747622,-44.5639232869442,40810213.4171747,BEAM0000,40810213.4171747,19640000100024401,BEAM0000
-80.8020709147927,-44.5103158820041,40810215.0866138,BEAM0000,40810215.0866138,19640000100024601,BEAM0000
-80.6796009958035,-44.4574846017471,40810216.7394713,BEAM0000,40810216.7394713,19640000100024801,BEAM0000
-80.5565887826459,-44.4040093679443,40810218.4006444,BEAM0000,40810218.4006444,19640000100025001,BEAM0000
-80.4339786963071,-44.3502970984074,40810220.0618194,BEAM0000,40810220.0618194,19640000100025201,BEAM0000
-80.3115197375383,-44.2966156289438,40810221.7229391,BEAM0000,40810221.7229391,19640000100025401,BEAM0000
-80.1880388989852,-44.2421432461163,40810223.4006421,BEAM0000,40810223.4006421,19640000100025601,BEAM0000
-80.0666459378649,-44.1881819121214,40810225.0535532,BEAM0000,40810225.0535532,19640000100025801,BEAM0000
-79.9453862264758,-44.1342300437922,40810226.7064087,BEAM0000,40810226.7064087,19640000100026001,BEAM0000
-79.8244840325576,-44.0803374581798,40810228.3593198,BEAM0000,40810228.3593198,19640000100026201,BEAM0000
-79.7030921891182,-44.0256967470713,40810230.0204949,BEAM0000,40810230.0204949,19640000100026401,BEAM0000
-79.5821996530168,-43.9711925563474,40810231.6816144,BEAM0000,40810231.6816144,19640000100026601,BEAM0000
-79.4614278947925,-43.916441481759,40810233.3427895,BEAM0000,40810233.3427895,19640000100026801,BEAM0000
-79.3396674703559,-43.8608451320017,40810235.0204926,BEAM0000,40810235.0204926,19640000100027001,BEAM0000
-79.2199187133496,-43.8062712253117,40810236.6733482,BEAM0000,40810236.6733482,19640000100027201,BEAM0000
-79.1003114756524,-43.7514185570877,40810238.3262592,BEAM0000,40810238.3262592,19640000100027401,BEAM0000
-78.9811086211022,-43.6962913641346,40810239.9791703,BEAM0000,40810239.9791703,19640000100027601,BEAM0000
-78.8620355722625,-43.6410285317825,40810241.6320259,BEAM0000,40810241.6320259,19640000100027801,BEAM0000
-78.7426865971912,-43.5854105329373,40810243.293201,BEAM0000,40810243.293201,19640000100028001,BEAM0000
-78.6226797811577,-43.5290501861441,40810244.96264,BEAM0000,40810244.96264,19640000100028201,BEAM0000
-78.5037378798765,-43.4733426811136,40810246.6237596,BEAM0000,40810246.6237596,19640000100028401,BEAM0000
-78.3849486126186,-43.4171545274534,40810248.2849346,BEAM0000,40810248.2849346,19640000100028601,BEAM0000
-78.2669923589344,-43.3612984335183,40810249.9378402,BEAM0000,40810249.9378402,19640000100028801,BEAM0000
-78.1491544836095,-43.3051853890103,40810251.5907013,BEAM0000,40810251.5907013,19640000100029001,BEAM0000
-78.0315694789754,-43.2490211346749,40810253.2436124,BEAM0000,40810253.2436124,19640000100029201,BEAM0000
-77.9143163962557,-43.1926585914751,40810254.8965079,BEAM0000,40810254.8965079,19640000100029401,BEAM0000
-77.7968512689271,-43.1360618020856,40810256.557643,BEAM0000,40810256.557643,19640000100029601,BEAM0000
-77.6793145663644,-43.0790608904913,40810258.218818,BEAM0000,40810258.218818,19640000100029801,BEAM0000
-77.56298133813,-43.0223797417898,40810259.8717076,BEAM0000,40810259.8717076,19640000100030001,BEAM0000
-77.4465334856518,-42.9654406110746,40810261.5245847,BEAM0000,40810261.5245847,19640000100030201,BEAM0000
-77.3298374336849,-42.9081062552841,40810263.1857598,BEAM0000,40810263.1857598,19640000100030401,BEAM0000
-77.2140851246712,-42.8510079175348,40810264.8386413,BEAM0000,40810264.8386413,19640000100030601,BEAM0000
-77.0972023296543,-42.7931404875989,40810266.5080544,BEAM0000,40810266.5080544,19640000100030801,BEAM0000
-76.9819005047577,-42.7359545878877,40810268.1609654,BEAM0000,40810268.1609654,19640000100031001,BEAM0000
-76.8667092184452,-42.6783437100412,40810269.813841,BEAM0000,40810269.813841,19640000100031201,BEAM0000
-76.751167151022,-42.620409463975,40810271.4749961,BEAM0000,40810271.4749961,19640000100031401,BEAM0000
-76.6363890411503,-42.5626938950313,40810273.1279072,BEAM0000,40810273.1279072,19640000100031601,BEAM0000
-76.5215050990021,-42.5043730843824,40810274.7890408,BEAM0000,40810274.7890408,19640000100031801,BEAM0000
-76.4059871360428,-42.4455951371316,40810276.4584658,BEAM0000,40810276.4584658,19640000100032001,BEAM0000
-76.2920154761761,-42.3876546135759,40810278.1113769,BEAM0000,40810278.1113769,19640000100032201,BEAM0000
-76.1780792197735,-42.3294135229725,40810279.7642404,BEAM0000,40810279.7642404,19640000100032401,BEAM0000
-76.0632557909115,-42.2704614617033,40810281.4336715,BEAM0000,40810281.4336715,19640000100032601,BEAM0000
-75.949980816581,-42.2118257513611,40810283.0865826,BEAM0000,40810283.0865826,19640000100032801,BEAM0000
-75.836211583891,-42.1528359797436,40810284.7477061,BEAM0000,40810284.7477061,19640000100033001,BEAM0000
-75.7214816947475,-42.0930359228408,40810286.4254052,BEAM0000,40810286.4254052,19640000100033201,BEAM0000
-75.6082852708183,-42.0337222642861,40810288.0865803,BEAM0000,40810288.0865803,19640000100033401,BEAM0000
-75.49363505639,-41.9736100259925,40810289.7725018,BEAM0000,40810289.7725018,19640000100033601,BEAM0000
-75.3807244074872,-41.9141221625098,40810291.433667,BEAM0000,40810291.433667,19640000100033801,BEAM0000
-75.2686943165507,-41.8549413488682,40810293.086578,BEAM0000,40810293.086578,19640000100034001,BEAM0000
-75.1557495581747,-41.7947588327885,40810294.7559676,BEAM0000,40810294.7559676,19640000100034201,BEAM0000
-75.043626867146,-41.7350179961477,40810296.4171366,BEAM0000,40810296.4171366,19640000100034401,BEAM0000
-74.9321686189807,-41.6753482702746,40810298.0700478,BEAM0000,40810298.0700478,19640000100034601,BEAM0000
-74.8204763605961,-41.6150611382829,40810299.7311673,BEAM0000,40810299.7311673,19640000100034801,BEAM0000
-74.7089944966283,-41.5547917921518,40810301.3923423,BEAM0000,40810301.3923423,19640000100035001,BEAM0000
-74.5978282140026,-41.4945818982622,40810303.0535175,BEAM0000,40810303.0535175,19640000100035201,BEAM0000
-74.4865975351282,-41.4340099745049,40810304.714637,BEAM0000,40810304.714637,19640000100035401,BEAM0000
-74.3752028821493,-41.3732140002284,40810306.3840761,BEAM0000,40810306.3840761,19640000100035601,BEAM0000
-74.2634928796716,-41.3118276193283,40810308.0617791,BEAM0000,40810308.0617791,19640000100035801,BEAM0000
-74.1531275363347,-41.2509283902466,40810309.7228987,BEAM0000,40810309.7228987,19640000100036001,BEAM0000
-74.042993445631,-41.1899795335049,40810311.3840737,BEAM0000,40810311.3840737,19640000100036201,BEAM0000
-73.9329075902267,-41.1289621355586,40810313.0452488,BEAM0000,40810313.0452488,19640000100036401,BEAM0000
-73.8232539517973,-41.0678968693102,40810314.7063684,BEAM0000,40810314.7063684,19640000100036601,BEAM0000
-73.7131772548127,-41.0062869372434,40810316.3758075,BEAM0000,40810316.3758075,19640000100036801,BEAM0000
-73.6047458023572,-40.9454358492049,40810318.0287186,BEAM0000,40810318.0287186,19640000100037001,BEAM0000
-73.4956143026127,-40.8838539201171,40810319.6898381,BEAM0000,40810319.6898381,19640000100037201,BEAM0000
-73.385868220885,-40.8215938176015,40810321.3592772,BEAM0000,40810321.3592772,19640000100037401,BEAM0000
-73.2771613518972,-40.7597355247258,40810323.0204523,BEAM0000,40810323.0204523,19640000100037601,BEAM0000
-73.1692489897413,-40.6981782532927,40810324.6733078,BEAM0000,40810324.6733078,19640000100037801,BEAM0000
-73.0609550945314,-40.6361986501681,40810326.3344829,BEAM0000,40810326.3344829,19640000100038001,BEAM0000
-72.9536329786741,-40.5744676323183,40810327.987394,BEAM0000,40810327.987394,19640000100038201,BEAM0000
-72.8452825998883,-40.5119184832874,40810329.6567776,BEAM0000,40810329.6567776,19640000100038401,BEAM0000
-72.7381120756804,-40.4500003606376,40810331.3096886,BEAM0000,40810331.3096886,19640000100038601,BEAM0000
-72.6306776339074,-40.3875308304385,40810332.9708637,BEAM0000,40810332.9708637,19640000100038801,BEAM0000
-72.5240431313611,-40.3252922991138,40810334.6237193,BEAM0000,40810334.6237193,19640000100039001,BEAM0000
-72.417068164432,-40.2625837868876,40810336.2848943,BEAM0000,40810336.2848943,19640000100039201,BEAM0000
-72.3108555948819,-40.2000443863742,40810337.9377998,BEAM0000,40810337.9377998,19640000100039401,BEAM0000
-72.2042103367718,-40.1370833437885,40810339.598925,BEAM0000,40810339.598925,19640000100039601,BEAM0000
-72.0979692300312,-40.0740307793,40810341.2601,BEAM0000,40810341.2601,19640000100039801,BEAM0000
-71.9917604322653,-40.0108696139286,40810342.9212656,BEAM0000,40810342.9212656,19640000100040001,BEAM0000
-71.8852458471389,-39.9473390523602,40810344.5906587,BEAM0000,40810344.5906587,19640000100040201,BEAM0000
-71.7795497774128,-39.8839529981338,40810346.2518338,BEAM0000,40810346.2518338,19640000100040401,BEAM0000
-71.6744766816034,-39.8208685191105,40810347.9047313,BEAM0000,40810347.9047313,19640000100040601,BEAM0000
-71.5677329751187,-39.756256465006,40810349.5906564,BEAM0000,40810349.5906564,19640000100040801,BEAM0000
-71.4631947979721,-39.6930601423373,40810351.2435675,BEAM0000,40810351.2435675,19640000100041001,BEAM0000
-71.357682344601,-39.6287420418793,40810352.912995,BEAM0000,40810352.912995,19640000100041201,BEAM0000
-71.2530168798588,-39.5650208968203,40810354.5741261,BEAM0000,40810354.5741261,19640000100041401,BEAM0000
-71.1484750249714,-39.5009614323121,40810356.2353012,BEAM0000,40810356.2353012,19640000100041601,BEAM0000
-71.0448453865933,-39.4371507243679,40810357.8881947,BEAM0000,40810357.8881947,19640000100041801,BEAM0000
-70.9406712481631,-39.3728179818549,40810359.5493318,BEAM0000,40810359.5493318,19640000100042001,BEAM0000
-70.8361948259326,-39.3083492456889,40810361.2187709,BEAM0000,40810361.2187709,19640000100042201,BEAM0000
-70.7320220581267,-39.2436817664351,40810362.8881925,BEAM0000,40810362.8881925,19640000100042401,BEAM0000
-70.6290180153725,-39.1793831172786,40810364.5410655,BEAM0000,40810364.5410655,19640000100042601,BEAM0000
-70.5263223735192,-39.1150154736561,40810366.1939766,BEAM0000,40810366.1939766,19640000100042801,BEAM0000
-70.4230877278764,-39.0501859450899,40810367.8551262,BEAM0000,40810367.8551262,19640000100043001,BEAM0000
-70.3207864002781,-38.985664840529,40810369.5080072,BEAM0000,40810369.5080072,19640000100043201,BEAM0000
-70.218516436256,-38.92095096714,40810371.1609183,BEAM0000,40810371.1609183,19640000100043401,BEAM0000
-70.1144542393936,-38.8550132296294,40810372.8468579,BEAM0000,40810372.8468579,19640000100043601,BEAM0000
-70.0121148137536,-38.7897669683834,40810374.508005,BEAM0000,40810374.508005,19640000100043801,BEAM0000
-69.9099752434248,-38.7245885550298,40810376.1691801,BEAM0000,40810376.1691801,19640000100044001,BEAM0000
-69.8081776396187,-38.659131665445,40810377.8303236,BEAM0000,40810377.8303236,19640000100044201,BEAM0000
-69.7069305159469,-38.593929174244,40810379.4832107,BEAM0000,40810379.4832107,19640000100044401,BEAM0000
-69.6058632584916,-38.528805464309,40810381.1361217,BEAM0000,40810381.1361217,19640000100044601,BEAM0000
-69.5051718442061,-38.4632257484219,40810382.7889913,BEAM0000,40810382.7889913,19640000100044801,BEAM0000
-69.4031397612113,-38.3968616741147,40810384.4666803,BEAM0000,40810384.4666803,19640000100045001,BEAM0000
-69.3025937345479,-38.3313473883405,40810386.1195915,BEAM0000,40810386.1195915,19640000100045201,BEAM0000
-69.2009724285874,-38.2646375500346,40810387.797255,BEAM0000,40810387.797255,19640000100045401,BEAM0000
-69.0994227117625,-38.1978248978137,40810389.4749421,BEAM0000,40810389.4749421,19640000100045601,BEAM0000
-68.998648268995,-38.1312854085261,40810391.1443812,BEAM0000,40810391.1443812,19640000100045801,BEAM0000
-68.898977684011,-38.0652972267832,40810392.7972527,BEAM0000,40810392.7972527,19640000100046001,BEAM0000
-68.7986000923422,-37.9985050533155,40810394.4666758,BEAM0000,40810394.4666758,19640000100046201,BEAM0000
-68.6993784515214,-37.9323744680683,40810396.1195869,BEAM0000,40810396.1195869,19640000100046401,BEAM0000
-68.6003909820224,-37.8661000797316,40810397.7724524,BEAM0000,40810397.7724524,19640000100046601,BEAM0000
-68.5005521217642,-37.7990736367693,40810399.4418815,BEAM0000,40810399.4418815,19640000100046801,BEAM0000
-68.4007938911565,-37.7320132487154,40810401.1113206,BEAM0000,40810401.1113206,19640000100047001,BEAM0000
-68.3023940442419,-37.6653851891745,40810402.7641841,BEAM0000,40810402.7641841,19640000100047201,BEAM0000
-68.2040615425011,-37.5987907711155,40810404.4170872,BEAM0000,40810404.4170872,19640000100047401,BEAM0000
-68.1048900199758,-37.5314520785341,40810406.0865263,BEAM0000,40810406.0865263,19640000100047601,BEAM0000
-68.0070654919394,-37.4646353004883,40810407.7393839,BEAM0000,40810407.7393839,19640000100047801,BEAM0000
-67.9087862330234,-37.3974002275762,40810409.400557,BEAM0000,40810409.400557,19640000100048001,BEAM0000
-67.8107917059668,-37.330025226666,40810411.061732,BEAM0000,40810411.061732,19640000100048201,BEAM0000
-67.7124541549276,-37.2621783042659,40810412.7311156,BEAM0000,40810412.7311156,19640000100048401,BEAM0000
-67.6142788003784,-37.1943794810594,40810414.4005547,BEAM0000,40810414.4005547,19640000100048601,BEAM0000
-67.5168129126093,-37.1267010044944,40810416.0617298,BEAM0000,40810416.0617298,19640000100048801,BEAM0000
-67.420035308192,-37.0592615815139,40810417.7145853,BEAM0000,40810417.7145853,19640000100049001,BEAM0000
-67.3228415704027,-36.9914736848201,40810419.3757604,BEAM0000,40810419.3757604,19640000100049201,BEAM0000
-67.2258337951449,-36.9236054352223,40810421.0369355,BEAM0000,40810421.0369355,19640000100049401,BEAM0000
-67.1295117727787,-36.8559917648386,40810422.689791,BEAM0000,40810422.689791,19640000100049601,BEAM0000
-67.0334654311268,-36.7881437180408,40810424.3427021,BEAM0000,40810424.3427021,19640000100049801,BEAM0000
-66.9370938274028,-36.7200073106031,40810426.0038772,BEAM0000,40810426.0038772,19640000100050001,BEAM0000
-66.8408438952087,-36.6517446376871,40810427.6649967,BEAM0000,40810427.6649967,19640000100050201,BEAM0000
-66.7449501974035,-36.5833630096962,40810429.3261718,BEAM0000,40810429.3261718,19640000100050401,BEAM0000
-66.6496054832838,-36.5151270234749,40810430.9790829,BEAM0000,40810430.9790829,19640000100050601,BEAM0000
-66.5533869113546,-36.4463231011467,40810432.6484665,BEAM0000,40810432.6484665,19640000100050801,BEAM0000
-66.458318481532,-36.3780485211694,40810434.3013776,BEAM0000,40810434.3013776,19640000100051001,BEAM0000
-66.3634612340476,-36.3097603870835,40810435.9542871,BEAM0000,40810435.9542871,19640000100051201,BEAM0000
-66.268334958814,-36.2408779922274,40810437.6154082,BEAM0000,40810437.6154082,19640000100051401,BEAM0000
-66.1738821786801,-36.1722699687028,40810439.2683193,BEAM0000,40810439.2683193,19640000100051601,BEAM0000
-66.0791758311895,-36.1033000536207,40810440.9294868,BEAM0000,40810440.9294868,19640000100051801,BEAM0000
-65.9845212114469,-36.0342448148808,40810442.5906139,BEAM0000,40810442.5906139,19640000100052001,BEAM0000
-65.8901780469427,-35.9651216884976,40810444.251789,BEAM0000,40810444.251789,19640000100052201,BEAM0000
-65.7963434592477,-35.8962351194916,40810445.9046865,BEAM0000,40810445.9046865,19640000100052401,BEAM0000
-65.7028731517853,-35.8272412689525,40810447.5575556,BEAM0000,40810447.5575556,19640000100052601,BEAM0000
-65.6088459930255,-35.7578322949856,40810449.2187307,BEAM0000,40810449.2187307,19640000100052801,BEAM0000
-65.5156806357713,-35.6886329590502,40810450.8716202,BEAM0000,40810450.8716202,19640000100053001,BEAM0000
-65.4221896568604,-35.619036927334,40810452.5327614,BEAM0000,40810452.5327614,19640000100053201,BEAM0000
-65.3292596328804,-35.5497392846686,40810454.1856724,BEAM0000,40810454.1856724,19640000100053401,BEAM0000
-65.2355948163757,-35.4796050018122,40810455.855086,BEAM0000,40810455.855086,19640000100053601,BEAM0000
-65.142535177367,-35.4097684156336,40810457.516231,BEAM0000,40810457.516231,19640000100053801,BEAM0000
-65.0492282669929,-35.3395275730794,40810459.1856702,BEAM0000,40810459.1856702,19640000100054001,BEAM0000
-64.9570313362723,-35.2697847674079,40810460.8385517,BEAM0000,40810460.8385517,19640000100054201,BEAM0000
-64.8646019241487,-35.199611012139,40810462.4997008,BEAM0000,40810462.4997008,19640000100054401,BEAM0000
-64.7720689709988,-35.129573136299,40810464.1608758,BEAM0000,40810464.1608758,19640000100054601,BEAM0000
-64.680379514192,-35.0597795522296,40810465.8137515,BEAM0000,40810465.8137515,19640000100054801,BEAM0000
-64.588934106489,-34.9897608734132,40810467.4666425,BEAM0000,40810467.4666425,19640000100055001,BEAM0000
-64.4976886033687,-34.9197170922327,40810469.1195536,BEAM0000,40810469.1195536,19640000100055201,BEAM0000
-64.4060473318128,-34.8493357348229,40810470.7806852,BEAM0000,40810470.7806852,19640000100055401,BEAM0000
-64.3152292729798,-34.7790272591207,40810472.4335843,BEAM0000,40810472.4335843,19640000100055601,BEAM0000
-64.223911307037,-34.7083858045788,40810474.0947594,BEAM0000,40810474.0947594,19640000100055801,BEAM0000
-64.1329984320183,-34.638210782909,40810475.7476189,BEAM0000,40810475.7476189,19640000100056001,BEAM0000
-64.0420139881232,-34.5674173536903,40810477.4087899,BEAM0000,40810477.4087899,19640000100056201,BEAM0000
-63.9512362393842,-34.4964826598025,40810479.069965,BEAM0000,40810479.069965,19640000100056401,BEAM0000
-63.860619059044,-34.4255220306586,40810480.7310846,BEAM0000,40810480.7310846,19640000100056601,BEAM0000
-63.7692958433996,-34.3537434768276,40810482.4087877,BEAM0000,40810482.4087877,19640000100056801,BEAM0000
-63.6793087551916,-34.2830228307885,40810484.0616988,BEAM0000,40810484.0616988,19640000100057001,BEAM0000
-63.5891314652357,-34.2117877743461,40810485.7228183,BEAM0000,40810485.7228183,19640000100057201,BEAM0000
-63.4991965944935,-34.1404474048709,40810487.3839934,BEAM0000,40810487.3839934,19640000100057401,BEAM0000
-63.4097577600175,-34.0694663942532,40810489.0369045,BEAM0000,40810489.0369045,19640000100057601,BEAM0000
-63.3204505952756,-33.9984031043598,40810490.68976,BEAM0000,40810490.68976,19640000100057801,BEAM0000
-63.2313842742697,-33.9272114742736,40810492.3426711,BEAM0000,40810492.3426711,19640000100058001,BEAM0000
-63.1424195661763,-33.8560227807308,40810493.9955823,BEAM0000,40810493.9955823,19640000100058201,BEAM0000
-63.0530833688026,-33.7843753784333,40810495.6567018,BEAM0000,40810495.6567018,19640000100058401,BEAM0000
-62.9640435255818,-33.7125853331622,40810497.3178769,BEAM0000,40810497.3178769,19640000100058601,BEAM0000
-62.8752729425992,-33.6406326643975,40810498.979052,BEAM0000,40810498.979052,19640000100058801,BEAM0000
-62.7859884480875,-33.5684643194866,40810500.6484355,BEAM0000,40810500.6484355,19640000100059001,BEAM0000
-62.697339467118,-33.4965217340781,40810502.3096106,BEAM0000,40810502.3096106,19640000100059201,BEAM0000
-62.6092796890693,-33.4248533351239,40810503.9625217,BEAM0000,40810503.9625217,19640000100059401,BEAM0000
-62.5211084338658,-33.3531520528437,40810505.6236412,BEAM0000,40810505.6236412,19640000100059601,BEAM0000
-62.4319663351967,-33.2798711428443,40810507.3013443,BEAM0000,40810507.3013443,19640000100059801,BEAM0000
-62.3440527640211,-33.2076282992873,40810508.9625194,BEAM0000,40810508.9625194,19640000100060001,BEAM0000
-62.256627730412,-33.1356691863878,40810510.6153749,BEAM0000,40810510.6153749,19640000100060201,BEAM0000
-62.1689871700165,-33.0632126852419,40810512.27655,BEAM0000,40810512.27655,19640000100060401,BEAM0000
-62.0819316644096,-32.9910650380596,40810513.9294536,BEAM0000,40810513.9294536,19640000100060601,BEAM0000
-61.9945289606111,-32.918563009836,40810515.5905807,BEAM0000,40810515.5905807,19640000100060801,BEAM0000
-61.9068080757569,-32.8456211387578,40810517.2600197,BEAM0000,40810517.2600197,19640000100061001,BEAM0000
-61.819738001458,-32.7728617900533,40810518.9211853,BEAM0000,40810518.9211853,19640000100061201,BEAM0000
-61.7328259871082,-32.7001421315665,40810520.5823144,BEAM0000,40810520.5823144,19640000100061401,BEAM0000
-61.6457443343099,-32.6267820254005,40810522.2517535,BEAM0000,40810522.2517535,19640000100061601,BEAM0000
-61.5586410865179,-32.5535788748521,40810523.921183,BEAM0000,40810523.921183,19640000100061801,BEAM0000
-61.4711990298928,-32.479864512155,40810525.5988401,BEAM0000,40810525.5988401,19640000100062001,BEAM0000
-61.3849495112825,-32.4067932525187,40810527.2600152,BEAM0000,40810527.2600152,19640000100062201,BEAM0000
-61.2992216174276,-32.3339820757846,40810528.9129148,BEAM0000,40810528.9129148,19640000100062401,BEAM0000
-61.2132091304815,-32.2607282900559,40810530.5740459,BEAM0000,40810530.5740459,19640000100062601,BEAM0000
-61.1278608306767,-32.1877456997591,40810532.2269569,BEAM0000,40810532.2269569,19640000100062801,BEAM0000
-61.0421087642133,-32.1143885653261,40810533.8881145,BEAM0000,40810533.8881145,19640000100063001,BEAM0000
-60.9565288821058,-32.0409723188001,40810535.5492516,BEAM0000,40810535.5492516,19640000100063201,BEAM0000
-60.8711074711468,-31.9674495358077,40810537.2104266,BEAM0000,40810537.2104266,19640000100063401,BEAM0000
-60.7861729274533,-31.8942724213237,40810538.8633142,BEAM0000,40810538.8633142,19640000100063601,BEAM0000
-60.7006391526922,-31.820225529906,40810540.5327213,BEAM0000,40810540.5327213,19640000100063801,BEAM0000
-60.6160137277971,-31.7469281570611,40810542.1856324,BEAM0000,40810542.1856324,19640000100064001,BEAM0000
-60.5312301591907,-31.6730418970171,40810543.84678,BEAM0000,40810543.84678,19640000100064201,BEAM0000
-60.4465728629044,-31.599252629325,40810545.507927,BEAM0000,40810545.507927,19640000100064401,BEAM0000
-60.3615236749376,-31.5249987759202,40810547.1773661,BEAM0000,40810547.1773661,19640000100064601,BEAM0000
-60.2766834639309,-31.450614430603,40810548.8467777,BEAM0000,40810548.8467777,19640000100064801,BEAM0000
-60.1919945491442,-31.3761336827236,40810550.5161887,BEAM0000,40810550.5161887,19640000100065001,BEAM0000
-60.108255772603,-31.3024200115041,40810552.1690999,BEAM0000,40810552.1690999,19640000100065201,BEAM0000
-60.0237101207642,-31.2278949146903,40810553.8385094,BEAM0000,40810553.8385094,19640000100065401,BEAM0000
-59.9404199241967,-31.1539907249061,40810555.4913945,BEAM0000,40810555.4913945,19640000100065601,BEAM0000
-59.8572417345875,-31.0800436664834,40810557.1443056,BEAM0000,40810557.1443056,19640000100065801,BEAM0000
-59.7740939414193,-31.0060578138927,40810558.7971771,BEAM0000,40810558.7971771,19640000100066001,BEAM0000
-59.6912329007343,-30.9320409938025,40810560.4500722,BEAM0000,40810560.4500722,19640000100066201,BEAM0000
-59.608356514661,-30.8579729587985,40810562.1029833,BEAM0000,40810562.1029833,19640000100066401,BEAM0000
-59.5252266478525,-30.7834698054128,40810563.7641109,BEAM0000,40810563.7641109,19640000100066601,BEAM0000
-59.4417518052874,-30.7084514877882,40810565.433542,BEAM0000,40810565.433542,19640000100066801,BEAM0000
-59.3592453452747,-30.6341254291934,40810567.086453,BEAM0000,40810567.086453,19640000100067001,BEAM0000
-59.2770215502757,-30.5596820158197,40810568.7393106,BEAM0000,40810568.7393106,19640000100067201,BEAM0000
-59.1942112634439,-30.4844534838364,40810570.4087477,BEAM0000,40810570.4087477,19640000100067401,BEAM0000
-59.1122259359747,-30.4099621041577,40810572.0616588,BEAM0000,40810572.0616588,19640000100067601,BEAM0000
-59.0298962161691,-30.335072424869,40810573.7227783,BEAM0000,40810573.7227783,19640000100067801,BEAM0000
-58.9479720699973,-30.2605712322832,40810575.3756894,BEAM0000,40810575.3756894,19640000100068001,BEAM0000
-58.8659401570995,-30.1854868191542,40810577.0368645,BEAM0000,40810577.0368645,19640000100068201,BEAM0000
-58.784066749554,-30.1103743842091,40810578.697984,BEAM0000,40810578.697984,19640000100068401,BEAM0000
-58.7022844480396,-30.0352397398064,40810580.3591591,BEAM0000,40810580.3591591,19640000100068601,BEAM0000
-58.620706914556,-29.9599336292851,40810582.0203343,BEAM0000,40810582.0203343,19640000100068801,BEAM0000
-58.5396212156992,-29.8850608290307,40810583.6731898,BEAM0000,40810583.6731898,19640000100069001,BEAM0000
-58.4578260006012,-29.8093285631428,40810585.3426289,BEAM0000,40810585.3426289,19640000100069201,BEAM0000
-58.3765182093454,-29.7340020674298,40810587.003804,BEAM0000,40810587.003804,19640000100069401,BEAM0000
-58.2949285543061,-29.6582184906911,40810588.6731875,BEAM0000,40810588.6731875,19640000100069601,BEAM0000
-58.2140530376509,-29.5824935714091,40810590.3343626,BEAM0000,40810590.3343626,19640000100069801,BEAM0000
-58.1337781090519,-29.5072555013828,40810591.9872737,BEAM0000,40810591.9872737,19640000100070001,BEAM0000
-58.0525916212905,-29.4313125203519,40810593.6566573,BEAM0000,40810593.6566573,19640000100070201,BEAM0000
-57.97114394151,-29.3549150246987,40810595.3343603,BEAM0000,40810595.3343603,19640000100070401,BEAM0000
-57.8902289061003,-29.2788067199022,40810597.0037994,BEAM0000,40810597.0037994,19640000100070601,BEAM0000
-57.8102323447693,-29.2034339815604,40810598.6566549,BEAM0000,40810598.6566549,19640000100070801,BEAM0000
-57.7300143554118,-29.1275466218959,40810600.31783,BEAM0000,40810600.31783,19640000100071001,BEAM0000
-57.6499574913445,-29.0516025194414,40810601.9790051,BEAM0000,40810601.9790051,19640000100071201,BEAM0000
-57.5701440325761,-28.9755601000437,40810603.6401247,BEAM0000,40810603.6401247,19640000100071401,BEAM0000
-57.4903375047009,-28.8994170577519,40810605.3012997,BEAM0000,40810605.3012997,19640000100071601,BEAM0000
-57.4102723677877,-28.8229984775738,40810606.9707389,BEAM0000,40810606.9707389,19640000100071801,BEAM0000
-57.330922589699,-28.7472885637629,40810608.6235944,BEAM0000,40810608.6235944,19640000100072001,BEAM0000
-57.2517542471849,-28.6714844450704,40810610.2765056,BEAM0000,40810610.2765056,19640000100072201,BEAM0000
-57.1728869077053,-28.5955907903777,40810611.9294091,BEAM0000,40810611.9294091,19640000100072401,BEAM0000
-57.0938021059825,-28.5191560413674,40810613.5905361,BEAM0000,40810613.5905361,19640000100072601,BEAM0000
-57.0151155905757,-28.4432044124033,40810615.2434473,BEAM0000,40810615.2434473,19640000100072801,BEAM0000
-56.9360811971129,-28.3668139752934,40810616.9046087,BEAM0000,40810616.9046087,19640000100073001,BEAM0000
-56.8572403400835,-28.2904373545118,40810618.5657419,BEAM0000,40810618.5657419,19640000100073201,BEAM0000
-56.7786886809065,-28.2139284578115,40810620.2269169,BEAM0000,40810620.2269169,19640000100073401,BEAM0000
-56.7005689182401,-28.1378824575436,40810621.8798086,BEAM0000,40810621.8798086,19640000100073601,BEAM0000
-56.6221050445713,-28.0612378058975,40810623.5409476,BEAM0000,40810623.5409476,19640000100073801,BEAM0000
-56.5433704385326,-27.9841569057355,40810625.2103867,BEAM0000,40810625.2103867,19640000100074001,BEAM0000
-56.465093253197,-27.9075005948351,40810626.8715402,BEAM0000,40810626.8715402,19640000100074201,BEAM0000
-56.3873320550862,-27.8310693146703,40810628.5244173,BEAM0000,40810628.5244173,19640000100074401,BEAM0000
-56.3089194245548,-27.7538944208717,40810630.1938564,BEAM0000,40810630.1938564,19640000100074601,BEAM0000
-56.231003346916,-27.6770025686254,40810631.855006,BEAM0000,40810631.855006,19640000100074801,BEAM0000
-56.15301521563,-27.5995207751496,40810633.5244151,BEAM0000,40810633.5244151,19640000100075001,BEAM0000
-56.0753974313339,-27.5224943273236,40810635.1855902,BEAM0000,40810635.1855902,19640000100075201,BEAM0000
-55.9978599585011,-27.4454025308309,40810636.8467377,BEAM0000,40810636.8467377,19640000100075401,BEAM0000
-55.9204404123933,-27.3682712197298,40810638.5078848,BEAM0000,40810638.5078848,19640000100075601,BEAM0000
-55.8435803338002,-27.2914521611772,40810640.1607959,BEAM0000,40810640.1607959,19640000100075801,BEAM0000
-55.7663031906512,-27.214270884916,40810641.8219374,BEAM0000,40810641.8219374,19640000100076001,BEAM0000
-55.6892111259429,-27.1369404575091,40810643.4830906,BEAM0000,40810643.4830906,19640000100076201,BEAM0000
-55.6124258278924,-27.0595259296439,40810645.1442656,BEAM0000,40810645.1442656,19640000100076401,BEAM0000
-55.5356444340173,-26.9820748802624,40810646.8054032,BEAM0000,40810646.8054032,19640000100076601,BEAM0000
-55.4593322113395,-26.9049726012017,40810648.4582962,BEAM0000,40810648.4582962,19640000100076801,BEAM0000
-55.3827000372739,-26.8275274073122,40810650.1194713,BEAM0000,40810650.1194713,19640000100077001,BEAM0000
-55.3061837836833,-26.749985313726,40810651.7806029,BEAM0000,40810651.7806029,19640000100077201,BEAM0000
-55.2301565286782,-26.6727604612594,40810653.433502,BEAM0000,40810653.433502,19640000100077401,BEAM0000
-55.1543259505882,-26.5954991679033,40810655.0864131,BEAM0000,40810655.0864131,19640000100077601,BEAM0000
-55.0778077931047,-26.5173406617467,40810656.7558026,BEAM0000,40810656.7558026,19640000100077801,BEAM0000
-55.0014096420735,-26.4391899554506,40810658.4252358,BEAM0000,40810658.4252358,19640000100078001,BEAM0000
-54.9256036609878,-26.3613178588649,40810660.0864108,BEAM0000,40810660.0864108,19640000100078201,BEAM0000
-54.850090226573,-26.2839494522754,40810661.7392683,BEAM0000,40810661.7392683,19640000100078401,BEAM0000
-54.7743222067986,-26.2060230846894,40810663.4004414,BEAM0000,40810663.4004414,19640000100078601,BEAM0000
-54.6989391041968,-26.1285570979906,40810665.0533525,BEAM0000,40810665.0533525,19640000100078801,BEAM0000
-54.6238562628399,-26.0509477120634,40810666.7062081,BEAM0000,40810666.7062081,19640000100079001,BEAM0000
-54.5477032173204,-25.9720567774666,40810668.3839111,BEAM0000,40810668.3839111,19640000100079201,BEAM0000
-54.4728150618361,-25.8943473328266,40810670.0368223,BEAM0000,40810670.0368223,19640000100079401,BEAM0000
-54.3980927958409,-25.8165728846767,40810671.6896778,BEAM0000,40810671.6896778,19640000100079601,BEAM0000
-54.3233527417124,-25.7387859245578,40810673.342589,BEAM0000,40810673.342589,19640000100079801,BEAM0000
-54.2480837419637,-25.6600981252426,40810675.012028,BEAM0000,40810675.012028,19640000100080001,BEAM0000
-54.1732077641579,-25.5819056973475,40810676.6731475,BEAM0000,40810676.6731475,19640000100080201,BEAM0000
-54.0983618800475,-25.5036284479292,40810678.3343227,BEAM0000,40810678.3343227,19640000100080401,BEAM0000
-54.0236134688063,-25.425256164321,40810679.9954977,BEAM0000,40810679.9954977,19640000100080601,BEAM0000
-53.9487657938121,-25.3464376027002,40810681.6648813,BEAM0000,40810681.6648813,19640000100080801,BEAM0000
-53.8747911618225,-25.2683220818353,40810683.3177923,BEAM0000,40810683.3177923,19640000100081001,BEAM0000
-53.8004527802253,-25.1897840246983,40810684.9789675,BEAM0000,40810684.9789675,19640000100081201,BEAM0000
-53.7253950302562,-25.1105359451582,40810686.656615,BEAM0000,40810686.656615,19640000100081401,BEAM0000
-53.6505144326344,-25.0312300597655,40810688.3343181,BEAM0000,40810688.3343181,19640000100081601,BEAM0000
-53.5768519074419,-24.9529312219577,40810689.9872292,BEAM0000,40810689.9872292,19640000100081801,BEAM0000
-53.5026991582553,-24.8737412115231,40810691.6566127,BEAM0000,40810691.6566127,19640000100082001,BEAM0000
-53.4289026089223,-24.7949666550109,40810693.3177878,BEAM0000,40810693.3177878,19640000100082201,BEAM0000
-53.3547599460642,-24.7157809742925,40810694.9872269,BEAM0000,40810694.9872269,19640000100082401,BEAM0000
-53.2803783684864,-24.6361774823516,40810696.6648745,BEAM0000,40810696.6648745,19640000100082601,BEAM0000
-53.206480349863,-24.5568768160812,40810698.3343136,BEAM0000,40810698.3343136,19640000100082801,BEAM0000
-53.1335911253758,-24.4782454561554,40810699.9872247,BEAM0000,40810699.9872247,19640000100083001,BEAM0000
-53.0604046318962,-24.399136016255,40810701.6483443,BEAM0000,40810701.6483443,19640000100083201,BEAM0000
-52.9871572484186,-24.3201088591933,40810703.3095193,BEAM0000,40810703.3095193,19640000100083401,BEAM0000
-52.9136320925023,-24.2407091523604,40810704.9789584,BEAM0000,40810704.9789584,19640000100083601,BEAM0000
-52.8409353799114,-24.1620234760406,40810706.6318139,BEAM0000,40810706.6318139,19640000100083801,BEAM0000
-52.7680305164467,-24.082887191367,40810708.292989,BEAM0000,40810708.292989,19640000100084001,BEAM0000
-52.69571509134,-24.0040154503021,40810709.9458965,BEAM0000,40810709.9458965,19640000100084201,BEAM0000
-52.6226410199507,-23.9244469001367,40810711.6152837,BEAM0000,40810711.6152837,19640000100084401,BEAM0000
-52.5496938952049,-23.8447209179505,40810713.2847228,BEAM0000,40810713.2847228,19640000100084601,BEAM0000
-52.477180770822,-23.7654319848547,40810714.9458943,BEAM0000,40810714.9458943,19640000100084801,BEAM0000
-52.4046273312977,-23.6861093510311,40810716.6070174,BEAM0000,40810716.6070174,19640000100085001,BEAM0000
-52.3325901569761,-23.6071207739358,40810718.2599285,BEAM0000,40810718.2599285,19640000100085201,BEAM0000
-52.2600211955216,-23.5272418475946,40810719.92936,BEAM0000,40810719.92936,19640000100085401,BEAM0000
-52.1878975162351,-23.4477413479135,40810721.5904871,BEAM0000,40810721.5904871,19640000100085601,BEAM0000
-52.1159412750944,-23.3682608179896,40810723.2516622,BEAM0000,40810723.2516622,19640000100085801,BEAM0000
-52.0439914862396,-23.2887051103455,40810724.9128257,BEAM0000,40810724.9128257,19640000100086001,BEAM0000
-51.9718544081677,-23.2086143559129,40810726.5822208,BEAM0000,40810726.5822208,19640000100086201,BEAM0000
-51.9004207520771,-23.1294446973488,40810728.2351319,BEAM0000,40810728.2351319,19640000100086401,BEAM0000
-51.8286745941515,-23.0497735189218,40810729.8962915,BEAM0000,40810729.8962915,19640000100086601,BEAM0000
-51.757411223067,-22.9704629880734,40810731.5491626,BEAM0000,40810731.5491626,19640000100086801,BEAM0000
-51.6863475896239,-22.8911053597801,40810733.2020737,BEAM0000,40810733.2020737,19640000100087001,BEAM0000
-51.6149904706946,-22.8112111080618,40810734.8632252,BEAM0000,40810734.8632252,19640000100087201,BEAM0000
-51.5433248324936,-22.7310102560896,40810736.5326323,BEAM0000,40810736.5326323,19640000100087401,BEAM0000
-51.4717534527009,-22.650780466401,40810738.2020714,BEAM0000,40810738.2020714,19640000100087601,BEAM0000
-51.4009386216852,-22.5712807884433,40810739.854957,BEAM0000,40810739.854957,19640000100087801,BEAM0000
-51.330369204193,-22.4916699113269,40810741.507838,BEAM0000,40810741.507838,19640000100088001,BEAM0000
-51.2594455646163,-22.4116220304239,40810743.1690132,BEAM0000,40810743.1690132,19640000100088201,BEAM0000
-51.1886006505511,-22.3315992401123,40810744.8301567,BEAM0000,40810744.8301567,19640000100088401,BEAM0000
-51.1178854477922,-22.2514994350681,40810746.4913078,BEAM0000,40810746.4913078,19640000100088601,BEAM0000
-51.0475252522265,-22.1717817728158,40810748.1442188,BEAM0000,40810748.1442188,19640000100088801,BEAM0000
-50.9765411151211,-22.0912774293326,40810749.8136224,BEAM0000,40810749.8136224,19640000100089001,BEAM0000
-50.9056450543804,-22.0107155039759,40810751.4830415,BEAM0000,40810751.4830415,19640000100089201,BEAM0000
-50.8351955268449,-21.9304922503794,40810753.1442166,BEAM0000,40810753.1442166,19640000100089401,BEAM0000
-50.7653009395579,-21.8506062260835,40810754.7970882,BEAM0000,40810754.7970882,19640000100089601,BEAM0000
-50.6951144064581,-21.7702845655242,40810756.4582472,BEAM0000,40810756.4582472,19640000100089801,BEAM0000
-50.6245014697513,-21.6896269291752,40810758.1276863,BEAM0000,40810758.1276863,19640000100090001,BEAM0000
-50.5547101584009,-21.6096844600128,40810759.7805539,BEAM0000,40810759.7805539,19640000100090201,BEAM0000
-50.4850756087082,-21.5297503659089,40810761.433453,BEAM0000,40810761.433453,19640000100090401,BEAM0000
-50.4155576700054,-21.4496609973098,40810763.0863641,BEAM0000,40810763.0863641,19640000100090601,BEAM0000
-50.3458468844754,-21.3691219462081,40810764.7474876,BEAM0000,40810764.7474876,19640000100090801,BEAM0000
-50.2760715731903,-21.2886380921754,40810766.4086587,BEAM0000,40810766.4086587,19640000100091001,BEAM0000
-50.2067780917222,-21.2084901074509,40810768.0615698,BEAM0000,40810768.0615698,19640000100091201,BEAM0000
-50.1370858645617,-21.1280600321098,40810769.7226894,BEAM0000,40810769.7226894,19640000100091401,BEAM0000
-50.0675517280698,-21.0474530550313,40810771.3838644,BEAM0000,40810771.3838644,19640000100091601,BEAM0000
-49.998268013715,-20.9667440388154,40810773.0450396,BEAM0000,40810773.0450396,19640000100091801,BEAM0000
-49.9293065902619,-20.8864798828048,40810774.697895,BEAM0000,40810774.697895,19640000100092001,BEAM0000
-49.8601191604472,-20.8057206296014,40810776.3590701,BEAM0000,40810776.3590701,19640000100092201,BEAM0000
-49.7908688605895,-20.7250343361126,40810778.0202452,BEAM0000,40810778.0202452,19640000100092401,BEAM0000
-49.7217380987838,-20.6443101535567,40810779.6813648,BEAM0000,40810779.6813648,19640000100092601,BEAM0000
-49.6531370408506,-20.5638373853754,40810781.3342758,BEAM0000,40810781.3342758,19640000100092801,BEAM0000
-49.584261136567,-20.4829585354334,40810782.995451,BEAM0000,40810782.995451,19640000100093001,BEAM0000
-49.5150843097703,-20.4016837653446,40810784.6648346,BEAM0000,40810784.6648346,19640000100093201,BEAM0000
-49.4462595873778,-20.3207717614692,40810786.3260096,BEAM0000,40810786.3260096,19640000100093401,BEAM0000
-49.3774995182914,-20.2398558385445,40810787.9871847,BEAM0000,40810787.9871847,19640000100093601,BEAM0000
-49.3088496648424,-20.1588747218352,40810789.6483042,BEAM0000,40810789.6483042,19640000100093801,BEAM0000
-49.2396748553863,-20.0770594841553,40810791.3260073,BEAM0000,40810791.3260073,19640000100094001,BEAM0000
-49.1716349440495,-19.9963661712004,40810792.9789184,BEAM0000,40810792.9789184,19640000100094201,BEAM0000
-49.1035217776074,-19.9157468588618,40810794.631774,BEAM0000,40810794.631774,19640000100094401,BEAM0000
-49.034499523772,-19.833845915733,40810796.3094771,BEAM0000,40810796.3094771,19640000100094601,BEAM0000
-48.9663445560279,-19.7526849835706,40810797.9706522,BEAM0000,40810797.9706522,19640000100094801,BEAM0000
-48.8979392442338,-19.6710039640618,40810799.6400357,BEAM0000,40810799.6400357,19640000100095001,BEAM0000
-48.8301462918146,-19.5902563600881,40810801.2929468,BEAM0000,40810801.2929468,19640000100095201,BEAM0000
-48.7621260872056,-19.5091042199996,40810802.9541204,BEAM0000,40810802.9541204,19640000100095401,BEAM0000
-48.6945876287509,-19.4281667490255,40810804.6069775,BEAM0000,40810804.6069775,19640000100095601,BEAM0000
-48.6261081618088,-19.3460006993341,40810806.2846806,BEAM0000,40810806.2846806,19640000100095801,BEAM0000
-48.5586001325824,-19.2651054633047,40810807.937586,BEAM0000,40810807.937586,19640000100096001,BEAM0000
-48.490504768081,-19.1834089379922,40810809.6069752,BEAM0000,40810809.6069752,19640000100096201,BEAM0000
-48.4231151806741,-19.1024546452245,40810811.2598863,BEAM0000,40810811.2598863,19640000100096401,BEAM0000
-48.3560383716238,-19.0214118055432,40810812.9127858,BEAM0000,40810812.9127858,19640000100096601,BEAM0000
-48.2886813749063,-18.9399211518373,40810814.5739169,BEAM0000,40810814.5739169,19640000100096801,BEAM0000
-48.2216543812532,-18.8589659900393,40810816.226828,BEAM0000,40810816.226828,19640000100097001,BEAM0000
-48.1543635703552,-18.7774787131897,40810817.8879855,BEAM0000,40810817.8879855,19640000100097201,BEAM0000
-48.0863796910596,-18.6952193155064,40810819.5656506,BEAM0000,40810819.5656506,19640000100097401,BEAM0000
-48.0192427365885,-18.6136711251824,40810821.2268257,BEAM0000,40810821.2268257,19640000100097601,BEAM0000
-47.9525066231885,-18.532436763707,40810822.8797173,BEAM0000,40810822.8797173,19640000100097801,BEAM0000
-47.8857126478015,-18.4512472971966,40810824.5325924,BEAM0000,40810824.5325924,19640000100098001,BEAM0000
-47.8190560591835,-18.3700300116297,40810826.1855035,BEAM0000,40810826.1855035,19640000100098201,BEAM0000
-47.752197441042,-18.2883719357566,40810827.846651,BEAM0000,40810827.846651,19640000100098401,BEAM0000
-47.6853903116921,-18.2065719314743,40810829.5077981,BEAM0000,40810829.5077981,19640000100098601,BEAM0000
-47.6190258002113,-18.1257278233158,40810831.1607092,BEAM0000,40810831.1607092,19640000100098801,BEAM0000
-47.551905366905,-18.0430515578989,40810832.8301168,BEAM0000,40810832.8301168,19640000100099001,BEAM0000
-47.4846151712717,-17.9603874744111,40810834.5077958,BEAM0000,40810834.5077958,19640000100099201,BEAM0000
-47.4180926296675,-17.878499103882,40810836.1689709,BEAM0000,40810836.1689709,19640000100099401,BEAM0000
-47.3515347413453,-17.7966225986913,40810837.8301144,BEAM0000,40810837.8301144,19640000100099601,BEAM0000
-47.285085225857,-17.7147135437835,40810839.4912655,BEAM0000,40810839.4912655,19640000100099801,BEAM0000
-47.2187677373147,-17.6327459407485,40810841.1524406,BEAM0000,40810841.1524406,19640000100100001,BEAM0000
-47.1525057568383,-17.5507069886588,40810842.8135802,BEAM0000,40810842.8135802,19640000100100201,BEAM0000
-47.0865419822464,-17.4691383819248,40810844.4664712,BEAM0000,40810844.4664712,19640000100100401,BEAM0000
-47.0203278438809,-17.3870549127267,40810846.1276464,BEAM0000,40810846.1276464,19640000100100601,BEAM0000
-46.9541631211875,-17.3050350387334,40810847.7887799,BEAM0000,40810847.7887799,19640000100100801,BEAM0000
-46.8880294803195,-17.2230066312541,40810849.449941,BEAM0000,40810849.449941,19640000100101001,BEAM0000
-46.8223458540146,-17.141269135921,40810851.1028521,BEAM0000,40810851.1028521,19640000100101201,BEAM0000
-46.7561821547921,-17.0586300154636,40810852.7722456,BEAM0000,40810852.7722456,19640000100101401,BEAM0000
-46.690619549834,-16.976882779736,40810854.4251467,BEAM0000,40810854.4251467,19640000100101601,BEAM0000
-46.6251327002101,-16.8950657572446,40810856.0780578,BEAM0000,40810856.0780578,19640000100101801,BEAM0000
-46.5594348416293,-16.8127663015558,40810857.7391794,BEAM0000,40810857.7391794,19640000100102001,BEAM0000
-46.4940134802744,-16.7309956876928,40810859.3920885,BEAM0000,40810859.3920885,19640000100102201,BEAM0000
-46.4280031728334,-16.6483308089451,40810861.0615276,BEAM0000,40810861.0615276,19640000100102401,BEAM0000
-46.3624829659969,-16.5660447720156,40810862.7226471,BEAM0000,40810862.7226471,19640000100102601,BEAM0000
-46.2970414299534,-16.483680703639,40810864.3838222,BEAM0000,40810864.3838222,19640000100102801,BEAM0000
-46.2315903764208,-16.4013182368293,40810866.0449973,BEAM0000,40810866.0449973,19640000100103001,BEAM0000
-46.1664943067486,-16.3193347276751,40810867.6978528,BEAM0000,40810867.6978528,19640000100103201,BEAM0000
-46.1011416710321,-16.2368680545824,40810869.3590279,BEAM0000,40810869.3590279,19640000100103401,BEAM0000
-46.036038286805,-16.1543293399375,40810871.020203,BEAM0000,40810871.020203,19640000100103601,BEAM0000
-45.9704903533357,-16.0714351915686,40810872.6895865,BEAM0000,40810872.6895865,19640000100103801,BEAM0000
-45.9056083428448,-15.9894316748691,40810874.3424976,BEAM0000,40810874.3424976,19640000100104001,BEAM0000
-45.8404801503197,-15.9069034086196,40810876.0036727,BEAM0000,40810876.0036727,19640000100104201,BEAM0000
-45.7754290067589,-15.8243751196644,40810877.6647922,BEAM0000,40810877.6647922,19640000100104401,BEAM0000
-45.7104382184638,-15.741845113443,40810879.3259674,BEAM0000,40810879.3259674,19640000100104601,BEAM0000
-45.6455477243184,-15.6592193089856,40810880.9871425,BEAM0000,40810880.9871425,19640000100104801,BEAM0000
-45.5806808361234,-15.576586914782,40810882.648262,BEAM0000,40810882.648262,19640000100105001,BEAM0000
-45.5162592588988,-15.4943420133252,40810884.3011731,BEAM0000,40810884.3011731,19640000100105201,BEAM0000
-45.4511435585676,-15.4113016482266,40810885.9706122,BEAM0000,40810885.9706122,19640000100105401,BEAM0000
-45.3857734288624,-15.3277876528278,40810887.6482598,BEAM0000,40810887.6482598,19640000100105601,BEAM0000
-45.3205658159501,-15.2442529325647,40810889.3259628,BEAM0000,40810889.3259628,19640000100105801,BEAM0000
-45.2562449859757,-15.1619588654887,40810890.978874,BEAM0000,40810890.978874,19640000100106001,BEAM0000
-45.1916983033166,-15.0792104105323,40810892.6399935,BEAM0000,40810892.6399935,19640000100106201,BEAM0000
-45.1272999892849,-14.9964323191831,40810894.3011686,BEAM0000,40810894.3011686,19640000100106401,BEAM0000
-45.0633032057474,-14.9145015162907,40810895.9540781,BEAM0000,40810895.9540781,19640000100106601,BEAM0000
-44.9989138658489,-14.8311329173274,40810897.6151992,BEAM0000,40810897.6151992,19640000100106801,BEAM0000
-44.9342818052358,-14.7478806699828,40810899.2846383,BEAM0000,40810899.2846383,19640000100107001,BEAM0000
-44.8700152652033,-14.6649839848554,40810900.9458098,BEAM0000,40810900.9458098,19640000100107201,BEAM0000
-44.8061179568332,-14.5825097524532,40810902.5986689,BEAM0000,40810902.5986689,19640000100107401,BEAM0000
-44.7420090110939,-14.4995528597669,40810904.259844,BEAM0000,40810904.259844,19640000100107601,BEAM0000
-44.6773249365456,-14.4157692896637,40810905.9375416,BEAM0000,40810905.9375416,19640000100107801,BEAM0000
-44.6132549637277,-14.3327887464796,40810907.5986667,BEAM0000,40810907.5986667,19640000100108001,BEAM0000
-44.5489896949646,-14.2493613533799,40810909.2681057,BEAM0000,40810909.2681057,19640000100108201,BEAM0000
-44.4848245896787,-14.1659307142069,40810910.9375392,BEAM0000,40810910.9375392,19640000100108401,BEAM0000
-44.4208952753013,-14.0829487374405,40810912.5986644,BEAM0000,40810912.5986644,19640000100108601,BEAM0000
-44.3573086062061,-14.0003539693496,40810914.2515754,BEAM0000,40810914.2515754,19640000100108801,BEAM0000
-44.2935543585528,-13.9172930559617,40810915.912739,BEAM0000,40810915.912739,19640000100109001,BEAM0000
-44.2295447236076,-13.8337726583426,40810917.5821341,BEAM0000,40810917.5821341,19640000100109201,BEAM0000
-44.1661646851754,-13.751081951532,40810919.2350452,BEAM0000,40810919.2350452,19640000100109401,BEAM0000
-44.1028987222081,-13.6683144985515,40810920.8879388,BEAM0000,40810920.8879388,19640000100109601,BEAM0000
-44.039340422881,-13.5851709157637,40810922.5490758,BEAM0000,40810922.5490758,19640000100109801,BEAM0000
-43.976084504767,-13.5023686626836,40810924.2019869,BEAM0000,40810924.2019869,19640000100110001,BEAM0000
-43.9128984770843,-13.4195780990271,40810925.8548725,BEAM0000,40810925.8548725,19640000100110201,BEAM0000
-43.8491329657216,-13.3359473214215,40810927.5242815,BEAM0000,40810927.5242815,19640000100110401,BEAM0000
-43.7857456703346,-13.2526651845853,40810929.1854566,BEAM0000,40810929.1854566,19640000100110601,BEAM0000
-43.7224636923899,-13.1693842243155,40810930.8466042,BEAM0000,40810930.8466042,19640000100110801,BEAM0000
-43.6591736757083,-13.086096638888,40810932.5077513,BEAM0000,40810932.5077513,19640000100111001,BEAM0000
-43.595569792577,-13.0024006976063,40810934.1771904,BEAM0000,40810934.1771904,19640000100111201,BEAM0000
-43.5320532396495,-12.9186714308815,40810935.8466019,BEAM0000,40810935.8466019,19640000100111401,BEAM0000
-43.4685422475056,-12.8349572767224,40810937.516013,BEAM0000,40810937.516013,19640000100111601,BEAM0000
-43.4057273406366,-12.7520030805288,40810939.168924,BEAM0000,40810939.168924,19640000100111801,BEAM0000
-43.3430492215674,-12.6689979247972,40810940.8218016,BEAM0000,40810940.8218016,19640000100112001,BEAM0000
-43.2800281600655,-12.5855839005905,40810942.4829547,BEAM0000,40810942.4829547,19640000100112201,BEAM0000
-43.2167462064485,-12.5017356446799,40810944.1523938,BEAM0000,40810944.1523938,19640000100112401,BEAM0000
-43.1533879198993,-12.4179600487764,40810945.8217993,BEAM0000,40810945.8217993,19640000100112601,BEAM0000
-43.0908409921438,-12.3349001930813,40810947.4746885,BEAM0000,40810947.4746885,19640000100112801,BEAM0000
-43.0283350136735,-12.2518716935932,40810949.1275996,BEAM0000,40810949.1275996,19640000100113001,BEAM0000
-42.9652895536006,-12.1679787484745,40810950.7969991,BEAM0000,40810950.7969991,19640000100113201,BEAM0000
-42.9028426176471,-12.0847366390901,40810952.4498942,BEAM0000,40810952.4498942,19640000100113401,BEAM0000
-42.8401069595982,-12.0012595000107,40810954.1110693,BEAM0000,40810954.1110693,19640000100113601,BEAM0000
-42.7774102640614,-11.9178110723606,40810955.7721988,BEAM0000,40810955.7721988,19640000100113801,BEAM0000
-42.714760127134,-11.8341983099662,40810957.4333639,BEAM0000,40810957.4333639,19640000100114001,BEAM0000
-42.6521494196602,-11.7506302818935,40810959.094539,BEAM0000,40810959.094539,19640000100114201,BEAM0000
-42.589923058892,-11.6674735501033,40810960.7473986,BEAM0000,40810960.7473986,19640000100114401,BEAM0000
-42.5274689214925,-11.5838231136744,40810962.4085696,BEAM0000,40810962.4085696,19640000100114601,BEAM0000
-42.4650098801989,-11.50020619196,40810964.0697448,BEAM0000,40810964.0697448,19640000100114801,BEAM0000
-42.402245891716,-11.4161129636883,40810965.7391303,BEAM0000,40810965.7391303,19640000100115001,BEAM0000
-42.3395353534879,-11.3319692505148,40810967.4085673,BEAM0000,40810967.4085673,19640000100115201,BEAM0000
-42.2775095649397,-11.2487526249117,40810969.0614785,BEAM0000,40810969.0614785,19640000100115401,BEAM0000
-42.2155226741847,-11.1654337045131,40810970.714334,BEAM0000,40810970.714334,19640000100115601,BEAM0000
-42.1533000410431,-11.0817423956708,40810972.3755091,BEAM0000,40810972.3755091,19640000100115801,BEAM0000
-42.0914083766481,-10.9983982260247,40810974.0284202,BEAM0000,40810974.0284202,19640000100116001,BEAM0000
-42.0286123416601,-10.9138346969072,40810975.7060677,BEAM0000,40810975.7060677,19640000100116201,BEAM0000
-41.9668138595168,-10.8304915871184,40810977.3589788,BEAM0000,40810977.3589788,19640000100116401,BEAM0000
-41.9050633681811,-10.7471124581029,40810979.01189,BEAM0000,40810979.01189,19640000100116601,BEAM0000
-41.8429718616147,-10.6633392467963,40810980.6730094,BEAM0000,40810980.6730094,19640000100116801,BEAM0000
-41.7812449948116,-10.5799761635574,40810982.3259206,BEAM0000,40810982.3259206,19640000100117001,BEAM0000
-41.7192886882819,-10.4961465354954,40810983.9870956,BEAM0000,40810983.9870956,19640000100117201,BEAM0000
-41.6570764774164,-10.4118738002142,40810985.6564792,BEAM0000,40810985.6564792,19640000100117401,BEAM0000
-41.5954837432795,-10.3285017377758,40810987.3093903,BEAM0000,40810987.3093903,19640000100117601,BEAM0000
-41.5333608261651,-10.2441466339912,40810988.9788293,BEAM0000,40810988.9788293,19640000100117801,BEAM0000
-41.4711506823899,-10.1598246604821,40810990.6482129,BEAM0000,40810990.6482129,19640000100118001,BEAM0000
-41.4095948468117,-10.0763203720045,40810992.301124,BEAM0000,40810992.301124,19640000100118201,BEAM0000
-41.3477904559774,-9.99241616433565,40810993.9622991,BEAM0000,40810993.9622991,19640000100118401,BEAM0000
-41.2857464485469,-9.90803600563044,40810995.6316826,BEAM0000,40810995.6316826,19640000100118601,BEAM0000
-41.2240784829371,-9.82408580619043,40810997.2928578,BEAM0000,40810997.2928578,19640000100118801,BEAM0000
-41.1624937327219,-9.73997251289143,40810998.9540313,BEAM0000,40810998.9540313,19640000100119001,BEAM0000
-41.101166900393,-9.65645215919786,40811000.6068883,BEAM0000,40811000.6068883,19640000100119201,BEAM0000
-41.0395318187624,-9.57242936364818,40811002.2680634,BEAM0000,40811002.2680634,19640000100119401,BEAM0000
-40.9773204149236,-9.48757105831297,40811003.945763,BEAM0000,40811003.945763,19640000100119601,BEAM0000
-40.9160670489324,-9.40396464979043,40811005.5986221,BEAM0000,40811005.5986221,19640000100119801,BEAM0000
-40.8548722055223,-9.32031781310004,40811007.2515332,BEAM0000,40811007.2515332,19640000100120001,BEAM0000
-40.7934301402469,-9.23623134974816,40811008.9126967,BEAM0000,40811008.9126967,19640000100120201,BEAM0000
-40.7317236112991,-9.1516939747003,40811010.5820918,BEAM0000,40811010.5820918,19640000100120401,BEAM0000
-40.6706034702463,-9.06802669892371,40811012.2350029,BEAM0000,40811012.2350029,19640000100120601,BEAM0000
-40.6095120778565,-8.9843304016446,40811013.8878964,BEAM0000,40811013.8878964,19640000100120801,BEAM0000
-40.547901891965,-8.89979374393983,40811015.5572976,BEAM0000,40811015.5572976,19640000100121001,BEAM0000
-40.4866113773945,-8.81561858968035,40811017.2184727,BEAM0000,40811017.2184727,19640000100121201,BEAM0000
-40.4247368264533,-8.73064213757192,40811018.8961602,BEAM0000,40811018.8961602,19640000100121401,BEAM0000
-40.363460311897,-8.64649785459246,40811020.5572952,BEAM0000,40811020.5572952,19640000100121601,BEAM0000
-40.3019136545991,-8.56193931813054,40811022.2267344,BEAM0000,40811022.2267344,19640000100121801,BEAM0000
-40.2409706806824,-8.47819718936,40811023.8796259,BEAM0000,40811023.8796259,19640000100122001,BEAM0000
-40.1795789579022,-8.39354174508089,40811025.549029,BEAM0000,40811025.549029,19640000100122201,BEAM0000
-40.1187547041222,-8.30975595957688,40811027.2019401,BEAM0000,40811027.2019401,19640000100122401,BEAM0000
-40.0577083023645,-8.22543521776486,40811028.8630916,BEAM0000,40811028.8630916,19640000100122601,BEAM0000
-39.9968873793494,-8.14194130342889,40811030.5159707,BEAM0000,40811030.5159707,19640000100122801,BEAM0000
-39.9361774198616,-8.05780569246188,40811032.1688818,BEAM0000,40811032.1688818,19640000100123001,BEAM0000
-39.8750793780812,-7.97361584372492,40811033.8300253,BEAM0000,40811033.8300253,19640000100123201,BEAM0000
-39.8135616418812,-7.88900418979035,40811035.5077045,BEAM0000,40811035.5077045,19640000100123401,BEAM0000
-39.7523019903712,-7.80375181393892,40811037.1771436,BEAM0000,40811037.1771436,19640000100123601,BEAM0000
-39.6916456929006,-7.71988848787397,40811038.8300231,BEAM0000,40811038.8300231,19640000100123801,BEAM0000
-39.6307453443477,-7.63561345084356,40811040.4911742,BEAM0000,40811040.4911742,19640000100124001,BEAM0000
-39.5701435267394,-7.55171140220071,40811042.1440852,BEAM0000,40811042.1440852,19640000100124201,BEAM0000
-39.5092448144665,-7.46777682327677,40811043.8052228,BEAM0000,40811043.8052228,19640000100124401,BEAM0000
-39.4484014675139,-7.38325012850158,40811045.4663798,BEAM0000,40811045.4663798,19640000100124601,BEAM0000
-39.3879892982272,-7.29946999820015,40811047.119291,BEAM0000,40811047.119291,19640000100124801,BEAM0000
-39.3271511025998,-7.21469456299866,40811048.7804225,BEAM0000,40811048.7804225,19640000100125001,BEAM0000
-39.2666560435223,-7.13103894601714,40811050.4333216,BEAM0000,40811050.4333216,19640000100125201,BEAM0000
-39.2056019592754,-7.04600425700443,40811052.1027607,BEAM0000,40811052.1027607,19640000100125401,BEAM0000
-39.1445821470795,-6.96113119566468,40811053.7721542,BEAM0000,40811053.7721542,19640000100125601,BEAM0000
-39.0838881700984,-6.87672203191393,40811055.4333193,BEAM0000,40811055.4333193,19640000100125801,BEAM0000
-39.0229645152761,-6.79182384829476,40811057.1027585,BEAM0000,40811057.1027585,19640000100126001,BEAM0000
-38.9626286509799,-6.70783893528255,40811058.75562,BEAM0000,40811058.75562,19640000100126201,BEAM0000
-38.9022609819561,-6.62381786108253,40811060.408525,BEAM0000,40811060.408525,19640000100126401,BEAM0000
-38.8420076729904,-6.53983682997286,40811062.0614361,BEAM0000,40811062.0614361,19640000100126601,BEAM0000
-38.7813857835046,-6.45538223486284,40811063.7225557,BEAM0000,40811063.7225557,19640000100126801,BEAM0000
-38.7208367019083,-6.37090288788493,40811065.3837307,BEAM0000,40811065.3837307,19640000100127001,BEAM0000
-38.6605795810785,-6.28686465291404,40811067.0366419,BEAM0000,40811067.0366419,19640000100127201,BEAM0000
-38.5997776516223,-6.20201603897787,40811068.7060255,BEAM0000,40811068.7060255,19640000100127401,BEAM0000
-38.5393412759526,-6.11751991501797,40811070.3672005,BEAM0000,40811070.3672005,19640000100127601,BEAM0000
-38.4788646572082,-6.03299664468655,40811072.0283756,BEAM0000,40811072.0283756,19640000100127801,BEAM0000
-38.4184438758482,-5.94839705488168,40811073.6894952,BEAM0000,40811073.6894952,19640000100128001,BEAM0000
-38.3579205615371,-5.86394730241848,40811075.3506702,BEAM0000,40811075.3506702,19640000100128201,BEAM0000
-38.2978336390472,-5.77983822351007,40811077.0035813,BEAM0000,40811077.0035813,19640000100128401,BEAM0000
-38.237738467579,-5.69571940101896,40811078.6564369,BEAM0000,40811078.6564369,19640000100128601,BEAM0000
-38.1774271116011,-5.61112398760264,40811080.317612,BEAM0000,40811080.317612,19640000100128801,BEAM0000
-38.1173450799195,-5.52706002157052,40811081.970523,BEAM0000,40811081.970523,19640000100129001,BEAM0000
-38.0570363057016,-5.44242308440255,40811083.6316426,BEAM0000,40811083.6316426,19640000100129201,BEAM0000
-37.9967532495501,-5.3578843629459,40811085.2928176,BEAM0000,40811085.2928176,19640000100129401,BEAM0000
-37.936687308084,-5.27372507677632,40811086.9457252,BEAM0000,40811086.9457252,19640000100129601,BEAM0000
-37.8767339661886,-5.18954905052879,40811088.5985843,BEAM0000,40811088.5985843,19640000100129801,BEAM0000
-37.8164582595696,-5.10499327332744,40811090.2597594,BEAM0000,40811090.2597594,19640000100130001,BEAM0000
-37.7565236438583,-5.02079360560653,40811091.9126589,BEAM0000,40811091.9126589,19640000100130201,BEAM0000
-37.6965664283882,-4.93666574769617,40811093.5655261,BEAM0000,40811093.5655261,19640000100130401,BEAM0000
-37.6364006582409,-4.85197014913458,40811095.2267012,BEAM0000,40811095.2267012,19640000100130601,BEAM0000
-37.5759312586572,-4.7669698384477,40811096.8961247,BEAM0000,40811096.8961247,19640000100130801,BEAM0000
-37.5157624689078,-4.68229718376466,40811098.5572598,BEAM0000,40811098.5572598,19640000100131001,BEAM0000
-37.4556484631627,-4.59766822845052,40811100.2184349,BEAM0000,40811100.2184349,19640000100131201,BEAM0000
-37.3951140062501,-4.5127434184784,40811101.8878564,BEAM0000,40811101.8878564,19640000100131401,BEAM0000
-37.3353266108279,-4.42892234580867,40811103.5407295,BEAM0000,40811103.5407295,19640000100131601,BEAM0000
-37.2751504366885,-4.34378038990344,40811105.2019046,BEAM0000,40811105.2019046,19640000100131801,BEAM0000
-37.2153655492952,-4.25953111654891,40811106.8547901,BEAM0000,40811106.8547901,19640000100132001,BEAM0000
-37.1555264480081,-4.17531037360828,40811108.5076712,BEAM0000,40811108.5076712,19640000100132201,BEAM0000
-37.0955700357354,-4.09058992668511,40811110.1688463,BEAM0000,40811110.1688463,19640000100132401,BEAM0000
-37.0348711002032,-4.00505893389493,40811111.8465218,BEAM0000,40811111.8465218,19640000100132601,BEAM0000
-36.9748552053133,-3.92040282669835,40811113.5076689,BEAM0000,40811113.5076689,19640000100132801,BEAM0000
-36.9145917318652,-3.83521738878338,40811115.177108,BEAM0000,40811115.177108,19640000100133001,BEAM0000
-36.8545937224828,-3.75054378929619,40811116.8382535,BEAM0000,40811116.8382535,19640000100133201,BEAM0000
-36.7948607961513,-3.66628483424083,40811118.4911387,BEAM0000,40811118.4911387,19640000100133401,BEAM0000
-36.7351527531872,-3.58202726133419,40811120.1440498,BEAM0000,40811120.1440498,19640000100133601,BEAM0000
-36.6754909332417,-3.49775654537167,40811121.7969213,BEAM0000,40811121.7969213,19640000100133801,BEAM0000
-36.6154196620402,-3.41306687484975,40811123.4580803,BEAM0000,40811123.4580803,19640000100134001,BEAM0000
-36.5557817387956,-3.32880567676599,40811125.1109914,BEAM0000,40811125.1109914,19640000100134201,BEAM0000
-36.4962316063063,-3.24437159179282,40811126.763855,BEAM0000,40811126.763855,19640000100134401,BEAM0000
-36.4362851582981,-3.15970883348474,40811128.4250221,BEAM0000,40811128.4250221,19640000100134601,BEAM0000
-36.3766005404293,-3.07541483852779,40811130.0779332,BEAM0000,40811130.0779332,19640000100134801,BEAM0000
-36.316747810611,-2.99062298014053,40811131.7390547,BEAM0000,40811131.7390547,19640000100135001,BEAM0000
-36.2568259519167,-2.90591354352607,40811133.4002279,BEAM0000,40811133.4002279,19640000100135201,BEAM0000
-36.1965982468588,-2.82075111250228,40811135.0696669,BEAM0000,40811135.0696669,19640000100135401,BEAM0000
-36.1370819753956,-2.73643175914031,40811136.7225225,BEAM0000,40811136.7225225,19640000100135601,BEAM0000
-36.077150559171,-2.65171615476555,40811138.3836975,BEAM0000,40811138.3836975,19640000100135801,BEAM0000
-36.0177472900242,-2.56870388791738,40811140.0366086,BEAM0000,40811140.0366086,19640000100136001,BEAM0000
-35.9578700277406,-2.48389944548648,40811141.6977282,BEAM0000,40811141.6977282,19640000100136201,BEAM0000
-35.8979434791849,-2.39788491443653,40811143.3589033,BEAM0000,40811143.3589033,19640000100136401,BEAM0000
-35.8371796412898,-2.31182623557597,40811145.0448703,BEAM0000,40811145.0448703,19640000100136601,BEAM0000
-35.7773145442466,-2.22710360541224,40811146.7059899,BEAM0000,40811146.7059899,19640000100136801,BEAM0000
-35.7175175687385,-2.14381217277464,40811148.367165,BEAM0000,40811148.367165,19640000100137001,BEAM0000
-35.6577438140638,-2.0586241095707,40811150.0283401,BEAM0000,40811150.0283401,19640000100137201,BEAM0000
-35.5982654443699,-1.97473608463691,40811151.6811956,BEAM0000,40811151.6811956,19640000100137401,BEAM0000
-35.5380317675157,-1.88785964750335,40811153.3506347,BEAM0000,40811153.3506347,19640000100137601,BEAM0000
-35.4785932692796,-1.80408264468842,40811155.0035458,BEAM0000,40811155.0035458,19640000100137801,BEAM0000
-35.4191427269448,-1.7208051064507,40811156.6564013,BEAM0000,40811156.6564013,19640000100138001,BEAM0000
-35.3592463733359,-1.63421112238215,40811158.3175764,BEAM0000,40811158.3175764,19640000100138201,BEAM0000
-35.2991564267829,-1.54954391637192,40811159.9870155,BEAM0000,40811159.9870155,19640000100138401,BEAM0000
-35.2396365865428,-1.46454802355809,40811161.6398711,BEAM0000,40811161.6398711,19640000100138601,BEAM0000
-35.1801167436069,-1.38016894188337,40811163.2927822,BEAM0000,40811163.2927822,19640000100138801,BEAM0000
-35.1201069306178,-1.29490113452974,40811164.9622212,BEAM0000,40811164.9622212,19640000100139001,BEAM0000
-35.0606329554781,-1.21048866464858,40811166.6150768,BEAM0000,40811166.6150768,19640000100139201,BEAM0000
-35.0008827569644,-1.12572740438388,40811168.2762519,BEAM0000,40811168.2762519,19640000100139401,BEAM0000
-34.9413593796221,-1.04132643102203,40811169.9291554,BEAM0000,40811169.9291554,19640000100139601,BEAM0000
-34.8818465252012,-0.956968689262311,40811171.5820185,BEAM0000,40811171.5820185,19640000100139801,BEAM0000
-34.8224149887446,-0.872542200802989,40811173.2349296,BEAM0000,40811173.2349296,19640000100140001,BEAM0000
-34.7627664582334,-0.787699366881748,40811174.8960892,BEAM0000,40811174.8960892,19640000100140201,BEAM0000
-34.7030126788412,-0.702841861127101,40811176.5572242,BEAM0000,40811176.5572242,19640000100140401,BEAM0000
-34.6429755066644,-0.617639383194394,40811178.2266633,BEAM0000,40811178.2266633,19640000100140601,BEAM0000
-34.583536486177,-0.533226704817672,40811179.8795549,BEAM0000,40811179.8795549,19640000100140801,BEAM0000
-34.5241474968521,-0.449051353176818,40811181.53243,BEAM0000,40811181.53243,19640000100141001,BEAM0000
-34.46443972668,-0.365470224368218,40811183.1936051,BEAM0000,40811183.1936051,19640000100141201,BEAM0000
-34.4048640053251,-0.279610839590135,40811184.8464886,BEAM0000,40811184.8464886,19640000100141401,BEAM0000
-34.3454729307647,-0.1951183890255,40811186.4993717,BEAM0000,40811186.4993717,19640000100141601,BEAM0000
-34.2860078441505,-0.110742059297304,40811188.1522828,BEAM0000,40811188.1522828,19640000100141801,BEAM0000
-34.2265167453454,-0.0263475090131506,40811189.8051563,BEAM0000,40811189.8051563,19640000100142001,BEAM0000
-34.1671214374492,0.0580642505637501,40811191.4580494,BEAM0000,40811191.4580494,19640000100142201,BEAM0000
-97.0708561797561,-49.6271296907788,40810018.1156289,BEAM0001,40810018.1156289,19640100100000019,BEAM0001
-96.9209102963695,-49.5956125455087,40810019.7684934,BEAM0001,40810019.7684934,19640100100000219,BEAM0001
-96.7690552388748,-49.563244137584,40810021.4461875,BEAM0001,40810021.4461875,19640100100000419,BEAM0001
-96.617462508108,-49.5305892390721,40810023.1238906,BEAM0001,40810023.1238906,19640100100000619,BEAM0001
-96.4682616641812,-49.4983187728545,40810024.7767571,BEAM0001,40810024.7767571,19640100100000819,BEAM0001
-96.3191846433288,-49.4656948950757,40810026.4296571,BEAM0001,40810026.4296571,19640100100001019,BEAM0001
-96.1703104077174,-49.4330656218182,40810028.0825683,BEAM0001,40810028.0825683,19640100100001219,BEAM0001
-96.0203798705397,-49.3999485432993,40810029.7519568,BEAM0001,40810029.7519568,19640100100001419,BEAM0001
-95.8718791467819,-49.3667370764619,40810031.4048628,BEAM0001,40810031.4048628,19640100100001619,BEAM0001
-95.7238150894238,-49.3333888553173,40810033.0577739,BEAM0001,40810033.0577739,19640100100001819,BEAM0001
-95.5736077388629,-49.299360560794,40810034.7354224,BEAM0001,40810034.7354224,19640100100002019,BEAM0001
-95.4258166436,-49.2656621560654,40810036.3883325,BEAM0001,40810036.3883325,19640100100002219,BEAM0001
-95.2776112826183,-49.2314721742269,40810038.0495076,BEAM0001,40810038.0495076,19640100100002419,BEAM0001
-95.1303341817607,-49.1973957348735,40810039.7023631,BEAM0001,40810039.7023631,19640100100002619,BEAM0001
-94.9816722824659,-49.1626210622422,40810041.3718022,BEAM0001,40810041.3718022,19640100100002819,BEAM0001
-94.8341510970676,-49.1278805847019,40810043.0329773,BEAM0001,40810043.0329773,19640100100003019,BEAM0001
-94.687413954835,-49.0931555724625,40810044.6858328,BEAM0001,40810044.6858328,19640100100003219,BEAM0001
-94.5394972775491,-49.0578193439499,40810046.3552718,BEAM0001,40810046.3552718,19640100100003419,BEAM0001
-94.3925654944502,-49.0225082291526,40810048.0164469,BEAM0001,40810048.0164469,19640100100003619,BEAM0001
-94.2457658064362,-48.9868789762961,40810049.6775664,BEAM0001,40810049.6775664,19640100100003819,BEAM0001
-94.0985684592783,-48.9509623506921,40810051.3470055,BEAM0001,40810051.3470055,19640100100004019,BEAM0001
-93.9507378778995,-48.9146033672125,40810053.0247086,BEAM0001,40810053.0247086,19640100100004219,BEAM0001
-93.8048540951674,-48.8784189689423,40810054.6858281,BEAM0001,40810054.6858281,19640100100004419,BEAM0001
-93.6595870202133,-48.8421492814632,40810056.3387392,BEAM0001,40810056.3387392,19640100100004619,BEAM0001
-93.5140420573064,-48.8057363997158,40810057.9999143,BEAM0001,40810057.9999143,19640100100004819,BEAM0001
-93.3678708776761,-48.7686903375038,40810059.6692978,BEAM0001,40810059.6692978,19640100100005019,BEAM0001
-93.2226215113172,-48.7316435902946,40810061.3304728,BEAM0001,40810061.3304728,19640100100005219,BEAM0001
-93.0776116302436,-48.6944543482627,40810062.9916479,BEAM0001,40810062.9916479,19640100100005419,BEAM0001
-92.9336126503788,-48.6571941493795,40810064.6445035,BEAM0001,40810064.6445035,19640100100005619,BEAM0001
-92.7884607579873,-48.6194562489371,40810066.3139425,BEAM0001,40810066.3139425,19640100100005819,BEAM0001
-92.6439794178761,-48.5817123813637,40810067.9751176,BEAM0001,40810067.9751176,19640100100006019,BEAM0001
-92.4998867113281,-48.5437880818794,40810069.6362372,BEAM0001,40810069.6362372,19640100100006219,BEAM0001
-92.3553298082838,-48.5053463221335,40810071.3056763,BEAM0001,40810071.3056763,19640100100006419,BEAM0001
-92.2118186125462,-48.4669792620334,40810072.9668513,BEAM0001,40810072.9668513,19640100100006619,BEAM0001
-92.0675998470029,-48.4281766553606,40810074.6362349,BEAM0001,40810074.6362349,19640100100006819,BEAM0001
-91.9244482000155,-48.3893864668091,40810076.2974099,BEAM0001,40810076.2974099,19640100100007019,BEAM0001
-91.7815778535016,-48.350311563593,40810077.9585844,BEAM0001,40810077.9585844,19640100100007219,BEAM0001
-91.6383344597732,-48.3109570784553,40810079.6279685,BEAM0001,40810079.6279685,19640100100007419,BEAM0001
-91.4957176253668,-48.2716708713898,40810081.2891436,BEAM0001,40810081.2891436,19640100100007619,BEAM0001
-91.3529115844428,-48.2318729860539,40810082.9585822,BEAM0001,40810082.9585822,19640100100007819,BEAM0001
-91.2108018796843,-48.1921247885162,40810084.6197022,BEAM0001,40810084.6197022,19640100100008019,BEAM0001
-91.0697957864593,-48.1523964380519,40810086.2726132,BEAM0001,40810086.2726132,19640100100008219,BEAM0001
-90.9287742570296,-48.1123271561291,40810087.9255158,BEAM0001,40810087.9255158,19640100100008419,BEAM0001
-90.7883484976158,-48.0722759317001,40810089.5783799,BEAM0001,40810089.5783799,19640100100008619,BEAM0001
-90.6470834059206,-48.0317297807323,40810091.2395549,BEAM0001,40810091.2395549,19640100100008819,BEAM0001
-90.5070482644923,-47.9912767770064,40810092.8924495,BEAM0001,40810092.8924495,19640100100009019,BEAM0001
-90.3669748285129,-47.9504059920228,40810094.5453215,BEAM0001,40810094.5453215,19640100100009219,BEAM0001
-90.225935955715,-47.9091929865994,40810096.2147606,BEAM0001,40810096.2147606,19640100100009419,BEAM0001
-90.0865431648858,-47.8680682706852,40810097.8676492,BEAM0001,40810097.8676492,19640100100009619,BEAM0001
-89.9473188653448,-47.8267371538774,40810099.5205272,BEAM0001,40810099.5205272,19640100100009819,BEAM0001
-89.807516736142,-47.7850944523272,40810101.1817023,BEAM0001,40810101.1817023,19640100100010019,BEAM0001
-89.668033478976,-47.7433723712462,40810102.8428488,BEAM0001,40810102.8428488,19640100100010219,BEAM0001
-89.5288307358392,-47.7012348805349,40810104.5039969,BEAM0001,40810104.5039969,19640100100010419,BEAM0001
-89.390510336722,-47.6592380772794,40810106.156908,BEAM0001,40810106.156908,19640100100010619,BEAM0001
-89.2510630531655,-47.6167737816594,40810107.8263145,BEAM0001,40810107.8263145,19640100100010819,BEAM0001
-89.1123599452579,-47.5742249565845,40810109.4874665,BEAM0001,40810109.4874665,19640100100011019,BEAM0001
-88.9734587666791,-47.5312389215991,40810111.1569057,BEAM0001,40810111.1569057,19640100100011219,BEAM0001
-88.8360639669401,-47.4883671373871,40810112.8097804,BEAM0001,40810112.8097804,19640100100011419,BEAM0001
-88.6975815025494,-47.445081518763,40810114.4792003,BEAM0001,40810114.4792003,19640100100011619,BEAM0001
-88.5605837613349,-47.4019923435805,40810116.1321113,BEAM0001,40810116.1321113,19640100100011819,BEAM0001
-88.4238471359801,-47.3588962685359,40810117.7849801,BEAM0001,40810117.7849801,19640100100012019,BEAM0001
-88.2859064824936,-47.3150187656077,40810119.4544061,BEAM0001,40810119.4544061,19640100100012219,BEAM0001
-88.1491763488568,-47.2710029501854,40810121.115581,BEAM0001,40810121.115581,19640100100012419,BEAM0001
-88.0130657614496,-47.2271694520678,40810122.7684455,BEAM0001,40810122.7684455,19640100100012619,BEAM0001
-87.877319831866,-47.1832514837557,40810124.4213478,BEAM0001,40810124.4213478,19640100100012819,BEAM0001
-87.7418321352875,-47.138997954859,40810126.0742589,BEAM0001,40810126.0742589,19640100100013019,BEAM0001
-87.6065518313547,-47.0947221791731,40810127.7271144,BEAM0001,40810127.7271144,19640100100013219,BEAM0001
-87.4703457529493,-47.0496314593162,40810129.3965535,BEAM0001,40810129.3965535,19640100100013419,BEAM0001
-87.3346460340999,-47.0048082631115,40810131.0577286,BEAM0001,40810131.0577286,19640100100013619,BEAM0001
-87.1987656917455,-46.9596030819677,40810132.7271121,BEAM0001,40810132.7271121,19640100100013819,BEAM0001
-87.0630015380693,-46.9139811139213,40810134.3965512,BEAM0001,40810134.3965512,19640100100014019,BEAM0001
-86.9283335495312,-46.8685853303026,40810136.0577263,BEAM0001,40810136.0577263,19640100100014219,BEAM0001
-86.7944939606374,-46.823091348091,40810137.7105819,BEAM0001,40810137.7105819,19640100100014419,BEAM0001
-86.6601227534745,-46.7773330872249,40810139.3717569,BEAM0001,40810139.3717569,19640100100014619,BEAM0001
-86.5266894700157,-46.7316510309131,40810141.024668,BEAM0001,40810141.024668,19640100100014819,BEAM0001
-86.3936728955962,-46.6855783773856,40810142.6775235,BEAM0001,40810142.6775235,19640100100015019,BEAM0001
-86.2606416981967,-46.6394048934754,40810144.3304346,BEAM0001,40810144.3304346,19640100100015219,BEAM0001
-86.127917256294,-46.5934443003457,40810145.9833457,BEAM0001,40810145.9833457,19640100100015419,BEAM0001
-85.9941413988545,-46.5464557582777,40810147.6527292,BEAM0001,40810147.6527292,19640100100015619,BEAM0001
-85.8613383799257,-46.4996307751511,40810149.3139043,BEAM0001,40810149.3139043,19640100100015819,BEAM0001
-85.7293427835427,-46.4526787838078,40810150.9668153,BEAM0001,40810150.9668153,19640100100016019,BEAM0001
-85.597087388361,-46.405582294599,40810152.6279349,BEAM0001,40810152.6279349,19640100100016219,BEAM0001
-85.4655716553729,-46.3582769801083,40810154.280846,BEAM0001,40810154.280846,19640100100016419,BEAM0001
-85.3337173489126,-46.3108539087006,40810155.9420165,BEAM0001,40810155.9420165,19640100100016619,BEAM0001
-85.2026544070573,-46.2633282880672,40810157.5948766,BEAM0001,40810157.5948766,19640100100016819,BEAM0001
-85.0705951638292,-46.2153177614594,40810159.2643157,BEAM0001,40810159.2643157,19640100100017019,BEAM0001
-84.9394404547419,-46.1672219292818,40810160.9254822,BEAM0001,40810160.9254822,19640100100017219,BEAM0001
-84.8091966205798,-46.1191994069571,40810162.5783463,BEAM0001,40810162.5783463,19640100100017419,BEAM0001
-84.6791241317115,-46.0711620385313,40810164.2312574,BEAM0001,40810164.2312574,19640100100017619,BEAM0001
-84.5491791646448,-46.0229576761097,40810165.8841499,BEAM0001,40810165.8841499,19640100100017819,BEAM0001
-84.4188837428786,-45.9743416925834,40810167.545288,BEAM0001,40810167.545288,19640100100018019,BEAM0001
-84.2894990057319,-45.9259093431482,40810169.1981991,BEAM0001,40810169.1981991,19640100100018219,BEAM0001
-84.1586096274436,-45.8764954629398,40810170.8758816,BEAM0001,40810170.8758816,19640100100018419,BEAM0001
-84.0286597574824,-45.8269148727442,40810172.5452856,BEAM0001,40810172.5452856,19640100100018619,BEAM0001
-83.9002232265194,-45.777915904236,40810174.1981967,BEAM0001,40810174.1981967,19640100100018819,BEAM0001
-83.7718384899283,-45.7286775504867,40810175.8510813,BEAM0001,40810175.8510813,19640100100019019,BEAM0001
-83.643826319439,-45.679232586849,40810177.5039634,BEAM0001,40810177.5039634,19640100100019219,BEAM0001
-83.5159035040879,-45.6296835370672,40810179.1568744,BEAM0001,40810179.1568744,19640100100019419,BEAM0001
-83.3876340669662,-45.5797423311046,40810180.818015,BEAM0001,40810180.818015,19640100100019619,BEAM0001
-83.2601702884681,-45.5297305500274,40810182.4709051,BEAM0001,40810182.4709051,19640100100019819,BEAM0001
-83.132407828731,-45.4793917212097,40810184.1320802,BEAM0001,40810184.1320802,19640100100020019,BEAM0001
-83.0055082319992,-45.4294057318704,40810185.7849487,BEAM0001,40810185.7849487,19640100100020219,BEAM0001
-82.8787623779699,-45.3790520139264,40810187.4378468,BEAM0001,40810187.4378468,19640100100020419,BEAM0001
-82.7524921048415,-45.3283231639967,40810189.0907579,BEAM0001,40810189.0907579,19640100100020619,BEAM0001
-82.6249663093625,-45.2772219129501,40810190.7601484,BEAM0001,40810190.7601484,19640100100020819,BEAM0001
-82.4976221756806,-45.2259546483061,40810192.4295805,BEAM0001,40810192.4295805,19640100100021019,BEAM0001
-82.3717922902539,-45.1749927395296,40810194.0824914,BEAM0001,40810194.0824914,19640100100021219,BEAM0001
-82.2456879740536,-45.1233927535165,40810195.7436139,BEAM0001,40810195.7436139,19640100100021419,BEAM0001
-82.1198656968398,-45.0718350600033,40810197.404786,BEAM0001,40810197.404786,19640100100021619,BEAM0001
-81.9942365793174,-45.0202512716302,40810199.065961,BEAM0001,40810199.065961,19640100100021819,BEAM0001
-81.8694702034665,-44.9685060511912,40810200.7188168,BEAM0001,40810200.7188168,19640100100022019,BEAM0001
-81.7447668431753,-44.9167092932487,40810202.3717277,BEAM0001,40810202.3717277,19640100100022219,BEAM0001
-81.6203188354898,-44.8649025001355,40810204.0246388,BEAM0001,40810204.0246388,19640100100022419,BEAM0001
-81.4963282557748,-44.8130083414013,40810205.6774943,BEAM0001,40810205.6774943,19640100100022619,BEAM0001
-81.371294380467,-44.7601994744243,40810207.3469334,BEAM0001,40810207.3469334,19640100100022819,BEAM0001
-81.2471136404025,-44.7074519268796,40810209.0081085,BEAM0001,40810209.0081085,19640100100023019,BEAM0001
-81.1222985926553,-44.6543752126696,40810210.6774921,BEAM0001,40810210.6774921,19640100100023219,BEAM0001
-80.999184012091,-44.6019113917199,40810212.3304032,BEAM0001,40810212.3304032,19640100100023419,BEAM0001
-80.8763051432632,-44.5490503727995,40810213.9833142,BEAM0001,40810213.9833142,19640100100023619,BEAM0001
-80.7523479323879,-44.4955640946175,40810215.6526978,BEAM0001,40810215.6526978,19640100100023819,BEAM0001
-80.6292552891332,-44.4422955546078,40810217.3138728,BEAM0001,40810217.3138728,19640100100024019,BEAM0001
-80.506964611624,-44.3889385350912,40810218.9667839,BEAM0001,40810218.9667839,19640100100024219,BEAM0001
-80.3844649388622,-44.3352846366544,40810220.6279034,BEAM0001,40810220.6279034,19640100100024419,BEAM0001
-80.2613868209297,-44.2811831468882,40810222.2973425,BEAM0001,40810222.2973425,19640100100024619,BEAM0001
-80.1387015363098,-44.2269938767674,40810223.9667816,BEAM0001,40810223.9667816,19640100100024819,BEAM0001
-80.0174062817032,-44.1730168952625,40810225.6196372,BEAM0001,40810225.6196372,19640100100025019,BEAM0001
-79.8961295369263,-44.1190205277618,40810227.2725483,BEAM0001,40810227.2725483,19640100100025219,BEAM0001
-79.7752405116196,-44.0649517592405,40810228.9254508,BEAM0001,40810228.9254508,19640100100025419,BEAM0001
-79.6534703804256,-44.010024354165,40810230.5948429,BEAM0001,40810230.5948429,19640100100025619,BEAM0001
-79.5325764016176,-43.9554492130866,40810232.256018,BEAM0001,40810232.256018,19640100100025819,BEAM0001
-79.4119094416214,-43.9006006418687,40810233.9171825,BEAM0001,40810233.9171825,19640100100026019,BEAM0001
-79.2910007833063,-43.8454491281165,40810235.5865766,BEAM0001,40810235.5865766,19640100100026219,BEAM0001
-79.1710770976121,-43.7906373505235,40810237.2394877,BEAM0001,40810237.2394877,19640100100026419,BEAM0001
-79.05169660588,-43.7357082040022,40810238.8923822,BEAM0001,40810238.8923822,19640100100026619,BEAM0001
-78.9317635850587,-43.6800613376153,40810240.5535183,BEAM0001,40810240.5535183,19640100100026819,BEAM0001
-78.8129440725685,-43.6249724156663,40810242.2064294,BEAM0001,40810242.2064294,19640100100027019,BEAM0001
-78.6930470776629,-43.568871148537,40810243.8758479,BEAM0001,40810243.8758479,19640100100027219,BEAM0001
-78.574273486948,-43.5132389673196,40810245.5287241,BEAM0001,40810245.5287241,19640100100027419,BEAM0001
-78.4555518145414,-43.4574717912348,40810247.1898991,BEAM0001,40810247.1898991,19640100100027619,BEAM0001
-78.3366930252065,-43.4011231019604,40810248.8510476,BEAM0001,40810248.8510476,19640100100027819,BEAM0001
-78.2188315186689,-43.3452062696729,40810250.5039297,BEAM0001,40810250.5039297,19640100100028019,BEAM0001
-78.1011594362594,-43.2891898108472,40810252.1568409,BEAM0001,40810252.1568409,19640100100028219,BEAM0001
-77.9835724485129,-43.2328216003492,40810253.8097154,BEAM0001,40810253.8097154,19640100100028419,BEAM0001
-77.8664276804811,-43.1763663030869,40810255.4626074,BEAM0001,40810255.4626074,19640100100028619,BEAM0001
-77.7489078619351,-43.119610565098,40810257.1237825,BEAM0001,40810257.1237825,19640100100028819,BEAM0001
-77.6316145901629,-43.0626376881207,40810258.7849151,BEAM0001,40810258.7849151,19640100100029019,BEAM0001
-77.5152371832497,-43.005837093968,40810260.4378131,BEAM0001,40810260.4378131,19640100100029219,BEAM0001
-77.3989027074596,-42.9489549435019,40810262.0907242,BEAM0001,40810262.0907242,19640100100029419,BEAM0001
-77.2823773568687,-42.8916227362894,40810263.7518488,BEAM0001,40810263.7518488,19640100100029619,BEAM0001
-77.1667849760137,-42.8345507669022,40810265.4047548,BEAM0001,40810265.4047548,19640100100029819,BEAM0001
-77.0511560703765,-42.7772559911814,40810267.057666,BEAM0001,40810267.057666,19640100100030019,BEAM0001
-76.9358384058756,-42.7197843785136,40810268.7105214,BEAM0001,40810268.7105214,19640100100030219,BEAM0001
-76.820699663316,-42.6621752170662,40810270.3634325,BEAM0001,40810270.3634325,19640100100030419,BEAM0001
-76.7057364573274,-42.6044885986756,40810272.0163437,BEAM0001,40810272.0163437,19640100100030619,BEAM0001
-76.5911457236499,-42.5467009166375,40810273.6691991,BEAM0001,40810273.6691991,19640100100030819,BEAM0001
-76.4768805949097,-42.4885794759353,40810275.3221103,BEAM0001,40810275.3221103,19640100100031019,BEAM0001
-76.3620634970155,-42.4302149623702,40810276.9832853,BEAM0001,40810276.9832853,19640100100031219,BEAM0001
-76.2480644136531,-42.3721687789324,40810278.6361409,BEAM0001,40810278.6361409,19640100100031419,BEAM0001
-76.1341967419737,-42.313815188946,40810280.2890519,BEAM0001,40810280.2890519,19640100100031619,BEAM0001
-76.0194770658084,-42.2548116242795,40810281.9584906,BEAM0001,40810281.9584906,19640100100031819,BEAM0001
-75.9057101505103,-42.1958098746969,40810283.6196106,BEAM0001,40810283.6196106,19640100100032019,BEAM0001
-75.7919044159709,-42.1366569981927,40810285.2807857,BEAM0001,40810285.2807857,19640100100032219,BEAM0001
-75.6779186170699,-42.0772020386247,40810286.9502222,BEAM0001,40810286.9502222,19640100100032419,BEAM0001
-75.5632171506782,-42.0171256856062,40810288.6361363,BEAM0001,40810288.6361363,19640100100032619,BEAM0001
-75.4496212805348,-41.9573873986818,40810290.3055753,BEAM0001,40810290.3055753,19640100100032819,BEAM0001
-75.3373952045881,-41.8982149256462,40810291.958486,BEAM0001,40810291.958486,19640100100033019,BEAM0001
-75.2242884659798,-41.838361061474,40810293.62787,BEAM0001,40810293.62787,19640100100033219,BEAM0001
-75.1125072241872,-41.7785788792832,40810295.2807811,BEAM0001,40810295.2807811,19640100100033419,BEAM0001
-75.0009241458122,-41.7191526684191,40810296.9336857,BEAM0001,40810296.9336857,19640100100033619,BEAM0001
-74.8891841730067,-41.6591997953443,40810298.5948118,BEAM0001,40810298.5948118,19640100100033819,BEAM0001
-74.7774501139771,-41.5988819853392,40810300.2559868,BEAM0001,40810300.2559868,19640100100034019,BEAM0001
-74.6667685983164,-41.5389541778535,40810301.9088853,BEAM0001,40810301.9088853,19640100100034219,BEAM0001
-74.554947202032,-41.4783763726913,40810303.5782814,BEAM0001,40810303.5782814,19640100100034419,BEAM0001
-74.4443513142461,-41.4179938785833,40810305.2311925,BEAM0001,40810305.2311925,19640100100034619,BEAM0001
-74.3331444442265,-41.3576269146502,40810306.9088831,BEAM0001,40810306.9088831,19640100100034819,BEAM0001
-74.2208228543568,-41.2954024733778,40810308.5865431,BEAM0001,40810308.5865431,19640100100035019,BEAM0001
-74.110609557002,-41.2344399097932,40810310.2477182,BEAM0001,40810310.2477182,19640100100035219,BEAM0001
-74.0010006525092,-41.1737850407442,40810311.9006148,BEAM0001,40810311.9006148,19640100100035419,BEAM0001
-73.8905097892551,-41.1124706491585,40810313.5700129,BEAM0001,40810313.5700129,19640100100035619,BEAM0001
-73.7809385243986,-41.0513019405889,40810315.231188,BEAM0001,40810315.231188,19640100100035819,BEAM0001
-73.6721688034568,-40.990834967383,40810316.8923465,BEAM0001,40810316.8923465,19640100100036019,BEAM0001
-73.5631326396912,-40.9290300087215,40810318.5452185,BEAM0001,40810318.5452185,19640100100036219,BEAM0001
-73.4537592485581,-40.8670722575749,40810320.2063937,BEAM0001,40810320.2063937,19640100100036419,BEAM0001
-73.3448421885905,-40.8054439136453,40810321.8675462,BEAM0001,40810321.8675462,19640100100036619,BEAM0001
-73.2362827897725,-40.7435530463051,40810323.5286883,BEAM0001,40810323.5286883,19640100100036819,BEAM0001
-73.1278190977772,-40.6816514915187,40810325.1898634,BEAM0001,40810325.1898634,19640100100037019,BEAM0001
-73.0202808260726,-40.6200618357493,40810326.8427459,BEAM0001,40810326.8427459,19640100100037219,BEAM0001
-72.9119031496563,-40.5574984995014,40810328.5121579,BEAM0001,40810328.5121579,19640100100037419,BEAM0001
-72.8035428135893,-40.4949563675544,40810330.181597,BEAM0001,40810330.181597,19640100100037619,BEAM0001
-72.6959292563905,-40.4326446654716,40810331.8427436,BEAM0001,40810331.8427436,19640100100037819,BEAM0001
-72.5891116128474,-40.3704709687376,40810333.4956277,BEAM0001,40810333.4956277,19640100100038019,BEAM0001
-72.4819984272616,-40.3078561235305,40810335.1568028,BEAM0001,40810335.1568028,19640100100038219,BEAM0001
-72.3756800376146,-40.2453693353596,40810336.8096773,BEAM0001,40810336.8096773,19640100100038419,BEAM0001
-72.2689607656809,-40.1825391098861,40810338.4708334,BEAM0001,40810338.4708334,19640100100038619,BEAM0001
-72.1624439335109,-40.1194818296519,40810340.1320085,BEAM0001,40810340.1320085,19640100100038819,BEAM0001
-72.0567518887061,-40.0566969483399,40810341.784877,BEAM0001,40810341.784877,19640100100039019,BEAM0001
-71.9505849995867,-39.9935250487154,40810343.4460392,BEAM0001,40810343.4460392,19640100100039219,BEAM0001
-71.8442485033714,-39.9300074269977,40810345.1154782,BEAM0001,40810345.1154782,19640100100039419,BEAM0001
-71.7385515107398,-39.8666302895254,40810346.7766088,BEAM0001,40810346.7766088,19640100100039619,BEAM0001
-71.6325691007942,-39.8027544266833,40810348.4460369,BEAM0001,40810348.4460369,19640100100039819,BEAM0001
-71.5268280214004,-39.7386817219929,40810350.1154759,BEAM0001,40810350.1154759,19640100100040019,BEAM0001
-71.4218159651599,-39.675126881543,40810351.7766064,BEAM0001,40810351.7766064,19640100100040219,BEAM0001
-71.3164601389896,-39.6108458013311,40810353.4460346,BEAM0001,40810353.4460346,19640100100040419,BEAM0001
-71.2118031360986,-39.5470053212059,40810355.1072097,BEAM0001,40810355.1072097,19640100100040619,BEAM0001
-71.1073943327918,-39.4829717953009,40810356.7683382,BEAM0001,40810356.7683382,19640100100040819,BEAM0001
-71.0032887886658,-39.4187606590682,40810358.4295043,BEAM0001,40810358.4295043,19640100100041019,BEAM0001
-70.8996299544475,-39.3547604505591,40810360.0824153,BEAM0001,40810360.0824153,19640100100041219,BEAM0001
-70.7948099769861,-39.2899836934044,40810361.7600699,BEAM0001,40810361.7600699,19640100100041419,BEAM0001
-70.6910917307004,-39.2253715600392,40810363.421238,BEAM0001,40810363.421238,19640100100041619,BEAM0001
-70.5882636310169,-39.1611468685536,40810365.0741491,BEAM0001,40810365.0741491,19640100100041819,BEAM0001
-70.4855434396872,-39.09672028877,40810366.7270046,BEAM0001,40810366.7270046,19640100100042019,BEAM0001
-70.3824423886671,-39.0319024511434,40810368.3881797,BEAM0001,40810368.3881797,19640100100042219,BEAM0001
-70.2802166866942,-38.9673283693883,40810370.0410908,BEAM0001,40810370.0410908,19640100100042419,BEAM0001
-70.177992264278,-38.9025989492237,40810371.6939463,BEAM0001,40810371.6939463,19640100100042619,BEAM0001
-70.0740318627201,-38.8366277406178,40810373.3799134,BEAM0001,40810373.3799134,19640100100042819,BEAM0001
-69.9722288289997,-38.7716729353213,40810375.0328245,BEAM0001,40810375.0328245,19640100100043019,BEAM0001
-69.8697079841431,-38.7061213981609,40810376.702208,BEAM0001,40810376.702208,19640100100043219,BEAM0001
-69.7684057719894,-38.6408788698684,40810378.3551191,BEAM0001,40810378.3551191,19640100100043419,BEAM0001
-69.6672131646766,-38.5757604947734,40810380.0080302,BEAM0001,40810380.0080302,19640100100043619,BEAM0001
-69.566292063296,-38.5105100124786,40810381.6608857,BEAM0001,40810381.6608857,19640100100043819,BEAM0001
-69.4651448912068,-38.4445020226195,40810383.3220608,BEAM0001,40810383.3220608,19640100100044019,BEAM0001
-69.3635859367554,-38.378506629562,40810384.9915,BEAM0001,40810384.9915,19640100100044219,BEAM0001
-69.2627157072043,-38.3126135711284,40810386.6526194,BEAM0001,40810386.6526194,19640100100044419,BEAM0001
-69.1616359803281,-38.2462029513149,40810388.3220586,BEAM0001,40810388.3220586,19640100100044619,BEAM0001
-69.0601609742886,-38.1793210412556,40810389.9997616,BEAM0001,40810389.9997616,19640100100044819,BEAM0001
-68.9599071358751,-38.1130508878011,40810391.6608812,BEAM0001,40810391.6608812,19640100100045019,BEAM0001
-68.8603352564035,-38.0470620698287,40810393.3137923,BEAM0001,40810393.3137923,19640100100045219,BEAM0001
-68.760025372292,-37.9802518271347,40810394.9832314,BEAM0001,40810394.9832314,19640100100045419,BEAM0001
-68.660852843892,-37.9140607810323,40810396.6360869,BEAM0001,40810396.6360869,19640100100045619,BEAM0001
-68.5614690649582,-37.8474069265946,40810398.297262,BEAM0001,40810398.297262,19640100100045819,BEAM0001
-68.4621087009061,-37.7807220216984,40810399.9584365,BEAM0001,40810399.9584365,19640100100046019,BEAM0001
-68.3629599833173,-37.7139409596857,40810401.6195566,BEAM0001,40810401.6195566,19640100100046219,BEAM0001
-68.2646108717943,-37.647274566299,40810403.2724677,BEAM0001,40810403.2724677,19640100100046419,BEAM0001
-68.1658089523389,-37.5803165329811,40810404.9336362,BEAM0001,40810404.9336362,19640100100046619,BEAM0001
-68.0672619851711,-37.5132802525392,40810406.5947623,BEAM0001,40810406.5947623,19640100100046819,BEAM0001
-67.9694620431496,-37.4464100534296,40810408.2476734,BEAM0001,40810408.2476734,19640100100047019,BEAM0001
-67.8712344419797,-37.3791493236292,40810409.9088359,BEAM0001,40810409.9088359,19640100100047219,BEAM0001
-67.7733180498937,-37.311695969952,40810411.5699681,BEAM0001,40810411.5699681,19640100100047419,BEAM0001
-67.6755419337432,-37.2442189769474,40810413.2311431,BEAM0001,40810413.2311431,19640100100047619,BEAM0001
-67.5769223964257,-37.176053474194,40810414.9088337,BEAM0001,40810414.9088337,19640100100047819,BEAM0001
-67.4790648032992,-37.1079200661542,40810416.5782297,BEAM0001,40810416.5782297,19640100100048019,BEAM0001
-67.3818332398764,-37.0401841289713,40810418.2394048,BEAM0001,40810418.2394048,19640100100048219,BEAM0001
-67.2851548071833,-36.9727011172215,40810419.8922994,BEAM0001,40810419.8922994,19640100100048419,BEAM0001
-67.1882260683982,-36.9048101403977,40810421.5534355,BEAM0001,40810421.5534355,19640100100048619,BEAM0001
-67.0919576632596,-36.8370879355215,40810423.2063466,BEAM0001,40810423.2063466,19640100100048819,BEAM0001
-66.995533095805,-36.7689115681418,40810424.8674991,BEAM0001,40810424.8674991,19640100100049019,BEAM0001
-66.8996359559216,-36.7010535836079,40810426.5203772,BEAM0001,40810426.5203772,19640100100049219,BEAM0001
-66.8035239948044,-36.6327961307815,40810428.1815523,BEAM0001,40810428.1815523,19640100100049419,BEAM0001
-66.7077145630186,-36.5642894302168,40810429.8426988,BEAM0001,40810429.8426988,19640100100049619,BEAM0001
-66.6123259127656,-36.4960748422469,40810431.4955829,BEAM0001,40810431.4955829,19640100100049819,BEAM0001
-66.5166851064051,-36.4276027569199,40810433.156758,BEAM0001,40810433.156758,19640100100050019,BEAM0001
-66.4216576315652,-36.3592861021292,40810434.8096325,BEAM0001,40810434.8096325,19640100100050219,BEAM0001
-66.326881679276,-36.2909799647838,40810436.4625247,BEAM0001,40810436.4625247,19640100100050419,BEAM0001
-66.2318249519639,-36.2219853211903,40810438.1236997,BEAM0001,40810438.1236997,19640100100050619,BEAM0001
-66.1374435839954,-36.1534136689152,40810439.7765663,BEAM0001,40810439.7765663,19640100100050819,BEAM0001
-66.0422872041184,-36.0840535462308,40810441.4459944,BEAM0001,40810441.4459944,19640100100051019,BEAM0001
-65.9481803529502,-36.0153164544783,40810443.0989054,BEAM0001,40810443.0989054,19640100100051219,BEAM0001
-65.853855944838,-35.9461513523013,40810444.760032,BEAM0001,40810444.760032,19640100100051419,BEAM0001
-65.7601419302157,-35.8772344840508,40810446.4129361,BEAM0001,40810446.4129361,19640100100051619,BEAM0001
-65.6666477303874,-35.8082134805238,40810448.0658472,BEAM0001,40810448.0658472,19640100100051819,BEAM0001
-65.5727062070865,-35.7387787909945,40810449.7269668,BEAM0001,40810449.7269668,19640100100052019,BEAM0001
-65.4792251057801,-35.6692004935136,40810451.3881418,BEAM0001,40810451.3881418,19640100100052219,BEAM0001
-65.3861679137363,-35.5998987893521,40810453.0410529,BEAM0001,40810453.0410529,19640100100052419,BEAM0001
-65.2928306308456,-35.530252461551,40810454.7021724,BEAM0001,40810454.7021724,19640100100052619,BEAM0001
-65.1996742401394,-35.4604038274932,40810456.3633476,BEAM0001,40810456.3633476,19640100100052819,BEAM0001
-65.1057730359576,-35.3898824136109,40810458.0410507,BEAM0001,40810458.0410507,19640100100053019,BEAM0001
-65.0134177848947,-35.3202603030057,40810459.6939061,BEAM0001,40810459.6939061,19640100100053219,BEAM0001
-64.9213736906206,-35.2504606373548,40810461.3468172,BEAM0001,40810461.3468172,19640100100053419,BEAM0001
-64.8288807426721,-35.1803392682755,40810463.0079924,BEAM0001,40810463.0079924,19640100100053619,BEAM0001
-64.7364470710313,-35.1102373487176,40810464.6691119,BEAM0001,40810464.6691119,19640100100053819,BEAM0001
-64.6448375437034,-35.040405995844,40810466.3220229,BEAM0001,40810466.3220229,19640100100054019,BEAM0001
-64.5534924472608,-34.9703228436211,40810467.9749341,BEAM0001,40810467.9749341,19640100100054219,BEAM0001
-64.4622676361324,-34.900325658297,40810469.6277896,BEAM0001,40810469.6277896,19640100100054419,BEAM0001
-64.370676969847,-34.8298758672538,40810471.2889647,BEAM0001,40810471.2889647,19640100100054619,BEAM0001
-64.279048858157,-34.7587722994207,40810472.9584033,BEAM0001,40810472.9584033,19640100100054819,BEAM0001
-64.1876721616681,-34.6881943333435,40810474.6195233,BEAM0001,40810474.6195233,19640100100055019,BEAM0001
-64.0968372313952,-34.6179840964176,40810476.2724344,BEAM0001,40810476.2724344,19640100100055219,BEAM0001
-64.0059864111061,-34.547082474635,40810477.9336029,BEAM0001,40810477.9336029,19640100100055419,BEAM0001
-63.9156556168702,-34.4765193775491,40810479.5864651,BEAM0001,40810479.5864651,19640100100055619,BEAM0001
-63.8247134312413,-34.4051251257673,40810481.2559042,BEAM0001,40810481.2559042,19640100100055819,BEAM0001
-63.733816123222,-34.3337052397935,40810482.9253347,BEAM0001,40810482.9253347,19640100100056019,BEAM0001
-63.6434590023701,-34.2626000407555,40810484.5864628,BEAM0001,40810484.5864628,19640100100056219,BEAM0001
-63.5538344111375,-34.1916556036654,40810486.2393738,BEAM0001,40810486.2393738,19640100100056419,BEAM0001
-63.4638995534515,-34.1203247522157,40810487.9005345,BEAM0001,40810487.9005345,19640100100056619,BEAM0001
-63.3745148849578,-34.0493241392813,40810489.5534045,BEAM0001,40810489.5534045,19640100100056819,BEAM0001
-63.2852445252996,-33.9782105500196,40810491.2063156,BEAM0001,40810491.2063156,19640100100057019,BEAM0001
-63.1962684499394,-33.907003785401,40810492.8592022,BEAM0001,40810492.8592022,19640100100057219,BEAM0001
-63.1068459454642,-33.8354335832866,40810494.5203462,BEAM0001,40810494.5203462,19640100100057419,BEAM0001
-63.0180584187347,-33.7640817076902,40810496.1732573,BEAM0001,40810496.1732573,19640100100057619,BEAM0001
-62.9291413770376,-33.6922281668305,40810497.8344019,BEAM0001,40810497.8344019,19640100100057819,BEAM0001
-62.8399117225585,-33.6199604486462,40810499.503816,BEAM0001,40810499.503816,19640100100058019,BEAM0001
-62.7510960170872,-33.5481257150452,40810501.1649911,BEAM0001,40810501.1649911,19640100100058219,BEAM0001
-62.6625062904513,-33.4761156807888,40810502.8261335,BEAM0001,40810502.8261335,19640100100058419,BEAM0001
-62.5736483003061,-33.4037480734441,40810504.4955497,BEAM0001,40810504.4955497,19640100100058619,BEAM0001
-62.4855274982599,-33.3319986767633,40810506.1567248,BEAM0001,40810506.1567248,19640100100058819,BEAM0001
-62.3973299092048,-33.2593659912465,40810507.8178653,BEAM0001,40810507.8178653,19640100100059019,BEAM0001
-62.3094311863198,-33.1871191674082,40810509.4790194,BEAM0001,40810509.4790194,19640100100059219,BEAM0001
-62.2220658566283,-33.1150992315782,40810511.1319305,BEAM0001,40810511.1319305,19640100100059419,BEAM0001
-62.1345100118996,-33.0426302352849,40810512.793065,BEAM0001,40810512.793065,19640100100059619,BEAM0001
-62.0474784187977,-32.9704820925559,40810514.4459611,BEAM0001,40810514.4459611,19640100100059819,BEAM0001
-61.9601196078703,-32.897972594361,40810516.1071363,BEAM0001,40810516.1071363,19640100100060019,BEAM0001
-61.8724514429461,-32.8249568821312,40810517.7765308,BEAM0001,40810517.7765308,19640100100060219,BEAM0001
-61.7854563729218,-32.7521985407497,40810519.4376948,BEAM0001,40810519.4376948,19640100100060419,BEAM0001
-61.6990302569979,-32.6797822841915,40810521.090606,BEAM0001,40810521.090606,19640100100060619,BEAM0001
-61.6115846624839,-32.6060394908356,40810522.7682625,BEAM0001,40810522.7682625,19640100100060819,BEAM0001
-61.524431202764,-32.5328584009729,40810524.4376926,BEAM0001,40810524.4376926,19640100100061019,BEAM0001
-61.4375572166972,-32.4594500927012,40810526.1071317,BEAM0001,40810526.1071317,19640100100061219,BEAM0001
-61.351390177248,-32.3863225677295,40810527.7682602,BEAM0001,40810527.7682602,19640100100061419,BEAM0001
-61.265635377012,-32.3135005478124,40810529.4211623,BEAM0001,40810529.4211623,19640100100061619,BEAM0001
-61.1801456600655,-32.2405647274016,40810531.0740734,BEAM0001,40810531.0740734,19640100100061819,BEAM0001
-61.0948204469693,-32.1675597261803,40810532.726929,BEAM0001,40810532.726929,19640100100062019,BEAM0001
-61.0090942893584,-32.094207362242,40810534.388104,BEAM0001,40810534.388104,19640100100062219,BEAM0001
-60.9235997250841,-32.0207222899859,40810536.0492792,BEAM0001,40810536.0492792,19640100100062419,BEAM0001
-60.8381903711362,-31.9472116201554,40810537.7103986,BEAM0001,40810537.7103986,19640100100062619,BEAM0001
-60.7529065147336,-31.8736060366442,40810539.3715738,BEAM0001,40810539.3715738,19640100100062819,BEAM0001
-60.6678443132193,-31.7999346500272,40810541.0327488,BEAM0001,40810541.0327488,19640100100063019,BEAM0001
-60.5828682182071,-31.7261992682917,40810542.6938684,BEAM0001,40810542.6938684,19640100100063219,BEAM0001
-60.4985800512314,-31.6526979207017,40810544.3467795,BEAM0001,40810544.3467795,19640100100063419,BEAM0001
-60.4139135724093,-31.5788876240554,40810546.0079546,BEAM0001,40810546.0079546,19640100100063619,BEAM0001
-60.3289036104552,-31.5045907683861,40810547.6773381,BEAM0001,40810547.6773381,19640100100063819,BEAM0001
-60.2441645072776,-31.4301481756781,40810549.3467772,BEAM0001,40810549.3467772,19640100100064019,BEAM0001
-60.1594667772466,-31.355677024791,40810551.0162163,BEAM0001,40810551.0162163,19640100100064219,BEAM0001
-60.0757521176874,-31.2819464438707,40810552.6690719,BEAM0001,40810552.6690719,19640100100064419,BEAM0001
-59.991700524359,-31.207757878912,40810554.3302469,BEAM0001,40810554.3302469,19640100100064619,BEAM0001
-59.9085338328362,-31.133826914464,40810555.9831581,BEAM0001,40810555.9831581,19640100100064819,BEAM0001
-59.8253314451464,-31.0598521070639,40810557.6360135,BEAM0001,40810557.6360135,19640100100065019,BEAM0001
-59.7422856731781,-30.9858708289312,40810559.2889247,BEAM0001,40810559.2889247,19640100100065219,BEAM0001
-59.6594484056697,-30.9118121988664,40810560.9418312,BEAM0001,40810560.9418312,19640100100065419,BEAM0001
-59.5766173118188,-30.8377257068423,40810562.5946913,BEAM0001,40810562.5946913,19640100100065619,BEAM0001
-59.4931079065591,-30.7628122066882,40810564.2641304,BEAM0001,40810564.2641304,19640100100065819,BEAM0001
-59.4100279479807,-30.6881558184952,40810565.925297,BEAM0001,40810565.925297,19640100100066019,BEAM0001
-59.3276304546987,-30.6137783721951,40810567.5781611,BEAM0001,40810567.5781611,19640100100066219,BEAM0001
-59.2455116696761,-30.539315619296,40810569.2310722,BEAM0001,40810569.2310722,19640100100066419,BEAM0001
-59.1626984232977,-30.4640778484258,40810570.9004966,BEAM0001,40810570.9004966,19640100100066619,BEAM0001
-59.0807226096791,-30.3895576177944,40810572.5533668,BEAM0001,40810572.5533668,19640100100066819,BEAM0001
-58.9983856972297,-30.3147075977119,40810574.2145419,BEAM0001,40810574.2145419,19640100100067019,BEAM0001
-58.9165642386596,-30.2401460912278,40810575.8674304,BEAM0001,40810575.8674304,19640100100067219,BEAM0001
-58.8342070046229,-30.1646268763503,40810577.5368365,BEAM0001,40810577.5368365,19640100100067419,BEAM0001
-58.7527333534881,-30.0899164528072,40810579.1897476,BEAM0001,40810579.1897476,19640100100067619,BEAM0001
-58.6706134622301,-30.0143371191175,40810580.8591622,BEAM0001,40810580.8591622,19640100100067819,BEAM0001
-58.5894989636433,-29.9393990026205,40810582.5120422,BEAM0001,40810582.5120422,19640100100068019,BEAM0001
-58.5084262591565,-29.8644986925667,40810584.1649533,BEAM0001,40810584.1649533,19640100100068219,BEAM0001
-58.4262313032027,-29.7883828011497,40810585.8426279,BEAM0001,40810585.8426279,19640100100068419,BEAM0001
-58.3449874198776,-29.7130692584406,40810587.5037759,BEAM0001,40810587.5037759,19640100100068619,BEAM0001
-58.2634439683013,-29.6371833812858,40810589.173215,BEAM0001,40810589.173215,19640100100068819,BEAM0001
-58.1831420517092,-29.5617999590777,40810590.8260936,BEAM0001,40810590.8260936,19640100100069019,BEAM0001
-58.1024068977984,-29.4862503793163,40810592.4872457,BEAM0001,40810592.4872457,19640100100069219,BEAM0001
-58.0208338755227,-29.4098972312601,40810594.1649488,BEAM0001,40810594.1649488,19640100100069419,BEAM0001
-57.9398381547116,-29.3338344252401,40810595.8343573,BEAM0001,40810595.8343573,19640100100069619,BEAM0001
-57.8589765655747,-29.2577212293809,40810597.5037714,BEAM0001,40810597.5037714,19640100100069819,BEAM0001
-57.7786157359345,-29.1819202661193,40810599.1649465,BEAM0001,40810599.1649465,19640100100070019,BEAM0001
-57.6984484319589,-29.1060087177542,40810600.826089,BEAM0001,40810600.826089,19640100100070219,BEAM0001
-57.6184908131623,-29.0300422653661,40810602.4872411,BEAM0001,40810602.4872411,19640100100070419,BEAM0001
-57.5383169072827,-28.9535542685631,40810604.1566802,BEAM0001,40810604.1566802,19640100100070619,BEAM0001
-57.4584981944765,-28.8774325997955,40810605.8178208,BEAM0001,40810605.8178208,19640100100070819,BEAM0001
-57.378841510517,-28.8013972620289,40810607.4789749,BEAM0001,40810607.4789749,19640100100071019,BEAM0001
-57.2995111284005,-28.7256475556917,40810609.131886,BEAM0001,40810609.131886,19640100100071219,BEAM0001
-57.220442959658,-28.6498450933655,40810610.7847545,BEAM0001,40810610.7847545,19640100100071419,BEAM0001
-57.1416675435058,-28.5738525816474,40810612.4376526,BEAM0001,40810612.4376526,19640100100071619,BEAM0001
-57.0625946296878,-28.4974673782517,40810614.0988277,BEAM0001,40810614.0988277,19640100100071819,BEAM0001
-56.9835517330537,-28.4211151329513,40810615.7599542,BEAM0001,40810615.7599542,19640100100072019,BEAM0001
-56.9049436499658,-28.3450867328723,40810617.4128584,BEAM0001,40810617.4128584,19640100100072219,BEAM0001
-56.8257759103692,-28.2682956524692,40810619.0822974,BEAM0001,40810619.0822974,19640100100072419,BEAM0001
-56.7476750834905,-28.1921604542597,40810620.735154,BEAM0001,40810620.735154,19640100100072619,BEAM0001
-56.6695479017017,-28.1161150383073,40810622.3880641,BEAM0001,40810622.3880641,19640100100072819,BEAM0001
-56.5911208864299,-28.0393901142868,40810624.0492392,BEAM0001,40810624.0492392,19640100100073019,BEAM0001
-56.5124281059168,-27.9623501639299,40810625.7186227,BEAM0001,40810625.7186227,19640100100073219,BEAM0001
-56.4342098005836,-27.8856430845786,40810627.3797977,BEAM0001,40810627.3797977,19640100100073419,BEAM0001
-56.3564771795784,-27.8091790222011,40810629.0327089,BEAM0001,40810629.0327089,19640100100073619,BEAM0001
-56.2780678282765,-27.7320312863081,40810630.7020924,BEAM0001,40810630.7020924,19640100100073819,BEAM0001
-56.2002944194692,-27.6550177898795,40810632.3632676,BEAM0001,40810632.3632676,19640100100074019,BEAM0001
-56.1222990069433,-27.57754916609,40810634.0327066,BEAM0001,40810634.0327066,19640100100074219,BEAM0001
-56.0443191144163,-27.5000998669989,40810635.7020902,BEAM0001,40810635.7020902,19640100100074419,BEAM0001
-55.9671970511653,-27.4234191976741,40810637.3550012,BEAM0001,40810637.3550012,19640100100074619,BEAM0001
-55.8898681168976,-27.34622123432,40810639.0161764,BEAM0001,40810639.0161764,19640100100074819,BEAM0001
-55.8126073227104,-27.2690306897419,40810640.6772959,BEAM0001,40810640.6772959,19640100100075019,BEAM0001
-55.7357720131022,-27.1922364320712,40810642.330207,BEAM0001,40810642.330207,19640100100075219,BEAM0001
-55.6587631679923,-27.1148453562292,40810643.991382,BEAM0001,40810643.991382,19640100100075419,BEAM0001
-55.5820217993401,-27.0374196159899,40810645.6525016,BEAM0001,40810645.6525016,19640100100075619,BEAM0001
-55.5052354564621,-26.9599185190037,40810647.3136767,BEAM0001,40810647.3136767,19640100100075819,BEAM0001
-55.4289554463223,-26.8828548471316,40810648.9665878,BEAM0001,40810648.9665878,19640100100076019,BEAM0001
-55.3519863305557,-26.8049781370198,40810650.6359714,BEAM0001,40810650.6359714,19640100100076219,BEAM0001
-55.2758719746005,-26.7278061962095,40810652.2888825,BEAM0001,40810652.2888825,19640100100076419,BEAM0001
-55.1999285216368,-26.650563515658,40810653.9417889,BEAM0001,40810653.9417889,19640100100076619,BEAM0001
-55.1233350993447,-26.5724968152999,40810655.6111771,BEAM0001,40810655.6111771,19640100100076819,BEAM0001
-55.0476457123449,-26.4951146102395,40810657.2640881,BEAM0001,40810657.2640881,19640100100077019,BEAM0001
-54.9709178203004,-26.4165181827973,40810658.9417868,BEAM0001,40810658.9417868,19640100100077219,BEAM0001
-54.895119863593,-26.338678662687,40810660.6029108,BEAM0001,40810660.6029108,19640100100077419,BEAM0001
-54.8192401747433,-26.2608606940781,40810662.2640859,BEAM0001,40810662.2640859,19640100100077619,BEAM0001
-54.7434811563046,-26.1829762808804,40810663.9252525,BEAM0001,40810663.9252525,19640100100077819,BEAM0001
-54.6681994324781,-26.1054410028626,40810665.5781165,BEAM0001,40810665.5781165,19640100100078019,BEAM0001
-54.5927693295792,-26.0274162167887,40810667.2392917,BEAM0001,40810667.2392917,19640100100078219,BEAM0001
-54.5170457210612,-25.9488878663188,40810668.9087181,BEAM0001,40810668.9087181,19640100100078419,BEAM0001
-54.4422049375134,-25.8711406584832,40810670.5615863,BEAM0001,40810670.5615863,19640100100078619,BEAM0001
-54.3674805704792,-25.7934002902827,40810672.2144974,BEAM0001,40810672.2144974,19640100100078819,BEAM0001
-54.2924313346802,-25.7151713763356,40810673.875652,BEAM0001,40810673.875652,19640100100079019,BEAM0001
-54.2179384296016,-25.6372780058282,40810675.528528,BEAM0001,40810675.528528,19640100100079219,BEAM0001
-54.1430825615286,-25.5590594578076,40810677.1897031,BEAM0001,40810677.1897031,19640100100079419,BEAM0001
-54.0682769513746,-25.4807737059366,40810678.8508516,BEAM0001,40810678.8508516,19640100100079619,BEAM0001
-53.9939519885233,-25.4027541999842,40810680.5037337,BEAM0001,40810680.5037337,19640100100079819,BEAM0001
-53.9191526068682,-25.3239105470448,40810682.1731728,BEAM0001,40810682.1731728,19640100100080019,BEAM0001
-53.8452344514352,-25.2457529808537,40810683.8260513,BEAM0001,40810683.8260513,19640100100080219,BEAM0001
-53.7708399238728,-25.1672923042714,40810685.4872035,BEAM0001,40810685.4872035,19640100100080419,BEAM0001
-53.6962584444287,-25.0883656509256,40810687.1566426,BEAM0001,40810687.1566426,19640100100080619,BEAM0001
-53.6213622546069,-25.0090245652818,40810688.8343151,BEAM0001,40810688.8343151,19640100100080819,BEAM0001
-53.5478140691571,-24.9306786110185,40810690.4872012,BEAM0001,40810690.4872012,19640100100081019,BEAM0001
-53.4736770696287,-24.8514789122607,40810692.1566402,BEAM0001,40810692.1566402,19640100100081219,BEAM0001
-53.3998867602456,-24.7727049466351,40810693.8177809,BEAM0001,40810693.8177809,19640100100081419,BEAM0001
-53.325402045553,-24.6931179982763,40810695.4954629,BEAM0001,40810695.4954629,19640100100081619,BEAM0001
-53.251057739301,-24.6134918774461,40810697.173166,BEAM0001,40810697.173166,19640100100081819,BEAM0001
-53.177601954143,-24.5345472954155,40810698.8343106,BEAM0001,40810698.8343106,19640100100082019,BEAM0001
-53.1044136993935,-24.4554822603751,40810700.4954606,BEAM0001,40810700.4954606,19640100100082219,BEAM0001
-53.0315514761367,-24.3767967855288,40810702.1483717,BEAM0001,40810702.1483717,19640100100082419,BEAM0001
-52.9579916063406,-24.2973721351553,40810703.8177763,BEAM0001,40810703.8177763,19640100100082619,BEAM0001
-52.8848490471133,-24.2183418735325,40810705.4789303,BEAM0001,40810705.4789303,19640100100082819,BEAM0001
-52.8121882050664,-24.1396444378783,40810707.1318415,BEAM0001,40810707.1318415,19640100100083019,BEAM0001
-52.7393817340525,-24.0604303433365,40810708.792976,BEAM0001,40810708.792976,19640100100083219,BEAM0001
-52.667044721812,-23.9816042807254,40810710.4458721,BEAM0001,40810710.4458721,19640100100083419,BEAM0001
-52.5936565699118,-23.901579023469,40810712.1235752,BEAM0001,40810712.1235752,19640100100083619,BEAM0001
-52.5207383581672,-23.8218792754064,40810713.7929737,BEAM0001,40810713.7929737,19640100100083819,BEAM0001
-52.4482203428319,-23.7425815829918,40810715.4541339,BEAM0001,40810715.4541339,19640100100084019,BEAM0001
-52.3756863534602,-23.6632431300414,40810717.1153089,BEAM0001,40810717.1153089,19640100100084219,BEAM0001
-52.3037383374474,-23.584203221808,40810718.7681735,BEAM0001,40810718.7681735,19640100100084419,BEAM0001
-52.2311939853927,-23.5043055129317,40810720.4376036,BEAM0001,40810720.4376036,19640100100084619,BEAM0001
-52.1587771865344,-23.4244304719987,40810722.1070426,BEAM0001,40810722.1070426,19640100100084819,BEAM0001
-52.0868265937193,-23.3449180938121,40810723.7681713,BEAM0001,40810723.7681713,19640100100085019,BEAM0001
-52.0152890281402,-23.2657163468456,40810725.4210733,BEAM0001,40810725.4210733,19640100100085219,BEAM0001
-51.943490827159,-23.1860599257555,40810727.0822484,BEAM0001,40810727.0822484,19640100100085419,BEAM0001
-51.8720832479459,-23.1068634212527,40810728.735105,BEAM0001,40810728.735105,19640100100085619,BEAM0001
-51.8003515906615,-23.0271529341472,40810730.3962791,BEAM0001,40810730.3962791,19640100100085819,BEAM0001
-51.7291774891818,-22.9478560495886,40810732.0491902,BEAM0001,40810732.0491902,19640100100086019,BEAM0001
-51.6581602960633,-22.8684234857485,40810733.7020457,BEAM0001,40810733.7020457,19640100100086219,BEAM0001
-51.5867858042067,-22.7885325322401,40810735.3632207,BEAM0001,40810735.3632207,19640100100086419,BEAM0001
-51.5144601734916,-22.7075327139832,40810737.0491878,BEAM0001,40810737.0491878,19640100100086619,BEAM0001
-51.4436130182235,-22.6280895510013,40810738.7020434,BEAM0001,40810738.7020434,19640100100086819,BEAM0001
-51.3728605092523,-22.5485800683923,40810740.3549545,BEAM0001,40810740.3549545,19640100100087019,BEAM0001
-51.3019588761042,-22.4685222717631,40810742.0161296,BEAM0001,40810742.0161296,19640100100087219,BEAM0001
-51.2313995332511,-22.3888797749699,40810743.6689852,BEAM0001,40810743.6689852,19640100100087419,BEAM0001
-51.160617627835,-22.3088334550118,40810745.3301603,BEAM0001,40810745.3301603,19640100100087619,BEAM0001
-51.0899033650799,-22.2287415351406,40810746.9913353,BEAM0001,40810746.9913353,19640100100087819,BEAM0001
-51.0192169727678,-22.1486119218542,40810748.6524549,BEAM0001,40810748.6524549,19640100100088019,BEAM0001
-50.9482722125899,-22.0680881327004,40810750.321894,BEAM0001,40810750.321894,19640100100088219,BEAM0001
-50.8777289324607,-21.9878883042309,40810751.983069,BEAM0001,40810751.983069,19640100100088419,BEAM0001
-50.8073495965979,-21.9076768847978,40810753.6441886,BEAM0001,40810753.6441886,19640100100088619,BEAM0001
-50.7368329009669,-21.8269509542442,40810755.3136277,BEAM0001,40810755.3136277,19640100100088819,BEAM0001
-50.6662278228686,-21.7462799884072,40810756.9830668,BEAM0001,40810756.9830668,19640100100089019,BEAM0001
-50.5959978842058,-21.6659727818774,40810758.6441863,BEAM0001,40810758.6441863,19640100100089219,BEAM0001
-50.5262531602434,-21.5860360967302,40810760.2970975,BEAM0001,40810760.2970975,19640100100089419,BEAM0001
-50.4566797498518,-21.5060700321802,40810761.9500059,BEAM0001,40810761.9500059,19640100100089619,BEAM0001
-50.3868824405017,-21.4255157609665,40810763.6111281,BEAM0001,40810763.6111281,19640100100089819,BEAM0001
-50.316783148555,-21.344603912968,40810765.2805671,BEAM0001,40810765.2805671,19640100100090019,BEAM0001
-50.2467017189408,-21.2636971966163,40810766.9500037,BEAM0001,40810766.9500037,19640100100090219,BEAM0001
-50.1774283782055,-21.1835897366076,40810768.6028618,BEAM0001,40810768.6028618,19640100100090419,BEAM0001
-50.1074016659926,-21.1027220454806,40810770.2723009,BEAM0001,40810770.2723009,19640100100090619,BEAM0001
-50.0379632909177,-21.0220414883364,40810771.9334694,BEAM0001,40810771.9334694,19640100100090819,BEAM0001
-49.9686845562181,-20.9413763018534,40810773.5945956,BEAM0001,40810773.5945956,19640100100091019,BEAM0001
-49.8997716078735,-20.8610572751257,40810775.2475066,BEAM0001,40810775.2475066,19640100100091219,BEAM0001
-49.8305688039842,-20.780308525043,40810776.9086692,BEAM0001,40810776.9086692,19640100100091419,BEAM0001
-49.7617207395889,-20.7000122110386,40810778.5615373,BEAM0001,40810778.5615373,19640100100091619,BEAM0001
-49.6926292399461,-20.6192560576264,40810780.2227124,BEAM0001,40810780.2227124,19640100100091819,BEAM0001
-49.6237151820372,-20.5383556737717,40810781.8838688,BEAM0001,40810781.8838688,19640100100092019,BEAM0001
-49.5545390020246,-20.457068724116,40810783.553271,BEAM0001,40810783.553271,19640100100092219,BEAM0001
-49.4856997834655,-20.3761886235025,40810785.2144461,BEAM0001,40810785.2144461,19640100100092419,BEAM0001
-49.4172525277631,-20.2956665451157,40810786.8673346,BEAM0001,40810786.8673346,19640100100092619,BEAM0001
-49.3485009753499,-20.2147557436084,40810788.5284767,BEAM0001,40810788.5284767,19640100100092819,BEAM0001
-49.2795660296311,-20.1333614224022,40810790.1979158,BEAM0001,40810790.1979158,19640100100093019,BEAM0001
-49.2107667864983,-20.0519143159709,40810791.8673323,BEAM0001,40810791.8673323,19640100100093219,BEAM0001
-49.1427390615259,-19.971206107987,40810793.5202105,BEAM0001,40810793.5202105,19640100100093419,BEAM0001
-49.0746331553702,-19.8905721893554,40810795.1731216,BEAM0001,40810795.1731216,19640100100093619,BEAM0001
-49.005330799487,-19.8082394406975,40810796.859064,BEAM0001,40810796.859064,19640100100093819,BEAM0001
-48.9369161118762,-19.726649201015,40810798.5284722,BEAM0001,40810798.5284722,19640100100094019,BEAM0001
-48.8691558917348,-19.6458010997313,40810800.1813832,BEAM0001,40810800.1813832,19640100100094219,BEAM0001
-48.8013925081924,-19.5650599612393,40810801.8342638,BEAM0001,40810801.8342638,19640100100094419,BEAM0001
-48.7334061499592,-19.4838577911515,40810803.4954139,BEAM0001,40810803.4954139,19640100100094619,BEAM0001
-48.6655711271512,-19.4024573324095,40810805.156589,BEAM0001,40810805.156589,19640100100094819,BEAM0001
-48.5981262204012,-19.3215670190503,40810806.8094636,BEAM0001,40810806.8094636,19640100100095019,BEAM0001
-48.5299489831029,-19.23985076038,40810808.4788836,BEAM0001,40810808.4788836,19640100100095219,BEAM0001
-48.4621870124711,-19.1585429880328,40810810.1400587,BEAM0001,40810810.1400587,19640100100095419,BEAM0001
-48.3948994540232,-19.0775558961206,40810811.7929292,BEAM0001,40810811.7929292,19640100100095619,BEAM0001
-48.3278571603633,-18.9964977257174,40810813.4458254,BEAM0001,40810813.4458254,19640100100095819,BEAM0001
-48.2604985111844,-18.9150378464287,40810815.1070004,BEAM0001,40810815.1070004,19640100100096019,BEAM0001
-48.1935008236998,-18.8340227956859,40810816.759863,BEAM0001,40810816.759863,19640100100096219,BEAM0001
-48.1262297861904,-18.7525686135941,40810818.4210311,BEAM0001,40810818.4210311,19640100100096419,BEAM0001
-48.0579214680437,-18.6698874711255,40810820.1069982,BEAM0001,40810820.1069982,19640100100096619,BEAM0001
-47.9908815353938,-18.5882740561475,40810821.7681267,BEAM0001,40810821.7681267,19640100100096819,BEAM0001
-47.9240699359739,-18.5070685589509,40810823.4210288,BEAM0001,40810823.4210288,19640100100097019,BEAM0001
-47.8573366715829,-18.4258389306871,40810825.0739399,BEAM0001,40810825.0739399,19640100100097219,BEAM0001
-47.7903790754257,-18.3442306729654,40810826.7350605,BEAM0001,40810826.7350605,19640100100097419,BEAM0001
-47.7238803836088,-18.2629234154546,40810828.3879706,BEAM0001,40810828.3879706,19640100100097619,BEAM0001
-47.6571290447574,-18.181090617869,40810830.0491456,BEAM0001,40810830.0491456,19640100100097819,BEAM0001
-47.5901430565726,-18.0995157952364,40810831.7185292,BEAM0001,40810831.7185292,19640100100098019,BEAM0001
-47.5233987889171,-18.0175508004791,40810833.3797043,BEAM0001,40810833.3797043,19640100100098219,BEAM0001
-47.4564372571412,-17.9348958744443,40810835.0491434,BEAM0001,40810835.0491434,19640100100098419,BEAM0001
-47.3898824300744,-17.8530173089654,40810836.7102629,BEAM0001,40810836.7102629,19640100100098619,BEAM0001
-47.3233484015952,-17.771113982702,40810838.371438,BEAM0001,40810838.371438,19640100100098819,BEAM0001
-47.2565935773195,-17.688787896606,40810840.0408771,BEAM0001,40810840.0408771,19640100100099019,BEAM0001
-47.1903455330857,-17.6067595438443,40810841.7019966,BEAM0001,40810841.7019966,19640100100099219,BEAM0001
-47.1240734187161,-17.5247676101702,40810843.3631717,BEAM0001,40810843.3631717,19640100100099419,BEAM0001
-47.05810651058,-17.4431667044692,40810845.0160828,BEAM0001,40810845.0160828,19640100100099619,BEAM0001
-46.9919407749065,-17.3610765856214,40810846.6772024,BEAM0001,40810846.6772024,19640100100099819,BEAM0001
-46.9257864361411,-17.2790770044153,40810848.3383775,BEAM0001,40810848.3383775,19640100100100019,BEAM0001
-46.8596915185125,-17.1969981020742,40810849.9995525,BEAM0001,40810849.9995525,19640100100100219,BEAM0001
-46.7937669330316,-17.1148455013319,40810851.6606721,BEAM0001,40810851.6606721,19640100100100419,BEAM0001
-46.728216947256,-17.03299622429,40810853.3135832,BEAM0001,40810853.3135832,19640100100100619,BEAM0001
-46.6626718968032,-16.951270636916,40810854.9664943,BEAM0001,40810854.9664943,19640100100100819,BEAM0001
-46.5972346275549,-16.8693955527909,40810856.6193498,BEAM0001,40810856.6193498,19640100100101019,BEAM0001
-46.5315355060032,-16.787136363828,40810858.2805249,BEAM0001,40810858.2805249,19640100100101219,BEAM0001
-46.4654515924667,-16.7045355866726,40810859.9499615,BEAM0001,40810859.9499615,19640100100101419,BEAM0001
-46.3995267871044,-16.6218414194922,40810861.6193475,BEAM0001,40810861.6193475,19640100100101619,BEAM0001
-46.3343561840428,-16.5399706100302,40810863.2722586,BEAM0001,40810863.2722586,19640100100101819,BEAM0001
-46.269238346621,-16.4579890131953,40810864.9251612,BEAM0001,40810864.9251612,19640100100102019,BEAM0001
-46.203786159517,-16.3756214468267,40810866.5862893,BEAM0001,40810866.5862893,19640100100102219,BEAM0001
-46.1384634255499,-16.2935700805398,40810868.2474643,BEAM0001,40810868.2474643,19640100100102419,BEAM0001
-46.0731287101459,-16.2107011714347,40810869.9086269,BEAM0001,40810869.9086269,19640100100102619,BEAM0001
-46.0083246591058,-16.1285684420413,40810871.5614951,BEAM0001,40810871.5614951,19640100100102819,BEAM0001
-45.9434297037847,-16.0465363046198,40810873.2144061,BEAM0001,40810873.2144061,19640100100103019,BEAM0001
-45.878232360897,-15.9640844852913,40810874.8755607,BEAM0001,40810874.8755607,19640100100103219,BEAM0001
-45.8128350563475,-15.881128197164,40810876.5449647,BEAM0001,40810876.5449647,19640100100103419,BEAM0001
-45.747768016115,-15.7986220477988,40810878.2061399,BEAM0001,40810878.2061399,19640100100103619,BEAM0001
-45.6831735864225,-15.71646184982,40810879.8590264,BEAM0001,40810879.8590264,19640100100103819,BEAM0001
-45.618306570382,-15.6338300602717,40810881.5201704,BEAM0001,40810881.5201704,19640100100104019,BEAM0001
-45.5537786185374,-15.5516018231562,40810883.1730815,BEAM0001,40810883.1730815,19640100100104219,BEAM0001
-45.4890310439391,-15.4689286330469,40810884.8342261,BEAM0001,40810884.8342261,19640100100104419,BEAM0001
-45.423615236942,-15.3854866388829,40810886.5119042,BEAM0001,40810886.5119042,19640100100104619,BEAM0001
-45.3586051721614,-15.3023669491139,40810888.1813433,BEAM0001,40810888.1813433,19640100100104819,BEAM0001
-45.2934833673271,-15.2193605034341,40810889.8590218,BEAM0001,40810889.8590218,19640100100105019,BEAM0001
-45.2291741487936,-15.1370134524712,40810891.511902,BEAM0001,40810891.511902,19640100100105219,BEAM0001
-45.1642738349826,-15.053346153992,40810893.181341,BEAM0001,40810893.181341,19640100100105419,BEAM0001
-45.1002168527833,-14.9709497919888,40810894.8342216,BEAM0001,40810894.8342216,19640100100105619,BEAM0001
-45.0362016557659,-14.8884614930359,40810896.4871076,BEAM0001,40810896.4871076,19640100100105819,BEAM0001
-44.9715417778208,-14.8052383451702,40810898.1565468,BEAM0001,40810898.1565468,19640100100106019,BEAM0001
-44.906588781727,-14.7215653986547,40810899.8342193,BEAM0001,40810899.8342193,19640100100106219,BEAM0001
-44.842672132013,-14.6391093705515,40810901.4871053,BEAM0001,40810901.4871053,19640100100106419,BEAM0001
-44.7787926532782,-14.5565930649211,40810903.1400165,BEAM0001,40810903.1400165,19640100100106619,BEAM0001
-44.7144102827296,-14.4732046306675,40810904.809419,BEAM0001,40810904.809419,19640100100106819,BEAM0001
-44.6500415390061,-14.3898262966855,40810906.4788391,BEAM0001,40810906.4788391,19640100100107019,BEAM0001
-44.5859926418518,-14.3068439411277,40810908.1400142,BEAM0001,40810908.1400142,19640100100107219,BEAM0001
-44.5217913200974,-14.2234063511376,40810909.8094167,BEAM0001,40810909.8094167,19640100100107419,BEAM0001
-44.4575961836531,-14.1399689569073,40810911.4788368,BEAM0001,40810911.4788368,19640100100107619,BEAM0001
-44.3936591525852,-14.0569946177904,40810913.1400119,BEAM0001,40810913.1400119,19640100100107819,BEAM0001
-44.3294788175892,-13.9735509889054,40810914.8094144,BEAM0001,40810914.8094144,19640100100108019,BEAM0001
-44.2660968935233,-13.8908867556467,40810916.4623065,BEAM0001,40810916.4623065,19640100100108219,BEAM0001
-44.2020658493545,-13.8073618419289,40810918.1317457,BEAM0001,40810918.1317457,19640100100108419,BEAM0001
-44.1387319080342,-13.724656305575,40810919.7846142,BEAM0001,40810919.7846142,19640100100108619,BEAM0001
-44.075177577528,-13.6414720818122,40810921.4457763,BEAM0001,40810921.4457763,19640100100108819,BEAM0001
-44.0119227075753,-13.5587212949569,40810923.0986874,BEAM0001,40810923.0986874,19640100100109019,BEAM0001
-43.9486893458,-13.4759136060648,40810924.7515479,BEAM0001,40810924.7515479,19640100100109219,BEAM0001
-43.8852086199914,-13.3927169574367,40810926.412718,BEAM0001,40810926.412718,19640100100109419,BEAM0001
-43.821127534378,-13.3086452484004,40810928.0904211,BEAM0001,40810928.0904211,19640100100109619,BEAM0001
-43.7581401583207,-13.2257732329336,40810929.7432797,BEAM0001,40810929.7432797,19640100100109819,BEAM0001
-43.6948351282628,-13.142481501136,40810931.4044517,BEAM0001,40810931.4044517,19640100100110019,BEAM0001
-43.6318560088042,-13.0596168633145,40810933.0573628,BEAM0001,40810933.0573628,19640100100110219,BEAM0001
-43.5679666729815,-12.9754854815343,40810934.7350114,BEAM0001,40810934.7350114,19640100100110419,BEAM0001
-43.5047611548802,-12.8921683406437,40810936.3961855,BEAM0001,40810936.3961855,19640100100110619,BEAM0001
-43.4412906742783,-12.8084311243371,40810938.0656246,BEAM0001,40810938.0656246,19640100100110819,BEAM0001
-43.3785133843039,-12.7254899039803,40810939.7184801,BEAM0001,40810939.7184801,19640100100111019,BEAM0001
-43.3158444781733,-12.6424488267255,40810941.3713912,BEAM0001,40810941.3713912,19640100100111219,BEAM0001
-43.2528180546523,-12.5590530573908,40810943.0325663,BEAM0001,40810943.0325663,19640100100111419,BEAM0001
-43.1895467376218,-12.4752032133174,40810944.7019498,BEAM0001,40810944.7019498,19640100100111619,BEAM0001
-43.1259021794123,-12.391044791003,40810946.3796529,BEAM0001,40810946.3796529,19640100100111819,BEAM0001
-43.0634012962688,-12.3079257410563,40810948.032564,BEAM0001,40810948.032564,19640100100112019,BEAM0001
-43.0009394870975,-12.2249052861231,40810949.6854196,BEAM0001,40810949.6854196,19640100100112219,BEAM0001
-42.9378550263816,-12.1408931322667,40810951.3548586,BEAM0001,40810951.3548586,19640100100112419,BEAM0001
-42.8754287395337,-12.0577455333622,40810953.0077697,BEAM0001,40810953.0077697,19640100100112619,BEAM0001
-42.8127014821369,-11.974324655285,40810954.6688892,BEAM0001,40810954.6688892,19640100100112819,BEAM0001
-42.750026332589,-11.8908008007133,40810956.3300644,BEAM0001,40810956.3300644,19640100100113019,BEAM0001
-42.6877068085936,-11.8075842262352,40810957.9829755,BEAM0001,40810957.9829755,19640100100113219,BEAM0001
-42.6251066095128,-11.7240714751001,40810959.644095,BEAM0001,40810959.644095,19640100100113419,BEAM0001
-42.5629524619248,-11.640854396993,40810961.297006,BEAM0001,40810961.297006,19640100100113619,BEAM0001
-42.5004638528379,-11.5571765066934,40810962.9581806,BEAM0001,40810962.9581806,19640100100113819,BEAM0001
-42.438027211448,-11.4735807733997,40810964.6193008,BEAM0001,40810964.6193008,19640100100114019,BEAM0001
-42.3749587854529,-11.3890117161731,40810966.2970038,BEAM0001,40810966.2970038,19640100100114219,BEAM0001
-42.3128774687681,-11.3057224870352,40810967.9499123,BEAM0001,40810967.9499123,19640100100114419,BEAM0001
-42.2508916284759,-11.222497336592,40810969.6027704,BEAM0001,40810969.6027704,19640100100114619,BEAM0001
-42.1888577551289,-11.1392156287776,40810971.2556815,BEAM0001,40810971.2556815,19640100100114819,BEAM0001
-42.1263916947954,-11.0550501612047,40810972.9251121,BEAM0001,40810972.9251121,19640100100115019,BEAM0001
-42.064502090221,-10.9717287764672,40810974.5779762,BEAM0001,40810974.5779762,19640100100115219,BEAM0001
-42.0017201566078,-10.8871716203988,40810976.2556793,BEAM0001,40810976.2556793,19640100100115419,BEAM0001
-41.939983355462,-10.8037853134877,40810977.9085778,BEAM0001,40810977.9085778,19640100100115619,BEAM0001
-41.8782098967141,-10.7204139363666,40810979.561446,BEAM0001,40810979.561446,19640100100115819,BEAM0001
-41.8161277201339,-10.6366488743822,40810981.222621,BEAM0001,40810981.222621,19640100100116019,BEAM0001
-41.7544269092728,-10.5532721529602,40810982.8755115,BEAM0001,40810982.8755115,19640100100116219,BEAM0001
-41.692492986829,-10.4694384653251,40810984.5366516,BEAM0001,40810984.5366516,19640100100116419,BEAM0001
-41.6302780987788,-10.3852176579677,40810986.2060907,BEAM0001,40810986.2060907,19640100100116619,BEAM0001
-41.5684388487041,-10.3013225997145,40810987.8672432,BEAM0001,40810987.8672432,19640100100116819,BEAM0001
-41.5065798617261,-10.2174365438084,40810989.5283854,BEAM0001,40810989.5283854,19640100100117019,BEAM0001
-41.4443592053337,-10.1330346774117,40810991.1978244,BEAM0001,40810991.1978244,19640100100117219,BEAM0001
-41.3825285051416,-10.0491868325651,40810992.858975,BEAM0001,40810992.858975,19640100100117419,BEAM0001
-41.3210709806568,-9.96567130259384,40810994.5118551,BEAM0001,40810994.5118551,19640100100117619,BEAM0001
-41.2590347858479,-9.88127080424246,40810996.1812942,BEAM0001,40810996.1812942,19640100100117819,BEAM0001
-41.1976889331709,-9.79767790825433,40810997.8341748,BEAM0001,40810997.8341748,19640100100118019,BEAM0001
-41.1361137960479,-9.7136065746888,40810999.4953248,BEAM0001,40810999.4953248,19640100100118219,BEAM0001
-41.0744728157751,-9.62965794670394,40811001.1564999,BEAM0001,40811001.1564999,19640100100118419,BEAM0001
-41.0128485534587,-9.54563998527576,40811002.8176405,BEAM0001,40811002.8176405,19640100100118619,BEAM0001
-40.9506535039384,-9.46077198262764,40811004.4953225,BEAM0001,40811004.4953225,19640100100118819,BEAM0001
-40.8894398199668,-9.37714862407303,40811006.1482337,BEAM0001,40811006.1482337,19640100100119019,BEAM0001
-40.828243359634,-9.29352063150467,40811007.8011062,BEAM0001,40811007.8011062,19640100100119219,BEAM0001
-40.7668315458237,-9.20938543510078,40811009.4622642,BEAM0001,40811009.4622642,19640100100119419,BEAM0001
-40.7051021823809,-9.12487566204446,40811011.1317033,BEAM0001,40811011.1317033,19640100100119619,BEAM0001
-40.6440184012941,-9.04117444072812,40811012.7845719,BEAM0001,40811012.7845719,19640100100119819,BEAM0001
-40.5828977895728,-8.95751186211951,40811014.43747,BEAM0001,40811014.43747,19640100100120019,BEAM0001
-40.5210678587281,-8.87250719545291,40811016.1151731,BEAM0001,40811016.1151731,19640100100120219,BEAM0001
-40.4594486549002,-8.78794329681339,40811017.7845697,BEAM0001,40811017.7845697,19640100100120419,BEAM0001
-40.3978721077577,-8.70337953034904,40811019.4539957,BEAM0001,40811019.4539957,19640100100120619,BEAM0001
-40.3366247423813,-8.61920899402025,40811021.1151708,BEAM0001,40811021.1151708,19640100100120819,BEAM0001
-40.2753469053784,-8.53509980269583,40811022.7763013,BEAM0001,40811022.7763013,19640100100121019,BEAM0001
-40.2142214040262,-8.45086830260903,40811024.4374654,BEAM0001,40811024.4374654,19640100100121219,BEAM0001
-40.1531114800819,-8.36716868775774,40811026.0986406,BEAM0001,40811026.0986406,19640100100121419,BEAM0001
-40.0923633958317,-8.28331146906487,40811027.7515011,BEAM0001,40811027.7515011,19640100100121619,BEAM0001
-40.0311984280683,-8.1985957537892,40811029.4126711,BEAM0001,40811029.4126711,19640100100121819,BEAM0001
-39.9698136011821,-8.11393716465979,40811031.0821102,BEAM0001,40811031.0821102,19640100100122019,BEAM0001
-39.9090940584177,-8.03008224932129,40811032.7349668,BEAM0001,40811032.7349668,19640100100122219,BEAM0001
-39.8477246659975,-7.94546063622623,40811034.4044048,BEAM0001,40811034.4044048,19640100100122419,BEAM0001
-39.7861830144445,-7.8602789824046,40811036.082108,BEAM0001,40811036.082108,19640100100122619,BEAM0001
-39.7252642758928,-7.7760277448494,40811037.7432306,BEAM0001,40811037.7432306,19640100100122819,BEAM0001
-39.6645882633409,-7.69213784899596,40811039.3961386,BEAM0001,40811039.3961386,19640100100123019,BEAM0001
-39.6040777825005,-7.60850927745189,40811041.0490497,BEAM0001,40811041.0490497,19640100100123219,BEAM0001
-39.5430958878136,-7.52398731268154,40811042.7101692,BEAM0001,40811042.7101692,19640100100123419,BEAM0001
-39.4822384165697,-7.43983241147767,40811044.3713443,BEAM0001,40811044.3713443,19640100100123619,BEAM0001
-39.4214591787091,-7.35532425617046,40811046.0325195,BEAM0001,40811046.0325195,19640100100123819,BEAM0001
-39.361044707762,-7.27148133310935,40811047.685375,BEAM0001,40811047.685375,19640100100124019,BEAM0001
-39.3001689786864,-7.18689948564157,40811049.3465501,BEAM0001,40811049.3465501,19640100100124219,BEAM0001
-39.2396924605525,-7.10326036149911,40811050.9994612,BEAM0001,40811050.9994612,19640100100124419,BEAM0001
-39.1786626932905,-7.01820485622547,40811052.6688447,BEAM0001,40811052.6688447,19640100100124619,BEAM0001
-39.1173086274578,-6.93293742559219,40811054.3465478,BEAM0001,40811054.3465478,19640100100124819,BEAM0001
-39.0566862467844,-6.84848746225028,40811056.0077228,BEAM0001,40811056.0077228,19640100100125019,BEAM0001
-38.9963389423649,-6.76443188995261,40811057.6605784,BEAM0001,40811057.6605784,19640100100125219,BEAM0001
-38.9360177322212,-6.68046710406534,40811059.3134895,BEAM0001,40811059.3134895,19640100100125419,BEAM0001
-38.8756632141326,-6.59640936131746,40811060.9664006,BEAM0001,40811060.9664006,19640100100125619,BEAM0001
-38.8153970415605,-6.51245314535652,40811062.6192562,BEAM0001,40811062.6192562,19640100100125819,BEAM0001
-38.7547899713955,-6.42797764263845,40811064.2804312,BEAM0001,40811064.2804312,19640100100126019,BEAM0001
-38.6942531844895,-6.3434883953957,40811065.9416018,BEAM0001,40811065.9416018,19640100100126219,BEAM0001
-38.6337186212927,-6.25905458513757,40811067.6027258,BEAM0001,40811067.6027258,19640100100126419,BEAM0001
-38.5735057538902,-6.17501543635243,40811069.255637,BEAM0001,40811069.255637,19640100100126619,BEAM0001
-38.5131146292337,-6.0904612424578,40811070.9168015,BEAM0001,40811070.9168015,19640100100126819,BEAM0001
-38.4526249804489,-6.00598793024113,40811072.5779316,BEAM0001,40811072.5779316,19640100100127019,BEAM0001
-38.3919063359989,-5.92096962987539,40811074.2473707,BEAM0001,40811074.2473707,19640100100127219,BEAM0001
-38.331391357672,-5.83651614106722,40811075.9085332,BEAM0001,40811075.9085332,19640100100127419,BEAM0001
-38.2713116118315,-5.75240301856872,40811077.5614013,BEAM0001,40811077.5614013,19640100100127619,BEAM0001
-38.211270347722,-5.66825839534417,40811079.2143124,BEAM0001,40811079.2143124,19640100100127819,BEAM0001
-38.1508936948258,-5.58368894869446,40811080.8754669,BEAM0001,40811080.8754669,19640100100128019,BEAM0001
-38.090277270662,-5.49874157653298,40811082.544871,BEAM0001,40811082.544871,19640100100128219,BEAM0001
-38.0299230589842,-5.41412751452079,40811084.2060461,BEAM0001,40811084.2060461,19640100100128419,BEAM0001
-37.9699716922298,-5.33001098094754,40811085.8589327,BEAM0001,40811085.8589327,19640100100128619,BEAM0001
-37.9098913457363,-5.24587223588372,40811087.5118127,BEAM0001,40811087.5118127,19640100100128819,BEAM0001
-37.8496980926034,-5.16126727129595,40811089.1729879,BEAM0001,40811089.1729879,19640100100129019,BEAM0001
-37.7896987303278,-5.07710345702932,40811090.8258664,BEAM0001,40811090.8258664,19640100100129219,BEAM0001
-37.7297602518553,-4.9929454386364,40811092.4787545,BEAM0001,40811092.4787545,19640100100129419,BEAM0001
-37.6698551032406,-4.90873648797405,40811094.1316656,BEAM0001,40811094.1316656,19640100100129619,BEAM0001
-37.6099274607805,-4.82451633808968,40811095.7845341,BEAM0001,40811095.7845341,19640100100129819,BEAM0001
-37.5497936211317,-4.73990514522413,40811097.4456962,BEAM0001,40811097.4456962,19640100100130019,BEAM0001
-37.4896463223488,-4.65523899660896,40811099.1068713,BEAM0001,40811099.1068713,19640100100130219,BEAM0001
-37.4291882381974,-4.57021089732724,40811100.7762659,BEAM0001,40811100.7762659,19640100100130419,BEAM0001
-37.3691416272181,-4.48696792722102,40811102.4374299,BEAM0001,40811102.4374299,19640100100130619,BEAM0001
-37.30916848432,-4.40137458696719,40811104.090341,BEAM0001,40811104.090341,19640100100130819,BEAM0001
-37.2490344117984,-4.31670033499078,40811105.7514656,BEAM0001,40811105.7514656,19640100100131019,BEAM0001
-37.1892584173992,-4.23246914745804,40811107.4043716,BEAM0001,40811107.4043716,19640100100131219,BEAM0001
-37.1288757267731,-4.14737636649563,40811109.0738108,BEAM0001,40811109.0738108,19640100100131419,BEAM0001
-37.0682789096797,-4.06181977790064,40811110.7514633,BEAM0001,40811110.7514633,19640100100131619,BEAM0001
-37.0085695904655,-3.97811613754807,40811112.4043693,BEAM0001,40811112.4043693,19640100100131819,BEAM0001
-36.9484716179154,-3.89290848709392,40811114.0655444,BEAM0001,40811114.0655444,19640100100132019,BEAM0001
-36.887929525774,-3.80726853611365,40811115.743195,BEAM0001,40811115.743195,19640100100132219,BEAM0001
-36.8281934055993,-3.72306856417845,40811117.3961031,BEAM0001,40811117.3961031,19640100100132419,BEAM0001
-36.7684444782292,-3.63880091986718,40811119.0490142,BEAM0001,40811119.0490142,19640100100132619,BEAM0001
-36.7087911563244,-3.5545340945232,40811120.7018697,BEAM0001,40811120.7018697,19640100100132819,BEAM0001
-36.6491126430853,-3.47022988875028,40811122.3547809,BEAM0001,40811122.3547809,19640100100133019,BEAM0001
-36.5890576635458,-3.38556549216381,40811124.0159559,BEAM0001,40811124.0159559,19640100100133219,BEAM0001
-36.5294966552866,-3.3012338737108,40811125.6688115,BEAM0001,40811125.6688115,19640100100133419,BEAM0001
-36.4695710539729,-3.21645897298656,40811127.3299865,BEAM0001,40811127.3299865,19640100100133619,BEAM0001
-36.409665452853,-3.13209084299018,40811128.9911616,BEAM0001,40811128.9911616,19640100100133819,BEAM0001
-36.3499945598762,-3.04745944710741,40811130.6440172,BEAM0001,40811130.6440172,19640100100134019,BEAM0001
-36.2901058132373,-2.96268517893321,40811132.3051923,BEAM0001,40811132.3051923,19640100100134219,BEAM0001
-36.2301821809654,-2.87796785975778,40811133.9663673,BEAM0001,40811133.9663673,19640100100134419,BEAM0001
-36.1699937932356,-2.79280595088604,40811135.6357509,BEAM0001,40811135.6357509,19640100100134619,BEAM0001
-36.1104356485313,-2.70850710794538,40811137.288662,BEAM0001,40811137.288662,19640100100134819,BEAM0001
-36.0505404168522,-2.6237554217859,40811138.9498345,BEAM0001,40811138.9498345,19640100100135019,BEAM0001
-35.9909630111825,-2.54029009986291,40811140.6109566,BEAM0001,40811140.6109566,19640100100135219,BEAM0001
-35.9310941410274,-2.45550683950874,40811142.2721317,BEAM0001,40811142.2721317,19640100100135419,BEAM0001
-35.8707349572104,-2.36909621406063,40811143.9415663,BEAM0001,40811143.9415663,19640100100135619,BEAM0001
-35.8106071110655,-2.28386707229157,40811145.6109544,BEAM0001,40811145.6109544,19640100100135819,BEAM0001
-35.7506716571164,-2.19918354671491,40811147.2721295,BEAM0001,40811147.2721295,19640100100136019,BEAM0001
-35.6906093823775,-2.11383365465419,40811148.941564,BEAM0001,40811148.941564,19640100100136219,BEAM0001
-35.6311657973131,-2.02994814972276,40811150.5944241,BEAM0001,40811150.5944241,19640100100136419,BEAM0001
-35.5717641575718,-1.94677633051856,40811152.2473352,BEAM0001,40811152.2473352,19640100100136619,BEAM0001
-35.5115424322282,-1.86073136847598,40811153.9167637,BEAM0001,40811153.9167637,19640100100136819,BEAM0001
-35.4520466194268,-1.77609910860439,40811155.5696298,BEAM0001,40811155.5696298,19640100100137019,BEAM0001
-35.3926911945343,-1.6929089037771,40811157.2225408,BEAM0001,40811157.2225408,19640100100137219,BEAM0001
-35.3320540250505,-1.60539283397354,40811158.9002294,BEAM0001,40811158.9002294,19640100100137419,BEAM0001
-35.2725408064545,-1.52095295409905,40811160.5530995,BEAM0001,40811160.5530995,19640100100137619,BEAM0001
-35.213030166908,-1.43656353163064,40811162.2060106,BEAM0001,40811162.2060106,19640100100137819,BEAM0001
-35.1535670535952,-1.35218630624303,40811163.8588971,BEAM0001,40811163.8588971,19640100100138019,BEAM0001
-35.0938422277822,-1.26733950305649,40811165.5200413,BEAM0001,40811165.5200413,19640100100138219,BEAM0001
-35.034379964189,-1.18294646216745,40811167.1729523,BEAM0001,40811167.1729523,19640100100138419,BEAM0001
-34.9749045758392,-1.09860297207656,40811168.8258309,BEAM0001,40811168.8258309,19640100100138619,BEAM0001
-34.9153635987756,-1.01419094420402,40811170.478719,BEAM0001,40811170.478719,19640100100138819,BEAM0001
-34.85588466424,-0.929822969210261,40811172.13163,BEAM0001,40811172.13163,19640100100139019,BEAM0001
-34.7964942210587,-0.845394434379188,40811173.7844986,BEAM0001,40811173.7844986,19640100100139219,BEAM0001
-34.7371042673017,-0.760949185640657,40811175.4373966,BEAM0001,40811175.4373966,19640100100139419,BEAM0001
-34.6773433015484,-0.67615317236063,40811177.0985717,BEAM0001,40811177.0985717,19640100100139619,BEAM0001
-34.6176175136076,-0.591347971286107,40811178.7596983,BEAM0001,40811178.7596983,19640100100139819,BEAM0001
-34.5581840625439,-0.506920963049401,40811180.4126024,BEAM0001,40811180.4126024,19640100100140019,BEAM0001
-34.49870800042,-0.424076803187151,40811182.0737775,BEAM0001,40811182.0737775,19640100100140219,BEAM0001
-34.439177873205,-0.339180651174834,40811183.726633,BEAM0001,40811183.726633,19640100100140419,BEAM0001
-34.3794937258439,-0.253297150254695,40811185.3795441,BEAM0001,40811185.3795441,19640100100140619,BEAM0001
-34.3201038674243,-0.168822297017343,40811187.0324553,BEAM0001,40811187.0324553,19640100100140819,BEAM0001
-34.2606340823198,-0.0844363434790015,40811188.6853107,BEAM0001,40811188.6853107,19640100100141019,BEAM0001
-34.2011369609887,-7.32347874430885e-05,40811190.3382218,BEAM0001,40811190.3382218,19640100100141219,BEAM0001
-34.1417613788383,0.0843525834675771,40811191.991133,BEAM0001,40811191.991133,19640100100141419,BEAM0001
-97.3391595580799,-49.6882379288015,40810014.8594218,BEAM0010,40810014.8594218,19640200100000083,BEAM0010
-97.2640438891931,-49.6725670470315,40810015.6858463,BEAM0010,40810015.6858463,19640200100000283,BEAM0010
-97.1889619633033,-49.6568250683755,40810016.5123018,BEAM0010,40810016.5123018,19640200100000483,BEAM0010
-97.1153865315758,-49.6416535178135,40810017.3387574,BEAM0010,40810017.3387574,19640200100000683,BEAM0010
-97.0197635251061,-49.6214084814629,40810018.3759449,BEAM0010,40810018.3759449,19640200100000883,BEAM0010
-96.8698831896337,-49.5897933269735,40810020.0288559,BEAM0010,40810020.0288559,19640200100001083,BEAM0010
-96.7188701777573,-49.5574767344117,40810021.6982395,BEAM0010,40810021.6982395,19640200100001283,BEAM0010
-96.5695146795768,-49.525242538518,40810023.3511505,BEAM0010,40810023.3511505,19640200100001483,BEAM0010
-96.4194675018612,-49.492682572218,40810025.0123256,BEAM0010,40810025.0123256,19640200100001683,BEAM0010
-96.2691930456964,-49.4598020105926,40810026.6817092,BEAM0010,40810026.6817092,19640200100001883,BEAM0010
-96.118771435889,-49.4267450477578,40810028.3511482,BEAM0010,40810028.3511482,19640200100002083,BEAM0010
-95.9702676899509,-49.393775253294,40810030.0040593,BEAM0010,40810030.0040593,19640200100002283,BEAM0010
-95.8219663032328,-49.3605734269764,40810031.6569148,BEAM0010,40810031.6569148,19640200100002483,BEAM0010
-95.6724501233918,-49.3268148215592,40810033.3263539,BEAM0010,40810033.3263539,19640200100002683,BEAM0010
-95.5244971196011,-49.2932385157439,40810034.979265,BEAM0010,40810034.979265,19640200100002883,BEAM0010
-95.3760662590039,-49.2592961001949,40810036.6403845,BEAM0010,40810036.6403845,19640200100003083,BEAM0010
-95.2286104657716,-49.2252043922033,40810038.2932956,BEAM0010,40810038.2932956,19640200100003283,BEAM0010
-95.0813909380062,-49.1910525655425,40810039.9462031,BEAM0010,40810039.9462031,19640200100003483,BEAM0010
-94.93278656746,-49.1561955466202,40810041.6155901,BEAM0010,40810041.6155901,19640200100003683,BEAM0010
-94.7853442059722,-49.1214197012924,40810043.2767653,BEAM0010,40810043.2767653,19640200100003883,BEAM0010
-94.6379043722193,-49.0864478212545,40810044.9379348,BEAM0010,40810044.9379348,19640200100004083,BEAM0010
-94.4908268752899,-49.0512415031149,40810046.5990599,BEAM0010,40810046.5990599,19640200100004283,BEAM0010
-94.3439057545724,-49.0158319586497,40810048.260235,BEAM0010,40810048.260235,19640200100004483,BEAM0010
-94.1964605449965,-48.9799698286663,40810049.9296665,BEAM0010,40810049.9296665,19640200100004683,BEAM0010
-94.0500233224799,-48.9441792412144,40810051.5907935,BEAM0010,40810051.5907935,19640200100004883,BEAM0010
-93.9030079559343,-48.9078995073316,40810053.2602326,BEAM0010,40810053.2602326,19640200100005083,BEAM0010
-93.7570839413888,-48.8716371309466,40810054.9213981,BEAM0010,40810054.9213981,19640200100005283,BEAM0010
-93.6113368998184,-48.8352033778534,40810056.5825272,BEAM0010,40810056.5825272,19640200100005483,BEAM0010
-93.4665080022451,-48.7988756045571,40810058.2354383,BEAM0010,40810058.2354383,19640200100005683,BEAM0010
-93.3204176218491,-48.7617383944364,40810059.9048638,BEAM0010,40810059.9048638,19640200100005883,BEAM0010
-93.1744129892076,-48.7244665194952,40810061.5742609,BEAM0010,40810061.5742609,19640200100006083,BEAM0010
-93.0302060807408,-48.6873825572332,40810063.2271719,BEAM0010,40810063.2271719,19640200100006283,BEAM0010
-92.885559511088,-48.6498845844691,40810064.8883295,BEAM0010,40810064.8883295,19640200100006483,BEAM0010
-92.740347489859,-48.612034851222,40810066.5577306,BEAM0010,40810066.5577306,19640200100006683,BEAM0010
-92.596244185018,-48.5743462359192,40810068.2189056,BEAM0010,40810068.2189056,19640200100006883,BEAM0010
-92.4512507464785,-48.5360829613375,40810069.8883271,BEAM0010,40810069.8883271,19640200100007083,BEAM0010
-92.3075743943081,-48.4977963747467,40810071.5494642,BEAM0010,40810071.5494642,19640200100007283,BEAM0010
-92.1646601627597,-48.4594654683965,40810073.2023753,BEAM0010,40810073.2023753,19640200100007483,BEAM0010
-92.0205903854187,-48.4206830407488,40810074.8717929,BEAM0010,40810074.8717929,19640200100007683,BEAM0010
-91.8789414188195,-48.3825968547256,40810076.5411979,BEAM0010,40810076.5411979,19640200100007883,BEAM0010
-91.7348029217061,-48.3427050357761,40810078.1941089,BEAM0010,40810078.1941089,19640200100008083,BEAM0010
-91.591509575878,-48.3032677940929,40810079.8635245,BEAM0010,40810079.8635245,19640200100008283,BEAM0010
-91.449703382716,-48.264127660349,40810081.5164036,BEAM0010,40810081.5164036,19640200100008483,BEAM0010
-91.3068454031475,-48.2242054436517,40810083.1858426,BEAM0010,40810083.1858426,19640200100008683,BEAM0010
-91.1648846879784,-48.1844402297101,40810084.8469902,BEAM0010,40810084.8469902,19640200100008883,BEAM0010
-91.0225466734284,-48.1442600936942,40810086.5164013,BEAM0010,40810086.5164013,19640200100009083,BEAM0010
-90.8809713186761,-48.1039457344568,40810088.1775763,BEAM0010,40810088.1775763,19640200100009283,BEAM0010
-90.7405298605521,-48.0638229804282,40810089.8304559,BEAM0010,40810089.8304559,19640200100009483,BEAM0010
-90.5993354783101,-48.0231862215095,40810091.491607,BEAM0010,40810091.491607,19640200100009683,BEAM0010
-90.4592366880031,-47.9826394073555,40810093.144518,BEAM0010,40810093.144518,19640200100009883,BEAM0010
-90.3194181318547,-47.9417692294671,40810094.7973896,BEAM0010,40810094.7973896,19640200100010083,BEAM0010
-90.1784570230957,-47.900569863498,40810096.4668126,BEAM0010,40810096.4668126,19640200100010283,BEAM0010
-90.03695303631,-47.8586226097632,40810098.1445157,BEAM0010,40810098.1445157,19640200100010483,BEAM0010
-89.8964005768949,-47.8168901620279,40810099.8139193,BEAM0010,40810099.8139193,19640200100010683,BEAM0010
-89.7560036922241,-47.7749955664343,40810101.4833383,BEAM0010,40810101.4833383,19640200100010883,BEAM0010
-89.6164943571117,-47.7331295159161,40810103.1445134,BEAM0010,40810103.1445134,19640200100011083,BEAM0010
-89.4781752174719,-47.6911842536878,40810104.7973849,BEAM0010,40810104.7973849,19640200100011283,BEAM0010
-89.3384935392443,-47.6487114578831,40810106.466808,BEAM0010,40810106.466808,19640200100011483,BEAM0010
-89.1990705865038,-47.6061478630827,40810108.136247,BEAM0010,40810108.136247,19640200100011683,BEAM0010
-89.0604803492069,-47.563556003827,40810109.7973826,BEAM0010,40810109.7973826,19640200100011883,BEAM0010
-88.9229305396117,-47.5208206453672,40810111.4502777,BEAM0010,40810111.4502777,19640200100012083,BEAM0010
-88.7849246739236,-47.4777084165191,40810113.1114528,BEAM0010,40810113.1114528,19640200100012283,BEAM0010
-88.6478834984522,-47.4347892152873,40810114.7643163,BEAM0010,40810114.7643163,19640200100012483,BEAM0010
-88.5110539249969,-47.391716748294,40810116.4172193,BEAM0010,40810116.4172193,19640200100012683,BEAM0010
-88.3736588628956,-47.3483207668112,40810118.0783946,BEAM0010,40810118.0783946,19640200100012883,BEAM0010
-88.2365302960672,-47.3045477865476,40810119.7395161,BEAM0010,40810119.7395161,19640200100013083,BEAM0010
-88.1005649304005,-47.2607193556731,40810121.392425,BEAM0010,40810121.392425,19640200100013283,BEAM0010
-87.9644439643867,-47.216840151055,40810123.0453363,BEAM0010,40810123.0453363,19640200100013483,BEAM0010
-87.8289014876214,-47.1728770327872,40810124.6981918,BEAM0010,40810124.6981918,19640200100013683,BEAM0010
-87.6927027396996,-47.1282864157582,40810126.3593669,BEAM0010,40810126.3593669,19640200100013883,BEAM0010
-87.5555557306156,-47.0833492259542,40810128.03707,BEAM0010,40810128.03707,19640200100014083,BEAM0010
-87.4200348474625,-47.0383615994412,40810129.6981895,BEAM0010,40810129.6981895,19640200100014283,BEAM0010
-87.2831114328472,-46.9931384186141,40810131.3758926,BEAM0010,40810131.3758926,19640200100014483,BEAM0010
-87.1479485484229,-46.9479666536509,40810133.0370676,BEAM0010,40810133.0370676,19640200100014683,BEAM0010
-87.0130109107771,-46.9025901082263,40810134.6981872,BEAM0010,40810134.6981872,19640200100014883,BEAM0010
-86.8775465108976,-46.856743474361,40810136.3676263,BEAM0010,40810136.3676263,19640200100015083,BEAM0010
-86.7425425929736,-46.810817634703,40810138.0370653,BEAM0010,40810138.0370653,19640200100015283,BEAM0010
-86.6075287466859,-46.7647797604711,40810139.7064489,BEAM0010,40810139.7064489,19640200100015483,BEAM0010
-86.4742306918846,-46.7190228938268,40810141.35936,BEAM0010,40810141.35936,19640200100015683,BEAM0010
-86.3399760857672,-46.6723873083473,40810143.0287991,BEAM0010,40810143.0287991,19640200100015883,BEAM0010
-86.2057642123988,-46.6258743264438,40810144.6981826,BEAM0010,40810144.6981826,19640200100016083,BEAM0010
-86.072311471211,-46.5794372177099,40810146.3593577,BEAM0010,40810146.3593577,19640200100016283,BEAM0010
-85.9387460110553,-46.5324053542393,40810148.0287968,BEAM0010,40810148.0287968,19640200100016483,BEAM0010
-85.8053246121264,-46.4852415706336,40810149.6981803,BEAM0010,40810149.6981803,19640200100016683,BEAM0010
-85.6734405391743,-46.4382820620739,40810151.3510913,BEAM0010,40810151.3510913,19640200100016883,BEAM0010
-85.5418997341881,-46.3912828125552,40810153.0040025,BEAM0010,40810153.0040025,19640200100017083,BEAM0010
-85.410440470111,-46.3439495668235,40810154.656858,BEAM0010,40810154.656858,19640200100017283,BEAM0010
-85.2787379849499,-46.2964727643025,40810156.3180331,BEAM0010,40810156.3180331,19640200100017483,BEAM0010
-85.1470371297276,-46.2486062982175,40810157.9792081,BEAM0010,40810157.9792081,19640200100017683,BEAM0010
-85.0164341682415,-46.2010410435922,40810159.6320637,BEAM0010,40810159.6320637,19640200100017883,BEAM0010
-84.8853214434044,-46.1528233621942,40810161.2932388,BEAM0010,40810161.2932388,19640200100018083,BEAM0010
-84.7538876169232,-46.1042844502362,40810162.9626778,BEAM0010,40810162.9626778,19640200100018283,BEAM0010
-84.6225411973406,-46.055737908457,40810164.6320614,BEAM0010,40810164.6320614,19640200100018483,BEAM0010
-84.4927740599467,-46.0074615458879,40810166.2849724,BEAM0010,40810166.2849724,19640200100018683,BEAM0010
-84.3625689460478,-45.9588425655461,40810167.946144,BEAM0010,40810167.946144,19640200100018883,BEAM0010
-84.2311940876006,-45.9094786671378,40810169.6237951,BEAM0010,40810169.6237951,19640200100019083,BEAM0010
-84.1005446643508,-45.8599826540085,40810171.3014982,BEAM0010,40810171.3014982,19640200100019283,BEAM0010
-83.9712022019962,-45.8105290353104,40810172.9626732,BEAM0010,40810172.9626732,19640200100019483,BEAM0010
-83.8429684419679,-45.7615643322881,40810174.6155287,BEAM0010,40810174.6155287,19640200100019683,BEAM0010
-83.7146786372578,-45.7122104013919,40810176.2684399,BEAM0010,40810176.2684399,19640200100019883,BEAM0010
-83.5867551166426,-45.6627352494593,40810177.9213414,BEAM0010,40810177.9213414,19640200100020083,BEAM0010
-83.4589029852082,-45.6131215471012,40810179.5742064,BEAM0010,40810179.5742064,19640200100020283,BEAM0010
-83.3314061637252,-45.5633412951307,40810181.2271175,BEAM0010,40810181.2271175,19640200100020483,BEAM0010
-83.2033423279771,-45.512996133885,40810182.8882751,BEAM0010,40810182.8882751,19640200100020683,BEAM0010
-83.0758242099144,-45.4627174865214,40810184.5494122,BEAM0010,40810184.5494122,19640200100020883,BEAM0010
-82.9488624497864,-45.4126021456436,40810186.202323,BEAM0010,40810186.202323,19640200100021083,BEAM0010
-82.8223058451132,-45.3621039799534,40810187.8552088,BEAM0010,40810187.8552088,19640200100021283,BEAM0010
-82.6960859120841,-45.3113519178143,40810189.5080899,BEAM0010,40810189.5080899,19640200100021483,BEAM0010
-82.5692358503805,-45.2604589028348,40810191.1692648,BEAM0010,40810191.1692648,19640200100021683,BEAM0010
-82.4426384768153,-45.209348319343,40810192.8304085,BEAM0010,40810192.8304085,19640200100021883,BEAM0010
-82.316943694701,-45.1583497159132,40810194.4832954,BEAM0010,40810194.4832954,19640200100022083,BEAM0010
-82.191025329463,-45.106686992227,40810196.1444705,BEAM0010,40810196.1444705,19640200100022283,BEAM0010
-82.0649989616372,-45.0549307800129,40810197.805608,BEAM0010,40810197.805608,19640200100022483,BEAM0010
-81.939012396818,-45.0031068794038,40810199.4750291,BEAM0010,40810199.4750291,19640200100022683,BEAM0010
-81.8143118761843,-44.9513043540131,40810201.1279402,BEAM0010,40810201.1279402,19640200100022883,BEAM0010
-81.6890115909511,-44.8992515382208,40810202.7890737,BEAM0010,40810202.7890737,19640200100023083,BEAM0010
-81.5640405619196,-44.8470297604446,40810204.4502348,BEAM0010,40810204.4502348,19640200100023283,BEAM0010
-81.439642663087,-44.7948540463032,40810206.1114098,BEAM0010,40810206.1114098,19640200100023483,BEAM0010
-81.3146789565298,-44.7419028166298,40810207.7808054,BEAM0010,40810207.7808054,19640200100023683,BEAM0010
-81.1899560163246,-44.6888782144343,40810209.4502325,BEAM0010,40810209.4502325,19640200100023883,BEAM0010
-81.0653127935765,-44.6358940873535,40810211.1196716,BEAM0010,40810211.1196716,19640200100024083,BEAM0010
-80.941633925877,-44.5829667171096,40810212.7808032,BEAM0010,40810212.7808032,19640200100024283,BEAM0010
-80.8180571445031,-44.5296092389253,40810214.4419662,BEAM0010,40810214.4419662,19640200100024483,BEAM0010
-80.6949449201624,-44.4764779662364,40810216.1031413,BEAM0010,40810216.1031413,19640200100024683,BEAM0010
-80.5706911185074,-44.4226032606166,40810217.7808008,BEAM0010,40810217.7808008,19640200100024883,BEAM0010
-80.4473700500696,-44.3686022384664,40810219.450228,BEAM0010,40810219.450228,19640200100025083,BEAM0010
-80.3242899671864,-44.314639448927,40810221.1196671,BEAM0010,40810221.1196671,19640200100025283,BEAM0010
-80.2013445808354,-44.2604629103281,40810222.7890645,BEAM0010,40810222.7890645,19640200100025483,BEAM0010
-80.0793927416756,-44.2064325033712,40810224.4502256,BEAM0010,40810224.4502256,19640200100025683,BEAM0010
-79.9579463282266,-44.152274047138,40810226.1031367,BEAM0010,40810226.1031367,19640200100025883,BEAM0010
-79.8351634692451,-44.0976086289743,40810227.7807962,BEAM0010,40810227.7807962,19640200100026083,BEAM0010
-79.7143180622141,-44.0433370246578,40810229.4336954,BEAM0010,40810229.4336954,19640200100026283,BEAM0010
-79.5933387355153,-43.9887311241165,40810231.0948704,BEAM0010,40810231.0948704,19640200100026483,BEAM0010
-79.473253991128,-43.9344214480797,40810232.74773,BEAM0010,40810232.74773,19640200100026683,BEAM0010
-79.3518749403893,-43.8789785895264,40810234.417165,BEAM0010,40810234.417165,19640200100026883,BEAM0010
-79.2315530468052,-43.8240403832382,40810236.0783402,BEAM0010,40810236.0783402,19640200100027083,BEAM0010
-79.1113353322036,-43.7690505403519,40810237.7394617,BEAM0010,40810237.7394617,19640200100027283,BEAM0010
-78.9903450743456,-43.7131979544161,40810239.4171628,BEAM0010,40810239.4171628,19640200100027483,BEAM0010
-78.8712221002743,-43.657873148145,40810241.0700738,BEAM0010,40810241.0700738,19640200100027683,BEAM0010
-78.7518047734603,-43.6023390507218,40810242.7311934,BEAM0010,40810242.7311934,19640200100027883,BEAM0010
-78.6313511276294,-43.5458242986798,40810244.4088965,BEAM0010,40810244.4088965,19640200100028083,BEAM0010
-78.5109279024454,-43.4893938825059,40810246.0865995,BEAM0010,40810246.0865995,19640200100028283,BEAM0010
-78.3917234165467,-43.4331541438348,40810247.7559891,BEAM0010,40810247.7559891,19640200100028483,BEAM0010
-78.2735251736519,-43.3770985415574,40810249.4088942,BEAM0010,40810249.4088942,19640200100028683,BEAM0010
-78.1551390252185,-43.3207822888303,40810251.0700693,BEAM0010,40810251.0700693,19640200100028883,BEAM0010
-78.036857722684,-43.2642756441583,40810252.7311888,BEAM0010,40810252.7311888,19640200100029083,BEAM0010
-77.9184022465425,-43.2074230670881,40810254.4006279,BEAM0010,40810254.4006279,19640200100029283,BEAM0010
-77.8010010714481,-43.1507750332608,40810256.061803,BEAM0010,40810256.061803,19640200100029483,BEAM0010
-77.6833539102961,-43.0938147522245,40810257.7229225,BEAM0010,40810257.7229225,19640200100029683,BEAM0010
-77.5664239978638,-43.0368397087141,40810259.3840976,BEAM0010,40810259.3840976,19640200100029883,BEAM0010
-77.4487471281853,-42.9793161715325,40810261.0535367,BEAM0010,40810261.0535367,19640200100030083,BEAM0010
-77.3313951388115,-42.9217337903851,40810262.7229202,BEAM0010,40810262.7229202,19640200100030283,BEAM0010
-77.2158203647815,-42.8648214757227,40810264.3758313,BEAM0010,40810264.3758313,19640200100030483,BEAM0010
-77.1000809731808,-42.807473688988,40810266.0287423,BEAM0010,40810266.0287423,19640200100030683,BEAM0010
-76.9834876227623,-42.7495923911859,40810267.6981259,BEAM0010,40810267.6981259,19640200100030883,BEAM0010
-76.867697371091,-42.6917006860803,40810269.359301,BEAM0010,40810269.359301,19640200100031083,BEAM0010
-76.7527114169911,-42.6340497848585,40810271.0122121,BEAM0010,40810271.0122121,19640200100031283,BEAM0010
-76.6372725694457,-42.5760467568889,40810272.6733316,BEAM0010,40810272.6733316,19640200100031483,BEAM0010
-76.5229317842362,-42.5180536874631,40810274.3262428,BEAM0010,40810274.3262428,19640200100031683,BEAM0010
-76.4085052165247,-42.459807769879,40810275.9791538,BEAM0010,40810275.9791538,19640200100031883,BEAM0010
-76.2945660722944,-42.4018636144233,40810277.6320093,BEAM0010,40810277.6320093,19640200100032083,BEAM0010
-76.1806308478252,-42.34366877446,40810279.2849204,BEAM0010,40810279.2849204,19640200100032283,BEAM0010
-76.0683675865815,-42.2865992051269,40810280.937826,BEAM0010,40810280.937826,19640200100032483,BEAM0010
-75.9535220907956,-42.2267265227229,40810282.5906871,BEAM0010,40810282.5906871,19640200100032683,BEAM0010
-75.8386676058953,-42.1670863531558,40810284.2683901,BEAM0010,40810284.2683901,19640200100032883,BEAM0010
-75.7243426714043,-42.10756024688,40810285.9378237,BEAM0010,40810285.9378237,19640200100033083,BEAM0010
-75.6107076589723,-42.0481551750879,40810287.6072128,BEAM0010,40810287.6072128,19640200100033283,BEAM0010
-75.4976891660789,-41.9887875939698,40810289.2683878,BEAM0010,40810289.2683878,19640200100033483,BEAM0010
-75.3847230081805,-41.9292898386811,40810290.9295554,BEAM0010,40810290.9295554,19640200100033683,BEAM0010
-75.2719632523573,-41.8696422841729,40810292.5906825,BEAM0010,40810292.5906825,19640200100033883,BEAM0010
-75.1596081156866,-41.8100117339239,40810294.2518576,BEAM0010,40810294.2518576,19640200100034083,BEAM0010
-75.0480773730983,-41.7504004848042,40810295.9047551,BEAM0010,40810295.9047551,19640200100034283,BEAM0010
-74.9358515169948,-41.6904345677065,40810297.5658881,BEAM0010,40810297.5658881,19640200100034483,BEAM0010
-74.824790393439,-41.6305687531095,40810299.2187992,BEAM0010,40810299.2187992,19640200100034683,BEAM0010
-74.7126549806125,-41.5700202662794,40810300.8882208,BEAM0010,40810300.8882208,19640200100034883,BEAM0010
-74.6015134256815,-41.509659554239,40810302.5493579,BEAM0010,40810302.5493579,19640200100035083,BEAM0010
-74.4897265882564,-41.4489375901266,40810304.218797,BEAM0010,40810304.218797,19640200100035283,BEAM0010
-74.3782873909079,-41.3880955522777,40810305.8882186,BEAM0010,40810305.8882186,19640200100035483,BEAM0010
-74.2682458467839,-41.3276773761294,40810307.5410916,BEAM0010,40810307.5410916,19640200100035683,BEAM0010
-74.1571962583445,-41.2664768669506,40810309.2105307,BEAM0010,40810309.2105307,19640200100035883,BEAM0010
-74.046002544831,-41.2048911790467,40810310.8882162,BEAM0010,40810310.8882162,19640200100036083,BEAM0010
-73.9364344418978,-41.144189019952,40810312.5410893,BEAM0010,40810312.5410893,19640200100036283,BEAM0010
-73.8267529376548,-41.0831457277163,40810314.2022644,BEAM0010,40810314.2022644,19640200100036483,BEAM0010
-73.7181546786211,-41.0227612987953,40810315.863416,BEAM0010,40810315.863416,19640200100036683,BEAM0010
-73.6083811517998,-40.9610800000804,40810317.532823,BEAM0010,40810317.532823,19640200100036883,BEAM0010
-73.4993082228523,-40.8997170466723,40810319.2022621,BEAM0010,40810319.2022621,19640200100037083,BEAM0010
-73.3897368909472,-40.8375424446331,40810320.8634136,BEAM0010,40810320.8634136,19640200100037283,BEAM0010
-73.281514629317,-40.7760972981357,40810322.5162928,BEAM0010,40810322.5162928,19640200100037483,BEAM0010
-73.1720295551922,-40.7131270902893,40810324.1774678,BEAM0010,40810324.1774678,19640200100037683,BEAM0010
-73.0637176945681,-40.651188896651,40810325.8386134,BEAM0010,40810325.8386134,19640200100037883,BEAM0010
-72.9563616637529,-40.589518223341,40810327.4914985,BEAM0010,40810327.4914985,19640200100038083,BEAM0010
-72.8486190497563,-40.5271962377129,40810329.1526736,BEAM0010,40810329.1526736,19640200100038283,BEAM0010
-72.7403526901854,-40.4646730872017,40810330.822079,BEAM0010,40810330.822079,19640200100038483,BEAM0010
-72.6328843832525,-40.4022389108176,40810332.4832322,BEAM0010,40810332.4832322,19640200100038683,BEAM0010
-72.5256539510909,-40.3396855401994,40810334.1444073,BEAM0010,40810334.1444073,19640200100038883,BEAM0010
-72.418096249677,-40.2766805717293,40810335.8138108,BEAM0010,40810335.8138108,19640200100039083,BEAM0010
-72.3119121764231,-40.2141430945405,40810337.4667019,BEAM0010,40810337.4667019,19640200100039283,BEAM0010
-72.2052156166409,-40.151189871213,40810339.127877,BEAM0010,40810339.127877,19640200100039483,BEAM0010
-72.0989272865386,-40.0880882992811,40810340.7890105,BEAM0010,40810340.7890105,19640200100039683,BEAM0010
-71.9927439365339,-40.0249904607104,40810342.4501716,BEAM0010,40810342.4501716,19640200100039883,BEAM0010
-71.8867145055952,-39.9617660588596,40810344.1113467,BEAM0010,40810344.1113467,19640200100040083,BEAM0010
-71.7809478944139,-39.8983146859279,40810345.7724762,BEAM0010,40810345.7724762,19640200100040283,BEAM0010
-71.6753323103266,-39.8349522780434,40810347.4336413,BEAM0010,40810347.4336413,19640200100040483,BEAM0010
-71.5707094106311,-39.7716884182829,40810349.0865524,BEAM0010,40810349.0865524,19640200100040683,BEAM0010
-71.4655963549032,-39.7080176113709,40810350.7476759,BEAM0010,40810350.7476759,19640200100040883,BEAM0010
-71.3611096780342,-39.6444943287451,40810352.400583,BEAM0010,40810352.400583,19640200100041083,BEAM0010
-71.2554775617732,-39.5801032814915,40810354.0782861,BEAM0010,40810354.0782861,19640200100041283,BEAM0010
-71.1503644042092,-39.5157527141529,40810355.7476737,BEAM0010,40810355.7476737,19640200100041483,BEAM0010
-71.0455260541485,-39.4512730152855,40810357.4171087,BEAM0010,40810357.4171087,19640200100041683,BEAM0010
-70.9393496483279,-39.3856781393567,40810359.1113398,BEAM0010,40810359.1113398,19640200100041883,BEAM0010
-70.8358984222121,-39.3218178211638,40810360.7642033,BEAM0010,40810360.7642033,19640200100042083,BEAM0010
-70.7327855571541,-39.2578746057208,40810362.4171064,BEAM0010,40810362.4171064,19640200100042283,BEAM0010
-70.6297129313165,-39.193529689589,40810364.0700175,BEAM0010,40810364.0700175,19640200100042483,BEAM0010
-70.5270156126268,-39.1291516863774,40810365.7228731,BEAM0010,40810365.7228731,19640200100042683,BEAM0010
-70.4237245450125,-39.0643335287425,40810367.3840481,BEAM0010,40810367.3840481,19640200100042883,BEAM0010
-70.3213333225398,-38.9998172367496,40810369.0369593,BEAM0010,40810369.0369593,19640200100043083,BEAM0010
-70.2191220685022,-38.9351172381393,40810370.6898147,BEAM0010,40810370.6898147,19640200100043283,BEAM0010
-70.1170364100498,-38.8704154620693,40810372.3427258,BEAM0010,40810372.3427258,19640200100043483,BEAM0010
-70.0146748906993,-38.805244882159,40810374.0039009,BEAM0010,40810374.0039009,19640200100043683,BEAM0010
-69.9130140311639,-38.7403488682933,40810375.6567565,BEAM0010,40810375.6567565,19640200100043883,BEAM0010
-69.8116673491872,-38.6752854528008,40810377.3096676,BEAM0010,40810377.3096676,19640200100044083,BEAM0010
-69.7099038332811,-38.6097015659497,40810378.9708427,BEAM0010,40810378.9708427,19640200100044283,BEAM0010
-69.6090887178906,-38.5449383681416,40810380.6236982,BEAM0010,40810380.6236982,19640200100044483,BEAM0010
-69.5070758434953,-38.4785226287671,40810382.2931373,BEAM0010,40810382.2931373,19640200100044683,BEAM0010
-69.4060323692296,-38.4126197199419,40810383.9543108,BEAM0010,40810383.9543108,19640200100044883,BEAM0010
-69.304439124134,-38.3464922711451,40810385.623696,BEAM0010,40810385.623696,19640200100045083,BEAM0010
-69.2042577864129,-38.2807958499128,40810387.276607,BEAM0010,40810387.276607,19640200100045283,BEAM0010
-69.1037380265693,-38.21466150304,40810388.9377766,BEAM0010,40810388.9377766,19640200100045483,BEAM0010
-69.0046113366049,-38.149876640899,40810390.5989016,BEAM0010,40810390.5989016,19640200100045683,BEAM0010
-68.9049267334917,-38.083931231453,40810392.2518127,BEAM0010,40810392.2518127,19640200100045883,BEAM0010
-68.802680641335,-38.0155237944991,40810393.9377742,BEAM0010,40810393.9377742,19640200100046083,BEAM0010
-68.703501487304,-37.9497163560613,40810395.5988994,BEAM0010,40810395.5988994,19640200100046283,BEAM0010
-68.604077917845,-37.8829714111924,40810397.2518104,BEAM0010,40810397.2518104,19640200100046483,BEAM0010
-68.5022157505941,-37.8142508903731,40810398.946038,BEAM0010,40810398.946038,19640200100046683,BEAM0010
-68.4024297423618,-37.7471991177291,40810400.6154251,BEAM0010,40810400.6154251,19640200100046883,BEAM0010
-68.3034424991453,-37.680276323625,40810402.2766002,BEAM0010,40810402.2766002,19640200100047083,BEAM0010
-68.2051593233716,-37.6136229923263,40810403.9295037,BEAM0010,40810403.9295037,19640200100047283,BEAM0010
-68.1040068339281,-37.5449630856707,40810405.6319508,BEAM0010,40810405.6319508,19640200100047483,BEAM0010
-68.0056259179966,-37.4778393213801,40810407.2931259,BEAM0010,40810407.2931259,19640200100047683,BEAM0010
-67.9074066848592,-37.4105946941494,40810408.9542994,BEAM0010,40810408.9542994,19640200100047883,BEAM0010
-67.8088057165164,-37.3428889043495,40810410.6236845,BEAM0010,40810410.6236845,19640200100048083,BEAM0010
-67.7114891858312,-37.2757114125343,40810412.2765956,BEAM0010,40810412.2765956,19640200100048283,BEAM0010
-67.6137833074472,-37.2082243365706,40810413.9377651,BEAM0010,40810413.9377651,19640200100048483,BEAM0010
-67.5167615040717,-37.1409726087622,40810415.5906262,BEAM0010,40810415.5906262,19640200100048683,BEAM0010
-67.419974313654,-37.0734652131822,40810417.2435373,BEAM0010,40810417.2435373,19640200100048883,BEAM0010
-67.3218340931348,-37.0050342023926,40810418.9212308,BEAM0010,40810418.9212308,19640200100049083,BEAM0010
-67.2238033985045,-36.9364676316288,40810420.5988879,BEAM0010,40810420.5988879,19640200100049283,BEAM0010
-67.1269923003544,-36.8685256149773,40810422.260063,BEAM0010,40810422.260063,19640200100049483,BEAM0010
-67.0308903349281,-36.8006778685495,40810423.9129626,BEAM0010,40810423.9129626,19640200100049683,BEAM0010
-66.9350295645921,-36.7328525805367,40810425.5658296,BEAM0010,40810425.5658296,19640200100049883,BEAM0010
-66.837770124003,-36.6639379806776,40810427.2435327,BEAM0010,40810427.2435327,19640200100050083,BEAM0010
-66.7413740725022,-36.5952464118424,40810428.9129603,BEAM0010,40810428.9129603,19640200100050283,BEAM0010
-66.6451333562348,-36.5263018691129,40810430.5823554,BEAM0010,40810430.5823554,19640200100050483,BEAM0010
-66.5498149272675,-36.4581293672322,40810432.2352664,BEAM0010,40810432.2352664,19640200100050683,BEAM0010
-66.4542743627962,-36.389553016763,40810433.896426,BEAM0010,40810433.896426,19640200100050883,BEAM0010
-66.3589219349055,-36.3209086455333,40810435.5575611,BEAM0010,40810435.5575611,19640200100051083,BEAM0010
-66.2638108122646,-36.2520713505471,40810437.2187362,BEAM0010,40810437.2187362,19640200100051283,BEAM0010
-66.1693288624516,-36.1834278058745,40810438.8716257,BEAM0010,40810438.8716257,19640200100051483,BEAM0010
-66.0736588700191,-36.1137748250221,40810440.5492948,BEAM0010,40810440.5492948,19640200100051683,BEAM0010
-65.97855858799,-36.0443704615747,40810442.2187339,BEAM0010,40810442.2187339,19640200100051883,BEAM0010
-65.8841931486506,-35.9752484382641,40810443.8798895,BEAM0010,40810443.8798895,19640200100052083,BEAM0010
-65.7903598153915,-35.9063572783812,40810445.5327645,BEAM0010,40810445.5327645,19640200100052283,BEAM0010
-65.6963738590791,-35.8369952654147,40810447.1939396,BEAM0010,40810447.1939396,19640200100052483,BEAM0010
-65.6014502216532,-35.7669188833641,40810448.8716212,BEAM0010,40810448.8716212,19640200100052683,BEAM0010
-65.5072836490148,-35.6970451081175,40810450.5410263,BEAM0010,40810450.5410263,19640200100052883,BEAM0010
-65.4138554051539,-35.6274183654896,40810452.2022014,BEAM0010,40810452.2022014,19640200100053083,BEAM0010
-65.3204256512485,-35.5577474525914,40810453.8633529,BEAM0010,40810453.8633529,19640200100053283,BEAM0010
-65.2272131183516,-35.4879948833559,40810455.524496,BEAM0010,40810455.524496,19640200100053483,BEAM0010
-65.1341635294221,-35.4181278350776,40810457.185671,BEAM0010,40810457.185671,19640200100053683,BEAM0010
-65.0390158945019,-35.3464914099395,40810458.8881487,BEAM0010,40810458.8881487,19640200100053883,BEAM0010
-64.9463295550465,-35.2764175869448,40810460.5492857,BEAM0010,40810460.5492857,19640200100054083,BEAM0010
-64.8544235490721,-35.2065657186914,40810462.2021968,BEAM0010,40810462.2021968,19640200100054283,BEAM0010
-64.7614110510453,-35.1361334528077,40810463.8716144,BEAM0010,40810463.8716144,19640200100054483,BEAM0010
-64.6697025518966,-35.0663341200151,40810465.5244915,BEAM0010,40810465.5244915,19640200100054683,BEAM0010
-64.5782582445396,-34.9963393346657,40810467.1774025,BEAM0010,40810467.1774025,19640200100054883,BEAM0010
-64.4865410164015,-34.9259097627308,40810468.8385481,BEAM0010,40810468.8385481,19640200100055083,BEAM0010
-64.3953687932329,-34.8558813059134,40810470.4914332,BEAM0010,40810470.4914332,19640200100055283,BEAM0010
-64.3040569939363,-34.7852537923362,40810472.1526083,BEAM0010,40810472.1526083,19640200100055483,BEAM0010
-64.2118950223602,-34.7138434744818,40810473.8302798,BEAM0010,40810473.8302798,19640200100055683,BEAM0010
-64.1210067933557,-34.6436518465487,40810475.4831669,BEAM0010,40810475.4831669,19640200100055883,BEAM0010
-64.0295172042575,-34.5725439943548,40810477.1526059,BEAM0010,40810477.1526059,19640200100056083,BEAM0010
-63.9387891502307,-34.5016094759842,40810478.8137455,BEAM0010,40810478.8137455,19640200100056283,BEAM0010
-63.8481302725127,-34.4306144494472,40810480.4749006,BEAM0010,40810480.4749006,19640200100056483,BEAM0010
-63.7577378061719,-34.359532435353,40810482.1360757,BEAM0010,40810482.1360757,19640200100056683,BEAM0010
-63.6677825627564,-34.2887889253839,40810483.7889452,BEAM0010,40810483.7889452,19640200100056883,BEAM0010
-63.5775713664205,-34.2175958783035,40810485.4501063,BEAM0010,40810485.4501063,19640200100057083,BEAM0010
-63.4871888759327,-34.1458672340678,40810487.1195455,BEAM0010,40810487.1195455,19640200100057283,BEAM0010
-63.3968872503438,-34.0741596059358,40810488.7889429,BEAM0010,40810488.7889429,19640200100057483,BEAM0010
-63.3071450723733,-34.0027379014537,40810490.450104,BEAM0010,40810490.450104,19640200100057683,BEAM0010
-63.2180705182785,-33.9315577230674,40810492.1030151,BEAM0010,40810492.1030151,19640200100057883,BEAM0010
-63.1282308494249,-33.8596109783142,40810493.7724086,BEAM0010,40810493.7724086,19640200100058083,BEAM0010
-63.039348400671,-33.7883302582132,40810495.4253098,BEAM0010,40810495.4253098,19640200100058283,BEAM0010
-62.9498540553106,-33.7161915889727,40810497.0947488,BEAM0010,40810497.0947488,19640200100058483,BEAM0010
-62.8606688023007,-33.6438554282375,40810498.7641404,BEAM0010,40810498.7641404,19640200100058683,BEAM0010
-62.7709629360086,-33.5713015813438,40810500.4418355,BEAM0010,40810500.4418355,19640200100058883,BEAM0010
-62.682306442065,-33.4993641146295,40810502.1030106,BEAM0010,40810502.1030106,19640200100059083,BEAM0010
-62.593828610605,-33.4273198249348,40810503.7641381,BEAM0010,40810503.7641381,19640200100059283,BEAM0010
-62.505998621456,-33.3556345616628,40810505.4170412,BEAM0010,40810505.4170412,19640200100059483,BEAM0010
-62.4171832536505,-33.2830671462879,40810507.0947443,BEAM0010,40810507.0947443,19640200100059683,BEAM0010
-62.3295028599889,-33.2107696432258,40810508.7476038,BEAM0010,40810508.7476038,19640200100059883,BEAM0010
-62.2416511000812,-33.1384543714701,40810510.4087749,BEAM0010,40810510.4087749,19640200100060083,BEAM0010
-62.1540119711504,-33.0659981913369,40810512.06995,BEAM0010,40810512.06995,19640200100060283,BEAM0010
-62.0665452134954,-32.993474069593,40810513.7310696,BEAM0010,40810513.7310696,19640200100060483,BEAM0010
-61.9787174396376,-32.9205845250577,40810515.4005087,BEAM0010,40810515.4005087,19640200100060683,BEAM0010
-61.8914483279106,-32.8479900994604,40810517.0616838,BEAM0010,40810517.0616838,19640200100060883,BEAM0010
-61.8048143300208,-32.7756175830916,40810518.7145393,BEAM0010,40810518.7145393,19640200100061083,BEAM0010
-61.7183423850289,-32.7032249051049,40810520.3674504,BEAM0010,40810520.3674504,19640200100061283,BEAM0010
-61.6316699306739,-32.6302208080067,40810522.0286255,BEAM0010,40810522.0286255,19640200100061483,BEAM0010
-61.5441972523331,-32.5566341024388,40810523.706273,BEAM0010,40810523.706273,19640200100061683,BEAM0010
-61.4580260916928,-32.484019562035,40810525.3591841,BEAM0010,40810525.3591841,19640200100061883,BEAM0010
-61.3717587638266,-32.4109616842723,40810527.0203592,BEAM0010,40810527.0203592,19640200100062083,BEAM0010
-61.2856476405819,-32.337743963787,40810528.6814788,BEAM0010,40810528.6814788,19640200100062283,BEAM0010
-61.1987489003242,-32.2637790073657,40810530.3591818,BEAM0010,40810530.3591818,19640200100062483,BEAM0010
-61.1130056521982,-32.1904048778275,40810532.020357,BEAM0010,40810532.020357,19640200100062683,BEAM0010
-61.0268575517815,-32.116668615476,40810533.6897405,BEAM0010,40810533.6897405,19640200100062883,BEAM0010
-60.9408415607053,-32.0428917593956,40810535.3591796,BEAM0010,40810535.3591796,19640200100063083,BEAM0010
-60.8554532426943,-31.9693572015395,40810537.0203547,BEAM0010,40810537.0203547,19640200100063283,BEAM0010
-60.7701042527735,-31.8957942426957,40810538.6814742,BEAM0010,40810538.6814742,19640200100063483,BEAM0010
-60.6841473525902,-31.8213696389119,40810540.3591773,BEAM0010,40810540.3591773,19640200100063683,BEAM0010
-60.597858916015,-31.7465964563759,40810542.0451444,BEAM0010,40810542.0451444,19640200100063883,BEAM0010
-60.5130699005265,-31.6727087017147,40810543.706264,BEAM0010,40810543.706264,19640200100064083,BEAM0010
-60.4288596840643,-31.5992558924572,40810545.3591751,BEAM0010,40810545.3591751,19640200100064283,BEAM0010
-60.3438215772808,-31.524998169922,40810547.0286141,BEAM0010,40810547.0286141,19640200100064483,BEAM0010
-60.2598303641938,-31.4513431035285,40810548.6814697,BEAM0010,40810548.6814697,19640200100064683,BEAM0010
-60.1755865172482,-31.3772190934339,40810550.3426448,BEAM0010,40810550.3426448,19640200100064883,BEAM0010
-60.0910260924703,-31.3027448807389,40810552.0120839,BEAM0010,40810552.0120839,19640200100065083,BEAM0010
-60.0069148859796,-31.2285845907276,40810553.6732034,BEAM0010,40810553.6732034,19640200100065283,BEAM0010
-59.9231919453668,-31.1543043860872,40810555.3343785,BEAM0010,40810555.3343785,19640200100065483,BEAM0010
-59.8396303515007,-31.0799771725882,40810556.9955536,BEAM0010,40810556.9955536,19640200100065683,BEAM0010
-59.7564866992474,-31.0059714078855,40810558.6484091,BEAM0010,40810558.6484091,19640200100065883,BEAM0010
-59.6728185313782,-30.9312126796304,40810560.3178482,BEAM0010,40810560.3178482,19640200100066083,BEAM0010
-59.5887163483193,-30.8560117405931,40810561.9955513,BEAM0010,40810561.9955513,19640200100066283,BEAM0010
-59.5056112034276,-30.781499315796,40810563.6566709,BEAM0010,40810563.6566709,19640200100066483,BEAM0010
-59.4225751719735,-30.706843413896,40810565.3178459,BEAM0010,40810565.3178459,19640200100066683,BEAM0010
-59.3396633023401,-30.6321378768868,40810566.9790211,BEAM0010,40810566.9790211,19640200100066883,BEAM0010
-59.2574402886997,-30.5576841963985,40810568.6318766,BEAM0010,40810568.6318766,19640200100067083,BEAM0010
-59.175074145579,-30.4828131906396,40810570.2930517,BEAM0010,40810570.2930517,19640200100067283,BEAM0010
-59.0926977193255,-30.4079319974287,40810571.9542252,BEAM0010,40810571.9542252,19640200100067483,BEAM0010
-59.0104005585516,-30.3330181875069,40810573.6153463,BEAM0010,40810573.6153463,19640200100067683,BEAM0010
-58.9280789041161,-30.2581410300533,40810575.2765214,BEAM0010,40810575.2765214,19640200100067883,BEAM0010
-58.846467827971,-30.1834280032828,40810576.929425,BEAM0010,40810576.929425,19640200100068083,BEAM0010
-58.7650279413603,-30.1086611727143,40810578.582288,BEAM0010,40810578.582288,19640200100068283,BEAM0010
-58.6832550905938,-30.0335245686425,40810580.2434632,BEAM0010,40810580.2434632,19640200100068483,BEAM0010
-58.6016923238581,-29.9582092684378,40810581.9046247,BEAM0010,40810581.9046247,19640200100068683,BEAM0010
-58.5206290343431,-29.8833243486153,40810583.5574937,BEAM0010,40810583.5574937,19640200100068883,BEAM0010
-58.4396658038856,-29.8083225911521,40810585.2104049,BEAM0010,40810585.2104049,19640200100069083,BEAM0010
-58.3587744750284,-29.7333534865626,40810586.8632924,BEAM0010,40810586.8632924,19640200100069283,BEAM0010
-58.2767931883985,-29.6571885818068,40810588.5409635,BEAM0010,40810588.5409635,19640200100069483,BEAM0010
-58.1955072307325,-29.5810958295694,40810590.2104026,BEAM0010,40810590.2104026,19640200100069683,BEAM0010
-58.1152719249407,-29.5058277842625,40810591.8632901,BEAM0010,40810591.8632901,19640200100069883,BEAM0010
-58.0345150307866,-29.4302418993158,40810593.5244333,BEAM0010,40810593.5244333,19640200100070083,BEAM0010
-57.9538825281284,-29.3546010172357,40810595.1856083,BEAM0010,40810595.1856083,19640200100070283,BEAM0010
-57.8733783851178,-29.2788518161271,40810596.8467559,BEAM0010,40810596.8467559,19640200100070483,BEAM0010
-57.7921920993626,-29.2023360733667,40810598.524431,BEAM0010,40810598.524431,19640200100070683,BEAM0010
-57.7119879800858,-29.126443826035,40810600.185606,BEAM0010,40810600.185606,19640200100070883,BEAM0010
-57.631930193303,-29.0504910664504,40810601.8467536,BEAM0010,40810601.8467536,19640200100071083,BEAM0010
-57.5525244928754,-28.974820196147,40810603.4996367,BEAM0010,40810603.4996367,19640200100071283,BEAM0010
-57.4723463290251,-28.898276175118,40810605.1690757,BEAM0010,40810605.1690757,19640200100071483,BEAM0010
-57.3923092826555,-28.821844039088,40810606.8384853,BEAM0010,40810606.8384853,19640200100071683,BEAM0010
-57.3129852246269,-28.7461268563384,40810608.4913704,BEAM0010,40810608.4913704,19640200100071883,BEAM0010
-57.2338130679593,-28.6703089967923,40810610.1442815,BEAM0010,40810610.1442815,19640200100072083,BEAM0010
-57.1537743693255,-28.5932809255795,40810611.821951,BEAM0010,40810611.821951,19640200100072283,BEAM0010
-57.0747117074805,-28.5168204933909,40810613.4831041,BEAM0010,40810613.4831041,19640200100072483,BEAM0010
-56.9956511390896,-28.4404800514407,40810615.1442792,BEAM0010,40810615.1442792,19640200100072683,BEAM0010
-56.9170405831442,-28.364451763567,40810616.7971508,BEAM0010,40810616.7971508,19640200100072883,BEAM0010
-56.8382022485027,-28.288064215731,40810618.4583099,BEAM0010,40810618.4583099,19640200100073083,BEAM0010
-56.759655132488,-28.2115533943957,40810620.119485,BEAM0010,40810620.119485,19640200100073283,BEAM0010
-56.6811796553354,-28.13510419342,40810621.7806166,BEAM0010,40810621.7806166,19640200100073483,BEAM0010
-56.6031267403926,-28.0588413855791,40810623.4335156,BEAM0010,40810623.4335156,19640200100073683,BEAM0010
-56.525186010194,-27.9825006607563,40810625.0864267,BEAM0010,40810625.0864267,19640200100073883,BEAM0010
-56.4469192672494,-27.9058457189535,40810626.7475502,BEAM0010,40810626.7475502,19640200100074083,BEAM0010
-56.3683996464054,-27.8286441432101,40810628.4169853,BEAM0010,40810628.4169853,19640200100074283,BEAM0010
-56.2896162574038,-27.7510613984962,40810630.0946884,BEAM0010,40810630.0946884,19640200100074483,BEAM0010
-56.2109350085993,-27.6734078991605,40810631.772346,BEAM0010,40810631.772346,19640200100074683,BEAM0010
-56.1337306689229,-27.5966789132192,40810633.4252471,BEAM0010,40810633.4252471,19640200100074883,BEAM0010
-56.0561493170783,-27.5196388931745,40810635.0864222,BEAM0010,40810635.0864222,19640200100075083,BEAM0010
-55.9790142414518,-27.4429155233281,40810636.7392797,BEAM0010,40810636.7392797,19640200100075283,BEAM0010
-55.9015990881412,-27.3657776438502,40810638.4004528,BEAM0010,40810638.4004528,19640200100075483,BEAM0010
-55.8247705786669,-27.2889466767042,40810640.0533639,BEAM0010,40810640.0533639,19640200100075683,BEAM0010
-55.7471348574524,-27.2113757613571,40810641.7227474,BEAM0010,40810641.7227474,19640200100075883,BEAM0010
-55.6692863530084,-27.1332695596917,40810643.4004506,BEAM0010,40810643.4004506,19640200100076083,BEAM0010
-55.592886280203,-27.0562221487148,40810645.0533616,BEAM0010,40810645.0533616,19640200100076283,BEAM0010
-55.5157544831365,-26.9783848010792,40810646.7227452,BEAM0010,40810646.7227452,19640200100076483,BEAM0010
-55.43907534922,-26.9008810015341,40810648.3839202,BEAM0010,40810648.3839202,19640200100076683,BEAM0010
-55.3624637539998,-26.8234181858708,40810650.0450953,BEAM0010,40810650.0450953,19640200100076883,BEAM0010
-55.2855844500113,-26.7454895568153,40810651.7144789,BEAM0010,40810651.7144789,19640200100077083,BEAM0010
-55.2091894998557,-26.6678576508392,40810653.375654,BEAM0010,40810653.375654,19640200100077283,BEAM0010
-55.1326225288586,-26.5898016855062,40810655.0450931,BEAM0010,40810655.0450931,19640200100077483,BEAM0010
-55.0565074941868,-26.5120392316551,40810656.7062126,BEAM0010,40810656.7062126,19640200100077683,BEAM0010
-54.9789900287182,-26.4326938587294,40810658.4004437,BEAM0010,40810658.4004437,19640200100077883,BEAM0010
-54.9032119826894,-26.3548208568712,40810660.0616188,BEAM0010,40810660.0616188,19640200100078083,BEAM0010
-54.8277201510242,-26.2774285903204,40810661.7144744,BEAM0010,40810661.7144744,19640200100078283,BEAM0010
-54.7523496034448,-26.1998928961564,40810663.3673854,BEAM0010,40810663.3673854,19640200100078483,BEAM0010
-54.6758527878787,-26.121234673647,40810665.0450886,BEAM0010,40810665.0450886,19640200100078683,BEAM0010
-54.6004187640735,-26.0432342695442,40810666.7062081,BEAM0010,40810666.7062081,19640200100078883,BEAM0010
-54.5250353660304,-25.9650995099094,40810668.3673832,BEAM0010,40810668.3673832,19640200100079083,BEAM0010
-54.4497912291955,-25.8869694715157,40810670.0285583,BEAM0010,40810670.0285583,19640200100079283,BEAM0010
-54.3747253481668,-25.8088160878592,40810671.6896778,BEAM0010,40810671.6896778,19640200100079483,BEAM0010
-54.2996323153594,-25.7306249125447,40810673.3508529,BEAM0010,40810673.3508529,19640200100079683,BEAM0010
-54.2251327753819,-25.6527103931282,40810675.003764,BEAM0010,40810675.003764,19640200100079883,BEAM0010
-54.1495426797138,-25.57372659646,40810676.6814116,BEAM0010,40810676.6814116,19640200100080083,BEAM0010
-54.0750772583145,-25.4957957137666,40810678.3343227,BEAM0010,40810678.3343227,19640200100080283,BEAM0010
-54.0003607924709,-25.4174401984304,40810679.9954977,BEAM0010,40810679.9954977,19640200100080483,BEAM0010
-53.9251653543039,-25.3382228001385,40810681.6731453,BEAM0010,40810681.6731453,19640200100080683,BEAM0010
-53.850487971192,-25.2593301275579,40810683.3425843,BEAM0010,40810683.3425843,19640200100080883,BEAM0010
-53.7758013901236,-25.1803954914016,40810685.0120235,BEAM0010,40810685.0120235,19640200100081083,BEAM0010
-53.7018744498493,-25.1022793979186,40810686.664879,BEAM0010,40810686.664879,19640200100081283,BEAM0010
-53.6281320789702,-25.0241437566582,40810688.3177901,BEAM0010,40810688.3177901,19640200100081483,BEAM0010
-53.55374669282,-24.9450374109468,40810689.9872292,BEAM0010,40810689.9872292,19640200100081683,BEAM0010
-53.4799809023536,-24.8662303134024,40810691.6483488,BEAM0010,40810691.6483488,19640200100081883,BEAM0010
-53.4062061318332,-24.7874444603535,40810693.3095239,BEAM0010,40810693.3095239,19640200100082083,BEAM0010
-53.3324477793564,-24.7086401545151,40810694.9706989,BEAM0010,40810694.9706989,19640200100082283,BEAM0010
-53.259182463342,-24.6301991567435,40810696.6235545,BEAM0010,40810696.6235545,19640200100082483,BEAM0010
-53.1860262049445,-24.5516908690773,40810698.2764656,BEAM0010,40810698.2764656,19640200100082683,BEAM0010
-53.1131457408607,-24.4730286381379,40810699.9293691,BEAM0010,40810699.9293691,19640200100082883,BEAM0010
-53.0403464568783,-24.3943172489598,40810701.5822323,BEAM0010,40810701.5822323,19640200100083083,BEAM0010
-52.9663994359125,-24.3144970564281,40810703.2599353,BEAM0010,40810703.2599353,19640200100083283,BEAM0010
-52.8928959252979,-24.2350797520008,40810704.9293669,BEAM0010,40810704.9293669,19640200100083483,BEAM0010
-52.8202106025514,-24.1563743086035,40810706.58223,BEAM0010,40810706.58223,19640200100083683,BEAM0010
-52.7473116134191,-24.0772185498073,40810708.243405,BEAM0010,40810708.243405,19640200100083883,BEAM0010
-52.6743051335091,-23.9975744403074,40810709.9128326,BEAM0010,40810709.9128326,19640200100084083,BEAM0010
-52.6016058961355,-23.9183695223394,40810711.5739637,BEAM0010,40810711.5739637,19640200100084283,BEAM0010
-52.5294051071006,-23.8394451537222,40810713.2268747,BEAM0010,40810713.2268747,19640200100084483,BEAM0010
-52.4569051553904,-23.7601249867839,40810714.8880323,BEAM0010,40810714.8880323,19640200100084683,BEAM0010
-52.3847309421345,-23.6811936975306,40810716.5409054,BEAM0010,40810716.5409054,19640200100084883,BEAM0010
-52.31233457686,-23.6017929858129,40810718.2020805,BEAM0010,40810718.2020805,19640200100085083,BEAM0010
-52.2401439076513,-23.5223050534541,40810719.863232,BEAM0010,40810719.863232,19640200100085283,BEAM0010
-52.1683984314201,-23.4432056585493,40810721.5161111,BEAM0010,40810721.5161111,19640200100085483,BEAM0010
-52.0957499036343,-23.3629236469378,40810723.1938142,BEAM0010,40810723.1938142,19640200100085683,BEAM0010
-52.0234481005269,-23.2829312822351,40810724.8632297,BEAM0010,40810724.8632297,19640200100085883,BEAM0010
-51.9520471000443,-23.2036533125171,40810726.5161089,BEAM0010,40810726.5161089,19640200100086083,BEAM0010
-51.8802784836508,-23.1240690792437,40810728.177284,BEAM0010,40810728.177284,19640200100086283,BEAM0010
-51.8085464738396,-23.0443882025728,40810729.8384295,BEAM0010,40810729.8384295,19640200100086483,BEAM0010
-51.7369380354906,-22.964669765766,40810731.4995786,BEAM0010,40810731.4995786,19640200100086683,BEAM0010
-51.664468301377,-22.8837118091581,40810733.1855457,BEAM0010,40810733.1855457,19640200100086883,BEAM0010
-51.5927792432486,-22.8034205092933,40810734.8549592,BEAM0010,40810734.8549592,19640200100087083,BEAM0010
-51.5207698128687,-22.7227929976748,40810736.5326323,BEAM0010,40810736.5326323,19640200100087283,BEAM0010
-51.4499206860997,-22.6433448874854,40810738.1855434,BEAM0010,40810738.1855434,19640200100087483,BEAM0010
-51.3780724785132,-22.5626539711954,40810739.863223,BEAM0010,40810739.863223,19640200100087683,BEAM0010
-51.3064659431815,-22.4818359089664,40810741.540894,BEAM0010,40810741.540894,19640200100087883,BEAM0010
-51.2355543582066,-22.4017684442502,40810743.2020691,BEAM0010,40810743.2020691,19640200100088083,BEAM0010
-51.1650969371415,-22.3221574394085,40810744.8549547,BEAM0010,40810744.8549547,19640200100088283,BEAM0010
-51.094393047777,-22.2420319187778,40810746.5160998,BEAM0010,40810746.5160998,19640200100088483,BEAM0010
-51.0240554795439,-22.162306087748,40810748.1690108,BEAM0010,40810748.1690108,19640200100088683,BEAM0010
-50.9527365419757,-22.0813876718607,40810749.8466864,BEAM0010,40810749.8466864,19640200100088883,BEAM0010
-50.8818620161946,-22.0008180547286,40810751.5160975,BEAM0010,40810751.5160975,19640200100089083,BEAM0010
-50.8107352373898,-21.9197917577505,40810753.1938006,BEAM0010,40810753.1938006,19640200100089283,BEAM0010
-50.7408677001199,-21.8398909127748,40810754.8466842,BEAM0010,40810754.8466842,19640200100089483,BEAM0010
-50.6706873469734,-21.7595570487946,40810756.5078313,BEAM0010,40810756.5078313,19640200100089683,BEAM0010
-50.6000912428726,-21.6788825262347,40810758.1772703,BEAM0010,40810758.1772703,19640200100089883,BEAM0010
-50.5299805607552,-21.5985488073589,40810759.8384159,BEAM0010,40810759.8384159,19640200100090083,BEAM0010
-50.4600223600175,-21.5181937829583,40810761.4995649,BEAM0010,40810761.4995649,19640200100090283,BEAM0010
-50.3898387813425,-21.4372787049586,40810763.1690041,BEAM0010,40810763.1690041,19640200100090483,BEAM0010
-50.3197891007579,-21.3563352100559,40810764.8384136,BEAM0010,40810764.8384136,19640200100090683,BEAM0010
-50.2503821680792,-21.2762390653527,40810766.4912987,BEAM0010,40810766.4912987,19640200100090883,BEAM0010
-50.181112561814,-21.1960837303733,40810768.1442098,BEAM0010,40810768.1442098,19640200100091083,BEAM0010
-50.1107449890861,-21.1148442776182,40810769.8218794,BEAM0010,40810769.8218794,19640200100091283,BEAM0010
-50.0405543667157,-21.0334175862751,40810771.4995604,BEAM0010,40810771.4995604,19640200100091483,BEAM0010
-49.9712928417718,-20.9527042501982,40810773.1607355,BEAM0010,40810773.1607355,19640200100091683,BEAM0010
-49.9020131559853,-20.8720290202985,40810774.821877,BEAM0010,40810774.821877,19640200100091883,BEAM0010
-49.8331919232117,-20.7916577453853,40810776.4747662,BEAM0010,40810776.4747662,19640200100092083,BEAM0010
-49.7639639350647,-20.7109552902995,40810778.1359413,BEAM0010,40810778.1359413,19640200100092283,BEAM0010
-49.6952028829047,-20.6306097526898,40810779.7888108,BEAM0010,40810779.7888108,19640200100092483,BEAM0010
-49.626284411218,-20.5497236114892,40810781.4499718,BEAM0010,40810781.4499718,19640200100092683,BEAM0010
-49.5577693563611,-20.4692444652382,40810783.102883,BEAM0010,40810783.102883,19640200100092883,BEAM0010
-49.4889459787413,-20.3883574176946,40810784.7640105,BEAM0010,40810784.7640105,19640200100093083,BEAM0010
-49.420492911259,-20.3078484841657,40810786.4169136,BEAM0010,40810786.4169136,19640200100093283,BEAM0010
-49.3517530061368,-20.2269290078428,40810788.0780887,BEAM0010,40810788.0780887,19640200100093483,BEAM0010
-49.2831295120464,-20.1459360118341,40810789.7392102,BEAM0010,40810789.7392102,19640200100093683,BEAM0010
-49.2143163874804,-20.0645004741469,40810791.4086474,BEAM0010,40810791.4086474,19640200100093883,BEAM0010
-49.1456097068293,-19.9829910921801,40810793.0780865,BEAM0010,40810793.0780865,19640200100094083,BEAM0010
-49.0771779510361,-19.9019529791514,40810794.739208,BEAM0010,40810794.739208,19640200100094283,BEAM0010
-49.0085361583401,-19.8204596714697,40810796.408645,BEAM0010,40810796.408645,19640200100094483,BEAM0010
-48.9404033822503,-19.7392767002366,40810798.0698202,BEAM0010,40810798.0698202,19640200100094683,BEAM0010
-48.8726836797101,-19.6583997278126,40810799.7226757,BEAM0010,40810799.7226757,19640200100094883,BEAM0010
-48.8038982985174,-19.5764234831817,40810801.4003788,BEAM0010,40810801.4003788,19640200100095083,BEAM0010
-48.7359015219873,-19.4952534445488,40810803.0615539,BEAM0010,40810803.0615539,19640200100095283,BEAM0010
-48.667716477576,-19.4134881867634,40810804.7309374,BEAM0010,40810804.7309374,19640200100095483,BEAM0010
-48.5996022691199,-19.3317648267452,40810806.4003766,BEAM0010,40810806.4003766,19640200100095683,BEAM0010
-48.531427967524,-19.2500281245794,40810808.0698156,BEAM0010,40810808.0698156,19640200100095883,BEAM0010
-48.4636844339354,-19.1687171227684,40810809.7309352,BEAM0010,40810809.7309352,19640200100096083,BEAM0010
-48.3956599086812,-19.0869372821413,40810811.4003742,BEAM0010,40810811.4003742,19640200100096283,BEAM0010
-48.3276164093017,-19.0046780913144,40810813.0780774,BEAM0010,40810813.0780774,19640200100096483,BEAM0010
-48.2606051910847,-18.9236022723607,40810814.7309329,BEAM0010,40810814.7309329,19640200100096683,BEAM0010
-48.1925903944501,-18.8413839079033,40810816.408636,BEAM0010,40810816.408636,19640200100096883,BEAM0010
-48.1253298487879,-18.7599100601783,40810818.0698111,BEAM0010,40810818.0698111,19640200100097083,BEAM0010
-48.0577006901717,-18.6780524338168,40810819.7391967,BEAM0010,40810819.7391967,19640200100097283,BEAM0010
-47.9899255797471,-18.5956331901725,40810821.4168977,BEAM0010,40810821.4168977,19640200100097483,BEAM0010
-47.9231736958427,-18.5144036353165,40810823.0698088,BEAM0010,40810823.0698088,19640200100097683,BEAM0010
-47.8554216852876,-18.4319993444603,40810824.7474604,BEAM0010,40810824.7474604,19640200100097883,BEAM0010
-47.7886335799986,-18.3508788228143,40810826.4086315,BEAM0010,40810826.4086315,19640200100098083,BEAM0010
-47.7219602564937,-18.2690907195848,40810828.0615426,BEAM0010,40810828.0615426,19640200100098283,BEAM0010
-47.6555257293455,-18.1876657549252,40810829.714398,BEAM0010,40810829.714398,19640200100098483,BEAM0010
-47.5877949240587,-18.1047314964192,40810831.4003652,BEAM0010,40810831.4003652,19640200100098683,BEAM0010
-47.5214030735553,-18.0233352364579,40810833.0532763,BEAM0010,40810833.0532763,19640200100098883,BEAM0010
-47.4548202264035,-17.9414724066604,40810834.7143958,BEAM0010,40810834.7143958,19640200100099083,BEAM0010
-47.3886322050816,-17.8599843455048,40810836.3673069,BEAM0010,40810836.3673069,19640200100099283,BEAM0010
-47.3224208953984,-17.778503288254,40810838.020218,BEAM0010,40810838.020218,19640200100099483,BEAM0010
-47.2563348144012,-17.6969955318258,40810839.6730735,BEAM0010,40810839.6730735,19640200100099683,BEAM0010
-47.1903894338974,-17.6153950013859,40810841.3259846,BEAM0010,40810841.3259846,19640200100099883,BEAM0010
-47.1234601327337,-17.532547294075,40810843.0036878,BEAM0010,40810843.0036878,19640200100100083,BEAM0010
-47.0568515015214,-17.4501449260568,40810844.6730713,BEAM0010,40810844.6730713,19640200100100283,BEAM0010
-46.9903337222088,-17.3676472236853,40810846.3425103,BEAM0010,40810846.3425103,19640200100100483,BEAM0010
-46.923538335237,-17.2848220235043,40810848.0202134,BEAM0010,40810848.0202134,19640200100100683,BEAM0010
-46.8561082958681,-17.2011150532774,40810849.714389,BEAM0010,40810849.714389,19640200100100883,BEAM0010
-46.7904659533266,-17.119365633076,40810851.3673001,BEAM0010,40810851.3673001,19640200100101083,BEAM0010
-46.7249598962814,-17.0375288559299,40810853.0202112,BEAM0010,40810853.0202112,19640200100101283,BEAM0010
-46.6590899609738,-16.9553672121506,40810854.6813307,BEAM0010,40810854.6813307,19640200100101483,BEAM0010
-46.5936372014279,-16.8735302759657,40810856.3342418,BEAM0010,40810856.3342418,19640200100101683,BEAM0010
-46.5276289578033,-16.7908291217235,40810858.0036809,BEAM0010,40810858.0036809,19640200100101883,BEAM0010
-46.4618934073711,-16.7086487327193,40810859.6648005,BEAM0010,40810859.6648005,19640200100102083,BEAM0010
-46.3959380456303,-16.625962191322,40810861.3342395,BEAM0010,40810861.3342395,19640200100102283,BEAM0010
-46.3307766892524,-16.5440888094853,40810862.9871506,BEAM0010,40810862.9871506,19640200100102483,BEAM0010
-46.2653450617338,-16.4617075939578,40810864.6482702,BEAM0010,40810864.6482702,19640200100102683,BEAM0010
-46.1999045731269,-16.379328219476,40810866.3094453,BEAM0010,40810866.3094453,19640200100102883,BEAM0010
-46.1341903954653,-16.2965368321475,40810867.9788843,BEAM0010,40810867.9788843,19640200100103083,BEAM0010
-46.0688662398337,-16.2140117968495,40810869.6400039,BEAM0010,40810869.6400039,19640200100103283,BEAM0010
-46.0037731180964,-16.131468391592,40810871.3011791,BEAM0010,40810871.3011791,19640200100103483,BEAM0010
-45.9388826296833,-16.0494095523896,40810872.9540886,BEAM0010,40810872.9540886,19640200100103683,BEAM0010
-45.8736827944326,-15.9669611723339,40810874.6152096,BEAM0010,40810874.6152096,19640200100103883,BEAM0010
-45.8089365066907,-15.8848404554575,40810876.2681207,BEAM0010,40810876.2681207,19640200100104083,BEAM0010
-45.7442072363353,-15.8027302530507,40810877.9210223,BEAM0010,40810877.9210223,19640200100104283,BEAM0010
-45.6789392109231,-15.7197656548696,40810879.5904154,BEAM0010,40810879.5904154,19640200100104483,BEAM0010
-45.6140938797949,-15.6371224508759,40810881.2515905,BEAM0010,40810881.2515905,19640200100104683,BEAM0010
-45.5495611556095,-15.5548991121453,40810882.904488,BEAM0010,40810882.904488,19640200100104883,BEAM0010
-45.4848168021325,-15.4722269397754,40810884.5656211,BEAM0010,40810884.5656211,19640200100105083,BEAM0010
-45.4200464880943,-15.3896201628884,40810886.2267962,BEAM0010,40810886.2267962,19640200100105283,BEAM0010
-45.3547100781794,-15.3060782049412,40810887.9044857,BEAM0010,40810887.9044857,19640200100105483,BEAM0010
-45.2904856407582,-15.2237718555449,40810889.5573548,BEAM0010,40810889.5573548,19640200100105683,BEAM0010
-45.2260293357141,-15.1415985640565,40810891.21853,BEAM0010,40810891.21853,19640200100105883,BEAM0010
-45.1607038654877,-15.0574672807475,40810892.8962175,BEAM0010,40810892.8962175,19640200100106083,BEAM0010
-45.0963325472715,-14.9746604097313,40810894.5573526,BEAM0010,40810894.5573526,19640200100106283,BEAM0010
-45.0323060274498,-14.8921752072691,40810896.2102637,BEAM0010,40810896.2102637,19640200100106483,BEAM0010
-44.967972178718,-14.8093525731308,40810897.8714172,BEAM0010,40810897.8714172,19640200100106683,BEAM0010
-44.9040009522292,-14.7269265737745,40810899.5242943,BEAM0010,40810899.5242943,19640200100106883,BEAM0010
-44.8394329129989,-14.6436158904405,40810901.1937334,BEAM0010,40810901.1937334,19640200100107083,BEAM0010
-44.7749067862274,-14.5603007571147,40810902.8631489,BEAM0010,40810902.8631489,19640200100107283,BEAM0010
-44.7098779819249,-14.4760796247975,40810904.5490841,BEAM0010,40810904.5490841,19640200100107483,BEAM0010
-44.6458270513666,-14.3931148025539,40810906.2102591,BEAM0010,40810906.2102591,19640200100107683,BEAM0010
-44.5814709669084,-14.3097148905748,40810907.8796787,BEAM0010,40810907.8796787,19640200100107883,BEAM0010
-44.5175643165049,-14.2266931454925,40810909.5408177,BEAM0010,40810909.5408177,19640200100108083,BEAM0010
-44.4533948829138,-14.1432524040689,40810911.2102569,BEAM0010,40810911.2102569,19640200100108283,BEAM0010
-44.3897914495267,-14.0606865684426,40810912.8631444,BEAM0010,40810912.8631444,19640200100108483,BEAM0010
-44.3256015395006,-13.9772593442046,40810914.5325515,BEAM0010,40810914.5325515,19640200100108683,BEAM0010
-44.2615777719438,-13.8937703763618,40810916.2019906,BEAM0010,40810916.2019906,19640200100108883,BEAM0010
-44.1978726736516,-13.8106478787591,40810917.8631421,BEAM0010,40810917.8631421,19640200100109083,BEAM0010
-44.1345379409124,-13.7279478636286,40810919.5160212,BEAM0010,40810919.5160212,19640200100109283,BEAM0010
-44.0706636582897,-13.6443439010126,40810921.1854603,BEAM0010,40810921.1854603,19640200100109483,BEAM0010
-44.0070922289463,-13.5611802788919,40810922.8466078,BEAM0010,40810922.8466078,19640200100109683,BEAM0010
-43.9429095398856,-13.4771165774369,40810924.5242829,BEAM0010,40810924.5242829,19640200100109883,BEAM0010
-43.8797402364315,-13.3943396346585,40810926.177194,BEAM0010,40810926.177194,19640200100110083,BEAM0010
-43.8159850221586,-13.3106915881239,40810927.8466055,BEAM0010,40810927.8466055,19640200100110283,BEAM0010
-43.7526484628962,-13.227387431572,40810929.5077526,BEAM0010,40810929.5077526,19640200100110483,BEAM0010
-43.6896883705449,-13.1445208554899,40810931.1606637,BEAM0010,40810931.1606637,19640200100110683,BEAM0010
-43.6264068618565,-13.061242759336,40810932.8218053,BEAM0010,40810932.8218053,19640200100110883,BEAM0010
-43.5634563796674,-12.9783489398265,40810934.4746944,BEAM0010,40810934.4746944,19640200100111083,BEAM0010
-43.5002617977264,-12.8950252931048,40810936.1358695,BEAM0010,40810936.1358695,19640200100111283,BEAM0010
-43.4367816091532,-12.8113002358724,40810937.805271,BEAM0010,40810937.805271,19640200100111483,BEAM0010
-43.3739952121543,-12.728360385186,40810939.4581641,BEAM0010,40810939.4581641,19640200100111683,BEAM0010
-43.3110191945589,-12.6449024505676,40810941.1193392,BEAM0010,40810941.1193392,19640200100111883,BEAM0010
-43.2479942839081,-12.5615086010681,40810942.7804708,BEAM0010,40810942.7804708,19640200100112083,BEAM0010
-43.1853556659449,-12.478471589679,40810944.4333698,BEAM0010,40810944.4333698,19640200100112283,BEAM0010
-43.1226534072816,-12.3955843187662,40810946.0862809,BEAM0010,40810946.0862809,19640200100112483,BEAM0010
-43.0598472099975,-12.3120665737635,40810947.7474045,BEAM0010,40810947.7474045,19640200100112683,BEAM0010
-42.9964392814044,-12.2277873038034,40810949.4251036,BEAM0010,40810949.4251036,19640200100112883,BEAM0010
-42.9336664812382,-12.144171655702,40810951.0862786,BEAM0010,40810951.0862786,19640200100113083,BEAM0010
-42.8709249342623,-12.0606014643239,40810952.7474021,BEAM0010,40810952.7474021,19640200100113283,BEAM0010
-42.8079089294961,-11.9767909225087,40810954.4168373,BEAM0010,40810954.4168373,19640200100113483,BEAM0010
-42.7449254349054,-11.8928395068571,40810956.0862764,BEAM0010,40810956.0862764,19640200100113683,BEAM0010
-42.6822780795661,-11.8092011999651,40810957.7473999,BEAM0010,40810957.7473999,19640200100113883,BEAM0010
-42.6200139656436,-11.7260777537571,40810959.400307,BEAM0010,40810959.400307,19640200100114083,BEAM0010
-42.5575083002157,-11.6424789245441,40810961.061482,BEAM0010,40810961.061482,19640200100114283,BEAM0010
-42.4953896513728,-11.5592867229516,40810962.7143376,BEAM0010,40810962.7143376,19640200100114483,BEAM0010
-42.4332454383286,-11.4760285414754,40810964.3672487,BEAM0010,40810964.3672487,19640200100114683,BEAM0010
-42.3710982906281,-11.3927274222478,40810966.0201598,BEAM0010,40810966.0201598,19640200100114883,BEAM0010
-42.3090071461199,-11.3094172910065,40810967.6730154,BEAM0010,40810967.6730154,19640200100115083,BEAM0010
-42.2470203053052,-11.2262152329209,40810969.3259265,BEAM0010,40810969.3259265,19640200100115283,BEAM0010
-42.1850110526843,-11.1428868868242,40810970.9788376,BEAM0010,40810970.9788376,19640200100115483,BEAM0010
-42.12283161134,-11.0591822250014,40810972.6399571,BEAM0010,40810972.6399571,19640200100115683,BEAM0010
-42.0606343890893,-10.9754192799967,40810974.3011322,BEAM0010,40810974.3011322,19640200100115883,BEAM0010
-41.9987871154786,-10.892115907829,40810975.9540417,BEAM0010,40810975.9540417,19640200100116083,BEAM0010
-41.9364074200236,-10.8079025563459,40810977.6234268,BEAM0010,40810977.6234268,19640200100116283,BEAM0010
-41.8746536298444,-10.7245237281848,40810979.276338,BEAM0010,40810979.276338,19640200100116483,BEAM0010
-41.811642954907,-10.6394979813674,40810980.962305,BEAM0010,40810980.962305,19640200100116683,BEAM0010
-41.7493226172962,-10.5552988724417,40810982.6316885,BEAM0010,40810982.6316885,19640200100116883,BEAM0010
-41.687096983673,-10.4710623795828,40810984.3011276,BEAM0010,40810984.3011276,19640200100117083,BEAM0010
-41.6255121785013,-10.3876531641091,40810985.9540371,BEAM0010,40810985.9540371,19640200100117283,BEAM0010
-41.5639601106107,-10.3041958723838,40810987.6068942,BEAM0010,40810987.6068942,19640200100117483,BEAM0010
-41.502130251468,-10.2203144903729,40810989.2680694,BEAM0010,40810989.2680694,19640200100117683,BEAM0010
-41.4402131379859,-10.1363196217374,40810990.9292369,BEAM0010,40810990.9292369,19640200100117883,BEAM0010
-41.3786824358317,-10.0528655666387,40810992.5821,BEAM0010,40810992.5821,19640200100118083,BEAM0010
-41.3166206964755,-9.96858323629922,40810994.2515391,BEAM0010,40810994.2515391,19640200100118283,BEAM0010
-41.2548634328529,-9.88452403550101,40810995.9127026,BEAM0010,40810995.9127026,19640200100118483,BEAM0010
-41.1935192496155,-9.80096440908309,40810997.5655698,BEAM0010,40810997.5655698,19640200100118683,BEAM0010
-41.1319603492879,-9.7168752747586,40810999.2267448,BEAM0010,40810999.2267448,19640200100118883,BEAM0010
-41.0693909409576,-9.63166485806166,40811000.9127003,BEAM0010,40811000.9127003,19640200100119083,BEAM0010
-41.0077730218412,-9.54765060081742,40811002.5738314,BEAM0010,40811002.5738314,19640200100119283,BEAM0010
-40.9461856390495,-9.46362608701445,40811004.2350065,BEAM0010,40811004.2350065,19640200100119483,BEAM0010
-40.8846353621345,-9.37960512471443,40811005.896166,BEAM0010,40811005.896166,19640200100119683,BEAM0010
-40.8234735727601,-9.29595299161335,40811007.5490372,BEAM0010,40811007.5490372,19640200100119883,BEAM0010
-40.7617437449164,-9.21140958441236,40811009.2184763,BEAM0010,40811009.2184763,19640200100120083,BEAM0010
-40.7003511739759,-9.12730003405029,40811010.8796318,BEAM0010,40811010.8796318,19640200100120283,BEAM0010
-40.6386380939056,-9.04277999164375,40811012.5490349,BEAM0010,40811012.5490349,19640200100120483,BEAM0010
-40.5769158017917,-8.95825320091153,40811014.2184739,BEAM0010,40811014.2184739,19640200100120683,BEAM0010
-40.5153753660812,-8.8736903577595,40811015.8878955,BEAM0010,40811015.8878955,19640200100120883,BEAM0010
-40.4540672398895,-8.78954182221424,40811017.5490326,BEAM0010,40811017.5490326,19640200100121083,BEAM0010
-40.3931097796745,-8.70581231479094,40811019.2019437,BEAM0010,40811019.2019437,19640200100121283,BEAM0010
-40.3309421579352,-8.62037790371947,40811020.8878933,BEAM0010,40811020.8878933,19640200100121483,BEAM0010
-40.2696853596257,-8.5362701035712,40811022.5490303,BEAM0010,40811022.5490303,19640200100121683,BEAM0010
-40.2085177663483,-8.45206520686979,40811024.2102054,BEAM0010,40811024.2102054,19640200100121883,BEAM0010
-40.1469321899818,-8.3676177845725,40811025.887891,BEAM0010,40811025.887891,19640200100122083,BEAM0010
-40.0854036039144,-8.28234295226141,40811027.5572921,BEAM0010,40811027.5572921,19640200100122283,BEAM0010
-40.0243140192327,-8.19808663223561,40811029.2184672,BEAM0010,40811029.2184672,19640200100122483,BEAM0010
-39.9632250090028,-8.11387190455325,40811030.8796227,BEAM0010,40811030.8796227,19640200100122683,BEAM0010
-39.9025236649571,-8.02999462041812,40811032.5324978,BEAM0010,40811032.5324978,19640200100122883,BEAM0010
-39.8415558375015,-7.94620941319778,40811034.1936728,BEAM0010,40811034.1936728,19640200100123083,BEAM0010
-39.780510123977,-7.86147598752842,40811035.8548224,BEAM0010,40811035.8548224,19640200100123283,BEAM0010
-39.7199052516799,-7.77761363524263,40811037.5077036,BEAM0010,40811037.5077036,19640200100123483,BEAM0010
-39.6589369172103,-7.6933075092363,40811039.1688786,BEAM0010,40811039.1688786,19640200100123683,BEAM0010
-39.5980811230699,-7.60902898969186,40811040.8300221,BEAM0010,40811040.8300221,19640200100123883,BEAM0010
-39.5374674081596,-7.52518318203197,40811042.4829092,BEAM0010,40811042.4829092,19640200100124083,BEAM0010
-39.4769250721272,-7.44142289081715,40811044.1358203,BEAM0010,40811044.1358203,19640200100124283,BEAM0010
-39.4162194759893,-7.35735421705251,40811045.7969559,BEAM0010,40811045.7969559,19640200100124483,BEAM0010
-39.3554315103596,-7.27271043895207,40811047.458115,BEAM0010,40811047.458115,19640200100124683,BEAM0010
-39.2945196103511,-7.18807016081172,40811049.11929,BEAM0010,40811049.11929,19640200100124883,BEAM0010
-39.2337877972969,-7.10405554612505,40811050.7804216,BEAM0010,40811050.7804216,19640200100125083,BEAM0010
-39.1727083007835,-7.01897029123574,40811052.4498487,BEAM0010,40811052.4498487,19640200100125283,BEAM0010
-39.1122751244267,-6.93494317228141,40811054.1027598,BEAM0010,40811054.1027598,19640200100125483,BEAM0010
-39.0513161839698,-6.85007996682625,40811055.7721533,BEAM0010,40811055.7721533,19640200100125683,BEAM0010
-38.9909874941226,-6.76602452935844,40811057.4250545,BEAM0010,40811057.4250545,19640200100125883,BEAM0010
-38.9300594495637,-6.68120203410993,40811059.0944935,BEAM0010,40811059.0944935,19640200100126083,BEAM0010
-38.8697048062636,-6.59717929741644,40811060.747353,BEAM0010,40811060.747353,19640200100126283,BEAM0010
-38.8094473763431,-6.51321083801876,40811062.4002602,BEAM0010,40811062.4002602,19640200100126483,BEAM0010
-38.7491392332415,-6.42914138071458,40811064.0531712,BEAM0010,40811064.0531712,19640200100126683,BEAM0010
-38.6886138065704,-6.34466460094337,40811065.7142908,BEAM0010,40811065.7142908,19640200100126883,BEAM0010
-38.6283827374809,-6.26067629466516,40811067.3672018,BEAM0010,40811067.3672018,19640200100127083,BEAM0010
-38.5678738179901,-6.17618366347033,40811069.028377,BEAM0010,40811069.028377,19640200100127283,BEAM0010
-38.507777166492,-6.09207034842531,40811070.6812325,BEAM0010,40811070.6812325,19640200100127483,BEAM0010
-38.447291049924,-6.00757856858975,40811072.3424076,BEAM0010,40811072.3424076,19640200100127683,BEAM0010
-38.38686919513,-5.92297170237569,40811074.0035827,BEAM0010,40811074.0035827,19640200100127883,BEAM0010
-38.3263481744006,-5.83852804542513,40811075.6647022,BEAM0010,40811075.6647022,19640200100128083,BEAM0010
-38.2659731842665,-5.75398633251423,40811077.3258773,BEAM0010,40811077.3258773,19640200100128283,BEAM0010
-38.2056113070439,-5.66943462153191,40811078.9870524,BEAM0010,40811078.9870524,19640200100128483,BEAM0010
-38.1449579029669,-5.58442434633555,40811080.656436,BEAM0010,40811080.656436,19640200100128683,BEAM0010
-38.0849182824127,-5.50033986723681,40811082.309347,BEAM0010,40811082.309347,19640200100128883,BEAM0010
-38.0248742654813,-5.41614484015992,40811083.9622582,BEAM0010,40811083.9622582,19640200100129083,BEAM0010
-37.9640388400904,-5.33075131001375,40811085.6399057,BEAM0010,40811085.6399057,19640200100129283,BEAM0010
-37.903655705496,-5.24618884978852,40811087.3010808,BEAM0010,40811087.3010808,19640200100129483,BEAM0010
-37.8425595520887,-5.16032623300014,40811088.9870479,BEAM0010,40811088.9870479,19640200100129683,BEAM0010
-37.7822590525532,-5.0757390727799,40811090.6481674,BEAM0010,40811090.6481674,19640200100129883,BEAM0010
-37.7220334231843,-4.99114730099509,40811092.3093425,BEAM0010,40811092.3093425,19640200100130083,BEAM0010
-37.6615128326521,-4.90612174869603,40811093.9787816,BEAM0010,40811093.9787816,19640200100130283,BEAM0010
-37.6016002932783,-4.82188573535729,40811095.6316371,BEAM0010,40811095.6316371,19640200100130483,BEAM0010
-37.5417649467172,-4.73771129020994,40811097.2845482,BEAM0010,40811097.2845482,19640200100130683,BEAM0010
-37.4819110996568,-4.65346335772228,40811098.9374537,BEAM0010,40811098.9374537,19640200100130883,BEAM0010
-37.422082530526,-4.56926051354063,40811100.5903149,BEAM0010,40811100.5903149,19640200100131083,BEAM0010
-37.3626442072394,-4.48690980885562,40811102.2432259,BEAM0010,40811102.2432259,19640200100131283,BEAM0010
-37.3020535916635,-4.4004294515376,40811103.9043875,BEAM0010,40811103.9043875,19640200100131483,BEAM0010
-37.2413156219553,-4.31492313311931,40811105.5820486,BEAM0010,40811105.5820486,19640200100131683,BEAM0010
-37.1812336422809,-4.23025649242653,40811107.2432237,BEAM0010,40811107.2432237,19640200100131883,BEAM0010
-37.1214259013294,-4.14601531452953,40811108.8961192,BEAM0010,40811108.8961192,19640200100132083,BEAM0010
-37.061155175505,-4.0608810558945,40811110.5655183,BEAM0010,40811110.5655183,19640200100132283,BEAM0010
-37.0013745043661,-3.97663294241715,40811112.2184294,BEAM0010,40811112.2184294,19640200100132483,BEAM0010
-36.9410583330981,-3.89153522716519,40811113.8878509,BEAM0010,40811113.8878509,19640200100132683,BEAM0010
-36.8814116044435,-3.80716379597681,40811115.540724,BEAM0010,40811115.540724,19640200100132883,BEAM0010
-36.8216938591582,-3.72295257107917,40811117.1936351,BEAM0010,40811117.1936351,19640200100133083,BEAM0010
-36.7616268128581,-3.63826294750883,40811118.8547846,BEAM0010,40811118.8547846,19640200100133283,BEAM0010
-36.7016781544215,-3.5535783369448,40811120.5159298,BEAM0010,40811120.5159298,19640200100133483,BEAM0010
-36.6420168414065,-3.46927631378701,40811122.1688409,BEAM0010,40811122.1688409,19640200100133683,BEAM0010
-36.5819481193627,-3.38461444777451,40811123.8299844,BEAM0010,40811123.8299844,19640200100133883,BEAM0010
-36.521626331465,-3.29956179274938,40811125.5076634,BEAM0010,40811125.5076634,19640200100134083,BEAM0010
-36.4615703005333,-3.21422744208654,40811127.1688386,BEAM0010,40811127.1688386,19640200100134283,BEAM0010
-36.4013326125354,-3.12916302448374,40811128.8382481,BEAM0010,40811128.8382481,19640200100134483,BEAM0010
-36.3413903515487,-3.04440381639839,40811130.4993972,BEAM0010,40811130.4993972,19640200100134683,BEAM0010
-36.2815104768922,-2.95961693513878,40811132.1605723,BEAM0010,40811132.1605723,19640200100134883,BEAM0010
-36.2215903929513,-2.87490396308434,40811133.8217138,BEAM0010,40811133.8217138,19640200100135083,BEAM0010
-36.161999105883,-2.7905783804625,40811135.4746029,BEAM0010,40811135.4746029,19640200100135283,BEAM0010
-36.1024516395832,-2.70627719821259,40811137.127514,BEAM0010,40811137.127514,19640200100135483,BEAM0010
-36.0428372925401,-2.62196106180558,40811138.7803816,BEAM0010,40811138.7803816,19640200100135683,BEAM0010
-35.9830906722376,-2.53711871053679,40811140.4415446,BEAM0010,40811140.4415446,19640200100135883,BEAM0010
-35.9232167689539,-2.45233545935873,40811142.1027197,BEAM0010,40811142.1027197,19640200100136083,BEAM0010
-35.8636145939809,-2.36803405826118,40811143.7555813,BEAM0010,40811143.7555813,19640200100136283,BEAM0010
-35.8034871011111,-2.28280416916404,40811145.4250143,BEAM0010,40811145.4250143,19640200100136483,BEAM0010
-35.7438709880924,-2.19852819908652,40811147.0779255,BEAM0010,40811147.0779255,19640200100136683,BEAM0010
-35.6835018743,-2.11289314728101,40811148.755579,BEAM0010,40811148.755579,19640200100136883,BEAM0010
-35.6240000703935,-2.02850649584512,40811150.4084841,BEAM0010,40811150.4084841,19640200100137083,BEAM0010
-35.5650090923287,-1.94614760430102,40811152.0613952,BEAM0010,40811152.0613952,19640200100137283,BEAM0010
-35.5049454613988,-1.85977027695765,40811153.7142507,BEAM0010,40811153.7142507,19640200100137483,BEAM0010
-35.4460364009526,-1.77746674713063,40811155.3671618,BEAM0010,40811155.3671618,19640200100137683,BEAM0010
-35.3859604078314,-1.69159637053191,40811157.0283369,BEAM0010,40811157.0283369,19640200100137883,BEAM0010
-35.3255728449693,-1.60529835147111,40811158.6977204,BEAM0010,40811158.6977204,19640200100138083,BEAM0010
-35.2660524715864,-1.52085709929733,40811160.3506315,BEAM0010,40811160.3506315,19640200100138283,BEAM0010
-35.2062447984393,-1.43604490953782,40811162.0118067,BEAM0010,40811162.0118067,19640200100138483,BEAM0010
-35.1467556825414,-1.35165965673649,40811163.6646622,BEAM0010,40811163.6646622,19640200100138683,BEAM0010
-35.0861559679726,-1.26554567551652,40811165.3506292,BEAM0010,40811165.3506292,19640200100138883,BEAM0010
-35.0263872424271,-1.18072245289932,40811167.0118043,BEAM0010,40811167.0118043,19640200100139083,BEAM0010
-34.9666295087326,-1.09596402280163,40811168.6729239,BEAM0010,40811168.6729239,19640200100139283,BEAM0010
-34.9061996310197,-1.01028179416848,40811170.350627,BEAM0010,40811170.350627,19640200100139483,BEAM0010
-34.8467112057946,-0.925926928081008,40811172.003538,BEAM0010,40811172.003538,19640200100139683,BEAM0010
-34.7867245973732,-0.840652937411132,40811173.6729216,BEAM0010,40811173.6729216,19640200100139883,BEAM0010
-34.7273455229192,-0.75620540385698,40811175.3258326,BEAM0010,40811175.3258326,19640200100140083,BEAM0010
-34.6675826482144,-0.671405276344824,40811176.9870078,BEAM0010,40811176.9870078,19640200100140283,BEAM0010
-34.607852829636,-0.586615888987917,40811178.6481273,BEAM0010,40811178.6481273,19640200100140483,BEAM0010
-34.5484255168417,-0.502179585806872,40811180.3010385,BEAM0010,40811180.3010385,19640200100140683,BEAM0010
-34.4891131301206,-0.418210251867579,40811181.953948,BEAM0010,40811181.953948,19640200100140883,BEAM0010
-34.4289346851581,-0.332559081931403,40811183.623333,BEAM0010,40811183.623333,19640200100141083,BEAM0010
-34.3691403440331,-0.247698447649507,40811185.2845081,BEAM0010,40811185.2845081,19640200100141283,BEAM0010
-34.3095953111214,-0.163338587339445,40811186.9456797,BEAM0010,40811186.9456797,19640200100141483,BEAM0010
-34.2496290940419,-0.079136760511062,40811188.6233308,BEAM0010,40811188.6233308,19640200100141683,BEAM0010
-34.1898309283112,0.00565578546400383,40811190.2845059,BEAM0010,40811190.2845059,19640200100141883,BEAM0010
-34.129625363708,0.092472530404639,40811191.9456774,BEAM0010,40811191.9456774,19640200100142083,BEAM0010
-96.9910720188844,-49.6213392681879,40810018.6114689,BEAM0011,40810018.6114689,19640300100000078,BEAM0011
-96.8412034607093,-49.5896698235627,40810020.2643799,BEAM0011,40810020.2643799,19640300100000278,BEAM0011
-96.6902192943997,-49.5572742788458,40810021.9338124,BEAM0011,40810021.9338124,19640300100000478,BEAM0011
-96.5406979940089,-49.5249793900268,40810023.5866745,BEAM0011,40810023.5866745,19640300100000678,BEAM0011
-96.3908312108133,-49.4924199525693,40810025.2478496,BEAM0011,40810025.2478496,19640300100000878,BEAM0011
-96.2403939252457,-49.4594544587695,40810026.9172781,BEAM0011,40810026.9172781,19640300100001078,BEAM0011
-96.0910987108831,-49.4266615189929,40810028.5784083,BEAM0011,40810028.5784083,19640300100001278,BEAM0011
-95.9425679060837,-49.3936226548922,40810030.2313193,BEAM0011,40810030.2313193,19640300100001478,BEAM0011
-95.7934512276672,-49.3601744492926,40810031.8924778,BEAM0011,40810031.8924778,19640300100001678,BEAM0011
-95.644659597201,-49.3265416993788,40810033.5536139,BEAM0011,40810033.5536139,19640300100001878,BEAM0011
-95.4960034930663,-49.2927688629832,40810035.214789,BEAM0011,40810035.214789,19640300100002078,BEAM0011
-95.3483458517925,-49.2589277550923,40810036.8676775,BEAM0011,40810036.8676775,19640300100002278,BEAM0011
-95.2008888303473,-49.2248222326691,40810038.5205556,BEAM0011,40810038.5205556,19640300100002478,BEAM0011
-95.0529371203844,-49.1904531652479,40810040.1817307,BEAM0011,40810040.1817307,19640300100002678,BEAM0011
-94.905113335308,-49.1557339084515,40810041.8428772,BEAM0011,40810041.8428772,19640300100002878,BEAM0011
-94.7577087292131,-49.1209246471715,40810043.5040253,BEAM0011,40810043.5040253,19640300100003078,BEAM0011
-94.6102415146411,-49.0858927532285,40810045.1652004,BEAM0011,40810045.1652004,19640300100003278,BEAM0011
-94.463365783839,-49.0507159567034,40810046.8263429,BEAM0011,40810046.8263429,19640300100003478,BEAM0011
-94.3170140334372,-49.0153753650672,40810048.4792309,BEAM0011,40810048.4792309,19640300100003678,BEAM0011
-94.1696442392912,-48.9794890198444,40810050.14867,BEAM0011,40810050.14867,19640300100003878,BEAM0011
-94.0231974625267,-48.9436708989531,40810051.8098085,BEAM0011,40810051.8098085,19640300100004078,BEAM0011
-93.8755004315291,-48.9071777430494,40810053.4874927,BEAM0011,40810053.4874927,19640300100004278,BEAM0011
-93.730428804374,-48.8710939601246,40810055.1404037,BEAM0011,40810055.1404037,19640300100004478,BEAM0011
-93.5846254688494,-48.8345877418861,40810056.8015402,BEAM0011,40810056.8015402,19640300100004678,BEAM0011
-93.4397760385039,-48.7982035561984,40810058.4544343,BEAM0011,40810058.4544343,19640300100004878,BEAM0011
-93.2929925003033,-48.7608452579431,40810060.1321373,BEAM0011,40810060.1321373,19640300100005078,BEAM0011
-93.1477411516444,-48.7237475868388,40810061.7932718,BEAM0011,40810061.7932718,19640300100005278,BEAM0011
-93.0035616851304,-48.6866029475492,40810063.446168,BEAM0011,40810063.446168,19640300100005478,BEAM0011
-92.8581797729722,-48.6489001584732,40810065.1156071,BEAM0011,40810065.1156071,19640300100005678,BEAM0011
-92.7138557401414,-48.611278228605,40810066.7767376,BEAM0011,40810066.7767376,19640300100005878,BEAM0011
-92.5694604559162,-48.5733753015155,40810068.4379016,BEAM0011,40810068.4379016,19640300100006078,BEAM0011
-92.4246914649493,-48.5351583659025,40810070.1073407,BEAM0011,40810070.1073407,19640300100006278,BEAM0011
-92.2810854005904,-48.4968520708614,40810071.7684693,BEAM0011,40810071.7684693,19640300100006478,BEAM0011
-92.1381387073475,-48.4584704233316,40810073.4213713,BEAM0011,40810073.4213713,19640300100006678,BEAM0011
-91.9926926781551,-48.4192801558114,40810075.1073384,BEAM0011,40810075.1073384,19640300100006878,BEAM0011
-91.8498014021553,-48.3803985730943,40810076.7684669,BEAM0011,40810076.7684669,19640300100007078,BEAM0011
-91.7069851861561,-48.3412039906738,40810078.4296329,BEAM0011,40810078.4296329,19640300100007278,BEAM0011
-91.5643771598883,-48.3019404749398,40810080.0908081,BEAM0011,40810080.0908081,19640300100007478,BEAM0011
-91.4226291765637,-48.2627541381647,40810081.7436666,BEAM0011,40810081.7436666,19640300100007678,BEAM0011
-91.2797431063049,-48.222793075021,40810083.4131027,BEAM0011,40810083.4131027,19640300100007878,BEAM0011
-91.1378300081219,-48.1830046130729,40810085.0742777,BEAM0011,40810085.0742777,19640300100008078,BEAM0011
-90.9955284415168,-48.1427834645192,40810086.7436642,BEAM0011,40810086.7436642,19640300100008278,BEAM0011
-90.8540051590934,-48.1024057749904,40810088.4048363,BEAM0011,40810088.4048363,19640300100008478,BEAM0011
-90.712867016992,-48.0620800906736,40810090.0660114,BEAM0011,40810090.0660114,19640300100008678,BEAM0011
-90.572354561649,-48.0215774038035,40810091.718867,BEAM0011,40810091.718867,19640300100008878,BEAM0011
-90.4324213330805,-47.9810751114302,40810093.371778,BEAM0011,40810093.371778,19640300100009078,BEAM0011
-90.2924806286374,-47.9400812157129,40810095.024689,BEAM0011,40810095.024689,19640300100009278,BEAM0011
-90.1516083885321,-47.8988813337647,40810096.6940726,BEAM0011,40810096.6940726,19640300100009478,BEAM0011
-90.0101082043916,-47.8568356360446,40810098.3717757,BEAM0011,40810098.3717757,19640300100009678,BEAM0011
-89.8688292600532,-47.8148921028239,40810100.0494787,BEAM0011,40810100.0494787,19640300100009878,BEAM0011
-89.7297730153779,-47.7733492297256,40810101.7023343,BEAM0011,40810101.7023343,19640300100010078,BEAM0011
-89.5928985936324,-47.7325958805583,40810103.3635093,BEAM0011,40810103.3635093,19640300100010278,BEAM0011
-89.4521214352323,-47.6894949714695,40810105.0164204,BEAM0011,40810105.0164204,19640300100010478,BEAM0011
-89.3124926673785,-47.6470323356582,40810106.685804,BEAM0011,40810106.685804,19640300100010678,BEAM0011
-89.1729560591972,-47.6043603348474,40810108.3552431,BEAM0011,40810108.3552431,19640300100010878,BEAM0011
-89.0345374264102,-47.5617938005428,40810110.0164181,BEAM0011,40810110.0164181,19640300100011078,BEAM0011
-88.8970068522351,-47.5189977664401,40810111.6692737,BEAM0011,40810111.6692737,19640300100011278,BEAM0011
-88.7583585714621,-47.4756675741002,40810113.3387128,BEAM0011,40810113.3387128,19640300100011478,BEAM0011
-88.6200596440957,-47.4323155573529,40810115.0081518,BEAM0011,40810115.0081518,19640300100011678,BEAM0011
-88.4831247562444,-47.3891784333947,40810116.6610073,BEAM0011,40810116.6610073,19640300100011878,BEAM0011
-88.3450866461032,-47.3455289259234,40810118.3304466,BEAM0011,40810118.3304466,19640300100012078,BEAM0011
-88.208039814946,-47.3016926023964,40810119.9916217,BEAM0011,40810119.9916217,19640300100012278,BEAM0011
-88.0720754044404,-47.2578332842039,40810121.644477,BEAM0011,40810121.644477,19640300100012478,BEAM0011
-87.9360455305046,-47.2139803099437,40810123.2973883,BEAM0011,40810123.2973883,19640300100012678,BEAM0011
-87.8005159496423,-47.1699120601575,40810124.9502968,BEAM0011,40810124.9502968,19640300100012878,BEAM0011
-87.6643926114962,-47.1253362551424,40810126.6114189,BEAM0011,40810126.6114189,19640300100013078,BEAM0011
-87.5271291681909,-47.0802566255922,40810128.289122,BEAM0011,40810128.289122,19640300100013278,BEAM0011
-87.3908818696212,-47.0350082628629,40810129.9585605,BEAM0011,40810129.9585605,19640300100013478,BEAM0011
-87.254788661561,-46.9900687407528,40810131.6279446,BEAM0011,40810131.6279446,19640300100013678,BEAM0011
-87.1190019852511,-46.9445849883929,40810133.2973836,BEAM0011,40810133.2973836,19640300100013878,BEAM0011
-86.9847924168031,-46.8994148315238,40810134.9502922,BEAM0011,40810134.9502922,19640300100014078,BEAM0011
-86.848814456864,-46.8533420734287,40810136.6279423,BEAM0011,40810136.6279423,19640300100014278,BEAM0011
-86.7144137641227,-46.8075866371017,40810138.2891173,BEAM0011,40810138.2891173,19640300100014478,BEAM0011
-86.5794220348929,-46.7615222709294,40810139.9585559,BEAM0011,40810139.9585559,19640300100014678,BEAM0011
-86.4461897274276,-46.7157263571942,40810141.611412,BEAM0011,40810141.611412,19640300100014878,BEAM0011
-86.3119195877704,-46.6689997412032,40810143.2808511,BEAM0011,40810143.2808511,19640300100015078,BEAM0011
-86.177721393642,-46.622530026606,40810144.9502876,BEAM0011,40810144.9502876,19640300100015278,BEAM0011
-86.043655406781,-46.5757604436861,40810146.6196737,BEAM0011,40810146.6196737,19640300100015478,BEAM0011
-85.9108368878273,-46.528956659698,40810148.2808488,BEAM0011,40810148.2808488,19640300100015678,BEAM0011
-85.7773834868403,-46.4817025891233,40810149.9502853,BEAM0011,40810149.9502853,19640300100015878,BEAM0011
-85.6455719104955,-46.4347598316199,40810151.6031433,BEAM0011,40810151.6031433,19640300100016078,BEAM0011
-85.5140604464981,-46.3876825858813,40810153.2560545,BEAM0011,40810153.2560545,19640300100016278,BEAM0011
-85.3813224376589,-46.3398903160469,40810154.925485,BEAM0011,40810154.925485,19640300100016478,BEAM0011
-85.2503084824115,-46.2925784027201,40810156.5783491,BEAM0011,40810156.5783491,19640300100016678,BEAM0011
-85.1186839442278,-46.2447272752285,40810158.2395241,BEAM0011,40810158.2395241,19640300100016878,BEAM0011
-84.9874114778492,-46.1968404762693,40810159.9006847,BEAM0011,40810159.9006847,19640300100017078,BEAM0011
-84.8570226920729,-46.1488227803898,40810161.5535548,BEAM0011,40810161.5535548,19640300100017278,BEAM0011
-84.7256188880036,-46.1002905609437,40810163.2229938,BEAM0011,40810163.2229938,19640300100017478,BEAM0011
-84.5942491688992,-46.051687611112,40810164.8924164,BEAM0011,40810164.8924164,19640300100017678,BEAM0011
-84.4645761709677,-46.0033898219646,40810166.5452884,BEAM0011,40810166.5452884,19640300100017878,BEAM0011
-84.3343858057859,-45.9547314695459,40810168.2064635,BEAM0011,40810168.2064635,19640300100018078,BEAM0011
-84.2024221987247,-45.9050905700064,40810169.8924141,BEAM0011,40810169.8924141,19640300100018278,BEAM0011
-84.0723396254913,-45.8556928707986,40810171.5618142,BEAM0011,40810171.5618142,19640300100018478,BEAM0011
-83.9432981586201,-45.8063891932155,40810173.2229892,BEAM0011,40810173.2229892,19640300100018678,BEAM0011
-83.8141622308987,-45.7569821889473,40810174.8841457,BEAM0011,40810174.8841457,19640300100018878,BEAM0011
-83.6860932572821,-45.7076842304827,40810176.5370199,BEAM0011,40810176.5370199,19640300100019078,BEAM0011
-83.5575090069617,-45.657903888979,40810178.198195,BEAM0011,40810178.198195,19640300100019278,BEAM0011
-83.4296944235369,-45.6082489425071,40810179.8510794,BEAM0011,40810179.8510794,19640300100019478,BEAM0011
-83.3016354167402,-45.5581994088518,40810181.5122255,BEAM0011,40810181.5122255,19640300100019678,BEAM0011
-83.1743739565672,-45.5081572522187,40810183.1651366,BEAM0011,40810183.1651366,19640300100019878,BEAM0011
-83.0467674085698,-45.4577561994737,40810184.8262792,BEAM0011,40810184.8262792,19640300100020078,BEAM0011
-82.9198124185738,-45.4075998505116,40810186.479167,BEAM0011,40810186.479167,19640300100020278,BEAM0011
-82.793178831745,-45.356906708324,40810188.1320781,BEAM0011,40810188.1320781,19640300100020478,BEAM0011
-82.667099906482,-45.3062561033791,40810189.7849468,BEAM0011,40810189.7849468,19640300100020678,BEAM0011
-82.5396801837837,-45.2551118874514,40810191.4543728,BEAM0011,40810191.4543728,19640300100020878,BEAM0011
-82.413113265096,-45.2039515639179,40810193.1155478,BEAM0011,40810193.1155478,19640300100021078,BEAM0011
-82.2875045469591,-45.1528930882653,40810194.7684124,BEAM0011,40810194.7684124,19640300100021278,BEAM0011
-82.1616100650001,-45.1011926961057,40810196.4295785,BEAM0011,40810196.4295785,19640300100021478,BEAM0011
-82.0345290650097,-45.0490338437472,40810198.1072816,BEAM0011,40810198.1072816,19640300100021678,BEAM0011
-81.9096738949297,-44.9975319709715,40810199.7601441,BEAM0011,40810199.7601441,19640300100021878,BEAM0011
-81.7843721172678,-44.9454522026197,40810201.4213122,BEAM0011,40810201.4213122,19640300100022078,BEAM0011
-81.6592469764363,-44.8934899361745,40810203.0824873,BEAM0011,40810203.0824873,19640300100022278,BEAM0011
-81.5341501104867,-44.841132577883,40810204.7436098,BEAM0011,40810204.7436098,19640300100022478,BEAM0011
-81.4098280321321,-44.7888932586465,40810206.4047819,BEAM0011,40810206.4047819,19640300100022678,BEAM0011
-81.2843191322964,-44.7356173847576,40810208.082485,BEAM0011,40810208.082485,19640300100022878,BEAM0011
-81.160278743762,-44.6828749252295,40810209.7436075,BEAM0011,40810209.7436075,19640300100023078,BEAM0011
-81.0356316887873,-44.6298577871538,40810211.4130436,BEAM0011,40810211.4130436,19640300100023278,BEAM0011
-80.9120182236472,-44.5768531540163,40810213.0742187,BEAM0011,40810213.0742187,19640300100023478,BEAM0011
-80.7885961563115,-44.5235860657775,40810214.7353392,BEAM0011,40810214.7353392,19640300100023678,BEAM0011
-80.6654076742068,-44.4703359053796,40810216.3965133,BEAM0011,40810216.3965133,19640300100023878,BEAM0011
-80.5411820522334,-44.4163831859678,40810218.0742164,BEAM0011,40810218.0742164,19640300100024078,BEAM0011
-80.4179157171103,-44.3623588380049,40810219.7436029,BEAM0011,40810219.7436029,19640300100024278,BEAM0011
-80.2948521479783,-44.3083781388548,40810221.413039,BEAM0011,40810221.413039,19640300100024478,BEAM0011
-80.1719422458535,-44.2541402208471,40810223.0824781,BEAM0011,40810223.0824781,19640300100024678,BEAM0011
-80.0500879705879,-44.2000818695387,40810224.7436006,BEAM0011,40810224.7436006,19640300100024878,BEAM0011
-79.9280062991889,-44.145646281618,40810226.4047727,BEAM0011,40810226.4047727,19640300100025078,BEAM0011
-79.8058732169833,-44.0912283445917,40810228.0742118,BEAM0011,40810228.0742118,19640300100025278,BEAM0011
-79.6850796111343,-44.0368774779813,40810229.7270673,BEAM0011,40810229.7270673,19640300100025478,BEAM0011
-79.5641505216673,-43.9822922068087,40810231.3882424,BEAM0011,40810231.3882424,19640300100025678,BEAM0011
-79.4438960906387,-43.9277224586902,40810233.0411535,BEAM0011,40810233.0411535,19640300100025878,BEAM0011
-79.3227930560655,-43.8724607251185,40810234.7105371,BEAM0011,40810234.7105371,19640300100026078,BEAM0011
-79.2026246488646,-43.8175969051523,40810236.3717121,BEAM0011,40810236.3717121,19640300100026278,BEAM0011
-79.0823753538961,-43.7624673218369,40810238.0328872,BEAM0011,40810238.0328872,19640300100026478,BEAM0011
-78.9613885716701,-43.7065225528612,40810239.7105348,BEAM0011,40810239.7105348,19640300100026678,BEAM0011
-78.8417145662518,-43.650918480135,40810241.3717099,BEAM0011,40810241.3717099,19640300100026878,BEAM0011
-78.7217440051224,-43.5950333120555,40810243.041149,BEAM0011,40810243.041149,19640300100027078,BEAM0011
-78.6016947301711,-43.5386384998724,40810244.7105324,BEAM0011,40810244.7105324,19640300100027278,BEAM0011
-78.4817387808687,-43.4824815067126,40810246.3882355,BEAM0011,40810246.3882355,19640300100027478,BEAM0011
-78.3627596583437,-43.4261591327706,40810248.0494106,BEAM0011,40810248.0494106,19640300100027678,BEAM0011
-78.2442165747077,-43.3699884190164,40810249.7105302,BEAM0011,40810249.7105302,19640300100027878,BEAM0011
-78.126428056073,-43.3138795839237,40810251.3634413,BEAM0011,40810251.3634413,19640300100028078,BEAM0011
-78.0083938053483,-43.2575070682959,40810253.0246164,BEAM0011,40810253.0246164,19640300100028278,BEAM0011
-77.8892113222238,-43.2001711001646,40810254.7022639,BEAM0011,40810254.7022639,19640300100028478,BEAM0011
-77.7724225202209,-43.1437766304858,40810256.355175,BEAM0011,40810256.355175,19640300100028678,BEAM0011
-77.6542143002386,-43.0865152871119,40810258.0246141,BEAM0011,40810258.0246141,19640300100028878,BEAM0011
-77.5373827306753,-43.0294869279442,40810259.6857336,BEAM0011,40810259.6857336,19640300100029078,BEAM0011
-77.4205379855327,-42.9724197753781,40810261.3469087,BEAM0011,40810261.3469087,19640300100029278,BEAM0011
-77.303031599463,-42.9146100589163,40810263.0163478,BEAM0011,40810263.0163478,19640300100029478,BEAM0011
-77.1869265346861,-42.8573725152475,40810264.6774673,BEAM0011,40810264.6774673,19640300100029678,BEAM0011
-77.0704218112937,-42.7995818098132,40810266.3386424,BEAM0011,40810266.3386424,19640300100029878,BEAM0011
-76.9535111837513,-42.7415178354764,40810268.0163455,BEAM0011,40810268.0163455,19640300100030078,BEAM0011
-76.8377643983104,-42.6835890083333,40810269.677465,BEAM0011,40810269.677465,19640300100030278,BEAM0011
-76.7222388578884,-42.6256214814788,40810271.3386401,BEAM0011,40810271.3386401,19640300100030478,BEAM0011
-76.6068668626146,-42.5675773398303,40810272.9998152,BEAM0011,40810272.9998152,19640300100030678,BEAM0011
-76.4925716826719,-42.5095223748349,40810274.6526707,BEAM0011,40810274.6526707,19640300100030878,BEAM0011
-76.3783127761113,-42.451406283454,40810276.3055818,BEAM0011,40810276.3055818,19640300100031078,BEAM0011
-76.2642999313006,-42.3933230816632,40810277.9584923,BEAM0011,40810277.9584923,19640300100031278,BEAM0011
-76.1503584585279,-42.335058575312,40810279.6113484,BEAM0011,40810279.6113484,19640300100031478,BEAM0011
-76.0361345553242,-42.2763754891986,40810281.2725236,BEAM0011,40810281.2725236,19640300100031678,BEAM0011
-75.92283994902,-42.217715531411,40810282.9254261,BEAM0011,40810282.9254261,19640300100031878,BEAM0011
-75.8074128535727,-42.1577980766965,40810284.6113462,BEAM0011,40810284.6113462,19640300100032078,BEAM0011
-75.6927785554862,-42.098107696865,40810286.2890492,BEAM0011,40810286.2890492,19640300100032278,BEAM0011
-75.5790523368289,-42.0384975914187,40810287.9584877,BEAM0011,40810287.9584877,19640300100032478,BEAM0011
-75.4660193383939,-41.9790884737806,40810289.6196078,BEAM0011,40810289.6196078,19640300100032678,BEAM0011
-75.3531141982668,-41.9195579327295,40810291.280783,BEAM0011,40810291.280783,19640300100032878,BEAM0011
-75.2411186463488,-41.8603555123264,40810292.9336875,BEAM0011,40810292.9336875,19640300100033078,BEAM0011
-75.1285478252866,-41.8003338976466,40810294.5948135,BEAM0011,40810294.5948135,19640300100033278,BEAM0011
-75.0171879591666,-41.7409400727452,40810296.2477247,BEAM0011,40810296.2477247,19640300100033478,BEAM0011
-74.9050116009531,-41.6808652114975,40810297.9088871,BEAM0011,40810297.9088871,19640300100033678,BEAM0011
-74.7934397961481,-41.6206709944254,40810299.5700193,BEAM0011,40810299.5700193,19640300100033878,BEAM0011
-74.6819514310006,-41.5603848303045,40810301.2311943,BEAM0011,40810301.2311943,19640300100034078,BEAM0011
-74.5702212700269,-41.4997303200117,40810302.9006189,BEAM0011,40810302.9006189,19640300100034278,BEAM0011
-74.4590526814999,-41.4392336533945,40810304.561753,BEAM0011,40810304.561753,19640300100034478,BEAM0011
-74.3484735547179,-41.3790693187107,40810306.2311921,BEAM0011,40810306.2311921,19640300100034678,BEAM0011
-74.2376431884322,-41.3179077662204,40810307.8840846,BEAM0011,40810307.8840846,19640300100034878,BEAM0011
-74.1267110031632,-41.2566764163057,40810309.5534867,BEAM0011,40810309.5534867,19640300100035078,BEAM0011
-74.0155249728419,-41.1950879260271,40810311.2311898,BEAM0011,40810311.2311898,19640300100035278,BEAM0011
-73.906025539978,-41.1343675478977,40810312.8840823,BEAM0011,40810312.8840823,19640300100035478,BEAM0011
-73.7964400703863,-41.0732900251567,40810314.5452204,BEAM0011,40810314.5452204,19640300100035678,BEAM0011
-73.6885192819377,-41.013153465192,40810316.1981315,BEAM0011,40810316.1981315,19640300100035878,BEAM0011
-73.57828203668,-40.9510590785634,40810317.875814,BEAM0011,40810317.875814,19640300100036078,BEAM0011
-73.4691731135042,-40.8894313938855,40810319.5369541,BEAM0011,40810319.5369541,19640300100036278,BEAM0011
-73.359074213138,-40.8268483554719,40810321.1981291,BEAM0011,40810321.1981291,19640300100036478,BEAM0011
-73.2520482316382,-40.7662862651205,40810322.8510138,BEAM0011,40810322.8510138,19640300100036678,BEAM0011
-73.1419404037011,-40.7030699017932,40810324.5204238,BEAM0011,40810324.5204238,19640300100036878,BEAM0011
-73.0343832731645,-40.6415469442415,40810326.1733349,BEAM0011,40810326.1733349,19640300100037078,BEAM0011
-72.9264283611732,-40.5793463971895,40810327.8344795,BEAM0011,40810327.8344795,19640300100037278,BEAM0011
-72.8181397970543,-40.5167325953495,40810329.5038935,BEAM0011,40810329.5038935,19640300100037478,BEAM0011
-72.7109872326218,-40.4547989831177,40810331.1568046,BEAM0011,40810331.1568046,19640300100037678,BEAM0011
-72.6035798570335,-40.3923181167109,40810332.8179452,BEAM0011,40810332.8179452,19640300100037878,BEAM0011
-72.4958735937952,-40.3294069334185,40810334.4873633,BEAM0011,40810334.4873633,19640300100038078,BEAM0011
-72.3883957689155,-40.2663803877344,40810336.1568023,BEAM0011,40810336.1568023,19640300100038278,BEAM0011
-72.2821422426447,-40.2037431690469,40810337.8096769,BEAM0011,40810337.8096769,19640300100038478,BEAM0011
-72.1734105513125,-40.1395461878727,40810339.5038889,BEAM0011,40810339.5038889,19640300100038678,BEAM0011
-72.0672457780098,-40.0764818229189,40810341.165064,BEAM0011,40810341.165064,19640300100038878,BEAM0011
-71.961526563019,-40.0135533275465,40810342.8179406,BEAM0011,40810342.8179406,19640300100039078,BEAM0011
-71.8555573492757,-39.9503128366952,40810344.4790947,BEAM0011,40810344.4790947,19640300100039278,BEAM0011
-71.7499932862157,-39.8869757250172,40810346.1402698,BEAM0011,40810346.1402698,19640300100039478,BEAM0011
-71.6443368990175,-39.8234970954641,40810347.8014063,BEAM0011,40810347.8014063,19640300100039678,BEAM0011
-71.5393196148934,-39.7599112409174,40810349.4625644,BEAM0011,40810349.4625644,19640300100039878,BEAM0011
-71.4347680284409,-39.6965716516528,40810351.1154755,BEAM0011,40810351.1154755,19640300100040078,BEAM0011
-71.3297163291607,-39.6325695527666,40810352.776606,BEAM0011,40810352.776606,19640300100040278,BEAM0011
-71.2241127434948,-39.5681915760784,40810354.4542981,BEAM0011,40810354.4542981,19640300100040478,BEAM0011
-71.1185370726602,-39.5034635801679,40810356.1320012,BEAM0011,40810356.1320012,19640300100040678,BEAM0011
-71.0143421839407,-39.4392886874948,40810357.7931357,BEAM0011,40810357.7931357,19640300100040878,BEAM0011
-70.9076215571794,-39.373319071867,40810359.4956158,BEAM0011,40810359.4956158,19640300100041078,BEAM0011
-70.8042774404975,-39.3095109842399,40810361.1485269,BEAM0011,40810361.1485269,19640300100041278,BEAM0011
-70.7011288118789,-39.2453840415094,40810362.8013994,BEAM0011,40810362.8013994,19640300100041478,BEAM0011
-70.5981724336607,-39.1810618422318,40810364.4542935,BEAM0011,40810364.4542935,19640300100041678,BEAM0011
-70.494456223057,-39.1160159265068,40810366.1237326,BEAM0011,40810366.1237326,19640300100041878,BEAM0011
-70.3917478101074,-39.0514971828197,40810367.7765991,BEAM0011,40810367.7765991,19640300100042078,BEAM0011
-70.2894971174576,-38.9869629912137,40810369.4294993,BEAM0011,40810369.4294993,19640300100042278,BEAM0011
-70.1872402184598,-38.9222313984716,40810371.0824103,BEAM0011,40810371.0824103,19640300100042478,BEAM0011
-70.0842202460095,-38.8568990252405,40810372.7517989,BEAM0011,40810372.7517989,19640300100042678,BEAM0011
-69.9824073427396,-38.7919819937065,40810374.404705,BEAM0011,40810374.404705,19640300100042878,BEAM0011
-69.88079055619,-38.7270741575129,40810376.057616,BEAM0011,40810376.057616,19640300100043078,BEAM0011
-69.7795130839459,-38.661930181448,40810377.7104715,BEAM0011,40810377.7104715,19640300100043278,BEAM0011
-69.6777622801299,-38.5963359995879,40810379.3716467,BEAM0011,40810379.3716467,19640300100043478,BEAM0011
-69.5767619928661,-38.5312549702791,40810381.0245577,BEAM0011,40810381.0245577,19640300100043678,BEAM0011
-69.4756222725303,-38.4653651625278,40810382.6856773,BEAM0011,40810382.6856773,19640300100043878,BEAM0011
-69.3745623885665,-38.3994892985452,40810384.3468524,BEAM0011,40810384.3468524,19640300100044078,BEAM0011
-69.2730318614663,-38.333346320279,40810386.0162914,BEAM0011,40810386.0162914,19640300100044278,BEAM0011
-69.172934595919,-38.26760204667,40810387.669147,BEAM0011,40810387.669147,19640300100044478,BEAM0011
-69.0724102914021,-38.201427633273,40810389.3303221,BEAM0011,40810389.3303221,19640300100044678,BEAM0011
-68.9735148568243,-38.1366201963958,40810390.9914972,BEAM0011,40810390.9914972,19640300100044878,BEAM0011
-68.8738392967766,-38.0706209599038,40810392.6443527,BEAM0011,40810392.6443527,19640300100045078,BEAM0011
-68.7716256463824,-38.0024278091164,40810394.3385838,BEAM0011,40810394.3385838,19640300100045278,BEAM0011
-68.672014846418,-37.9360313906482,40810395.9997589,BEAM0011,40810395.9997589,19640300100045478,BEAM0011
-68.5710060706934,-37.8679259450496,40810397.6691424,BEAM0011,40810397.6691424,19640300100045678,BEAM0011
-68.4706977933267,-37.8005352219027,40810399.3468455,BEAM0011,40810399.3468455,19640300100045878,BEAM0011
-68.3709535603316,-37.7334491251356,40810401.0162846,BEAM0011,40810401.0162846,19640300100046078,BEAM0011
-68.2720866378653,-37.6664771942772,40810402.6774041,BEAM0011,40810402.6774041,19640300100046278,BEAM0011
-68.1737893876554,-37.5998374956489,40810404.3303152,BEAM0011,40810404.3303152,19640300100046478,BEAM0011
-68.0726849891295,-37.5311358094609,40810406.0328103,BEAM0011,40810406.0328103,19640300100046678,BEAM0011
-67.9739097965751,-37.4636245340462,40810407.7021939,BEAM0011,40810407.7021939,19640300100046878,BEAM0011
-67.8756608613494,-37.396359523821,40810409.363369,BEAM0011,40810409.363369,19640300100047078,BEAM0011
-67.7781840312704,-37.3292972899244,40810411.01628,BEAM0011,40810411.01628,19640300100047278,BEAM0011
-67.6803710271026,-37.2617547525343,40810412.6773996,BEAM0011,40810412.6773996,19640300100047478,BEAM0011
-67.5831790545688,-37.1945807761774,40810414.3303107,BEAM0011,40810414.3303107,19640300100047678,BEAM0011
-67.4862418643307,-37.1272448857453,40810415.9832218,BEAM0011,40810415.9832218,19640300100047878,BEAM0011
-67.3885270294073,-37.0590929197757,40810417.6526053,BEAM0011,40810417.6526053,19640300100048078,BEAM0011
-67.2899056820143,-36.9902595934755,40810419.3385724,BEAM0011,40810419.3385724,19640300100048278,BEAM0011
-67.1924408376383,-36.9220247901756,40810421.0080115,BEAM0011,40810421.0080115,19640300100048478,BEAM0011
-67.0956710738424,-36.8540411756303,40810422.669131,BEAM0011,40810422.669131,19640300100048678,BEAM0011
-66.9996604693856,-36.7861697796004,40810424.3220421,BEAM0011,40810424.3220421,19640300100048878,BEAM0011
-66.9033307719544,-36.7180127215317,40810425.9832172,BEAM0011,40810425.9832172,19640300100049078,BEAM0011
-66.806152480472,-36.6490330835033,40810427.6608647,BEAM0011,40810427.6608647,19640300100049278,BEAM0011
-66.7102962987182,-36.5806233022634,40810429.3220398,BEAM0011,40810429.3220398,19640300100049478,BEAM0011
-66.6135541222065,-36.5113270651669,40810430.9997429,BEAM0011,40810430.9997429,19640300100049678,BEAM0011
-66.518330868248,-36.443182629658,40810432.6525984,BEAM0011,40810432.6525984,19640300100049878,BEAM0011
-66.4233000972531,-36.3748791201321,40810434.3055096,BEAM0011,40810434.3055096,19640300100050078,BEAM0011
-66.3275348619379,-36.3058755165311,40810435.9749487,BEAM0011,40810435.9749487,19640300100050278,BEAM0011
-66.2329192161956,-36.2373033964712,40810437.6278042,BEAM0011,40810437.6278042,19640300100050478,BEAM0011
-66.1380327433833,-36.1683281670842,40810439.2889793,BEAM0011,40810439.2889793,19640300100050678,BEAM0011
-66.0429037596327,-36.0989886324334,40810440.9584178,BEAM0011,40810440.9584178,19640300100050878,BEAM0011
-65.94734622268,-36.029207878125,40810442.6360659,BEAM0011,40810442.6360659,19640300100051078,BEAM0011
-65.8535047725682,-35.9603981756994,40810444.288977,BEAM0011,40810444.288977,19640300100051278,BEAM0011
-65.759251121972,-35.8911385106639,40810445.9501495,BEAM0011,40810445.9501495,19640300100051478,BEAM0011
-65.6658182572257,-35.8221144196704,40810447.6030076,BEAM0011,40810447.6030076,19640300100051678,BEAM0011
-65.5699627063198,-35.7512880171934,40810449.2972388,BEAM0011,40810449.2972388,19640300100051878,BEAM0011
-65.4763861743159,-35.6817086441588,40810450.9584132,BEAM0011,40810450.9584132,19640300100052078,BEAM0011
-65.3829335074255,-35.6120771340049,40810452.6195334,BEAM0011,40810452.6195334,19640300100052278,BEAM0011
-65.2900433024762,-35.5427550297731,40810454.2724444,BEAM0011,40810454.2724444,19640300100052478,BEAM0011
-65.1968733064437,-35.4729218872556,40810455.933613,BEAM0011,40810455.933613,19640300100052678,BEAM0011
-65.1029470442679,-35.4023808051781,40810457.6112671,BEAM0011,40810457.6112671,19640300100052878,BEAM0011
-65.0087533886553,-35.3313929770973,40810459.2972341,BEAM0011,40810459.2972341,19640300100053078,BEAM0011
-64.9161618309504,-35.2612676445064,40810460.9584087,BEAM0011,40810460.9584087,19640300100053278,BEAM0011
-64.8242210389774,-35.1914221015036,40810462.6112648,BEAM0011,40810462.6112648,19640300100053478,BEAM0011
-64.7312811020468,-35.1210029053816,40810464.2807039,BEAM0011,40810464.2807039,19640300100053678,BEAM0011
-64.6396347501332,-35.0511679698085,40810465.9336084,BEAM0011,40810465.9336084,19640300100053878,BEAM0011
-64.5477907866837,-34.9807578887627,40810467.5947345,BEAM0011,40810467.5947345,19640300100054078,BEAM0011
-64.4565899443509,-34.9106953547424,40810469.2476456,BEAM0011,40810469.2476456,19640300100054278,BEAM0011
-64.3645342251417,-34.839926776274,40810470.9170742,BEAM0011,40810470.9170742,19640300100054478,BEAM0011
-64.2733336621879,-34.76921858527,40810472.5782043,BEAM0011,40810472.5782043,19640300100054678,BEAM0011
-64.1815758000433,-34.6982112641078,40810474.2476433,BEAM0011,40810474.2476433,19640300100054878,BEAM0011
-64.090705916845,-34.6280032145383,40810475.9005399,BEAM0011,40810475.9005399,19640300100055078,BEAM0011
-63.9989041485426,-34.5564433693773,40810477.578202,BEAM0011,40810477.578202,19640300100055278,BEAM0011
-63.9086101982747,-34.4858416649183,40810479.231113,BEAM0011,40810479.231113,19640300100055478,BEAM0011
-63.818514244995,-34.4151850880033,40810480.8840056,BEAM0011,40810480.8840056,19640300100055678,BEAM0011
-63.7281133371805,-34.3440961697442,40810482.5451437,BEAM0011,40810482.5451437,19640300100055878,BEAM0011
-63.6377312130073,-34.2729864971452,40810484.2063188,BEAM0011,40810484.2063188,19640300100056078,BEAM0011
-63.54761784534,-34.2017072751276,40810485.8674713,BEAM0011,40810485.8674713,19640300100056278,BEAM0011
-63.4572656911843,-34.1299915069339,40810487.5368775,BEAM0011,40810487.5368775,19640300100056478,BEAM0011
-63.3665483688342,-34.0579130625348,40810489.2145805,BEAM0011,40810489.2145805,19640300100056678,BEAM0011
-63.2772768337504,-33.9868081920832,40810490.867469,BEAM0011,40810490.867469,19640300100056878,BEAM0011
-63.1878376003505,-33.9152346012368,40810492.5286112,BEAM0011,40810492.5286112,19640300100057078,BEAM0011
-63.0982711477527,-33.8436376744541,40810494.1980503,BEAM0011,40810494.1980503,19640300100057278,BEAM0011
-63.0083002704038,-33.7712502347708,40810495.8674667,BEAM0011,40810495.8674667,19640300100057478,BEAM0011
-62.919334403557,-33.699401876958,40810497.5286089,BEAM0011,40810497.5286089,19640300100057678,BEAM0011
-62.8306015646544,-33.6274412767868,40810499.189784,BEAM0011,40810499.189784,19640300100057878,BEAM0011
-62.7409117805199,-33.5548860868311,40810500.8674645,BEAM0011,40810500.8674645,19640300100058078,BEAM0011
-62.651891479663,-33.4825352482124,40810502.5368706,BEAM0011,40810502.5368706,19640300100058278,BEAM0011
-62.5634542017587,-33.4105050632478,40810504.1980457,BEAM0011,40810504.1980457,19640300100058478,BEAM0011
-62.4759276099906,-33.339135541827,40810505.8509302,BEAM0011,40810505.8509302,19640300100058678,BEAM0011
-62.3871429576097,-33.2661350846826,40810507.5203403,BEAM0011,40810507.5203403,19640300100058878,BEAM0011
-62.2996917523116,-33.1942295618722,40810509.1732514,BEAM0011,40810509.1732514,19640300100059078,BEAM0011
-62.2118794336856,-33.1218544118607,40810510.834396,BEAM0011,40810510.834396,19640300100059278,BEAM0011
-62.1238633443505,-33.0490095440504,40810512.50381,BEAM0011,40810512.50381,19640300100059478,BEAM0011
-62.0364291888381,-32.976477309878,40810514.1649852,BEAM0011,40810514.1649852,19640300100059678,BEAM0011
-61.9486490546677,-32.9035992516683,40810515.8343937,BEAM0011,40810515.8343937,19640300100059878,BEAM0011
-61.8618466059191,-32.8313203757221,40810517.4872798,BEAM0011,40810517.4872798,19640300100060078,BEAM0011
-61.7752734227333,-32.758892343976,40810519.1401909,BEAM0011,40810519.1401909,19640300100060278,BEAM0011
-61.6884138944495,-32.6861541823373,40810520.8013274,BEAM0011,40810520.8013274,19640300100060478,BEAM0011
-61.6018346726354,-32.6130964028854,40810522.4624855,BEAM0011,40810522.4624855,19640300100060678,BEAM0011
-61.515164839968,-32.5402536879714,40810524.1236606,BEAM0011,40810524.1236606,19640300100060878,BEAM0011
-61.4286747522381,-32.4672154376501,40810525.7847931,BEAM0011,40810525.7847931,19640300100061078,BEAM0011
-61.3429152317231,-32.3944715664151,40810527.4376912,BEAM0011,40810527.4376912,19640300100061278,BEAM0011
-61.2559121338396,-32.3205378605751,40810529.1153943,BEAM0011,40810529.1153943,19640300100061478,BEAM0011
-61.1699864661297,-32.2472370082588,40810530.7765249,BEAM0011,40810530.7765249,19640300100061678,BEAM0011
-61.084239684263,-32.1738627485315,40810532.4376889,BEAM0011,40810532.4376889,19640300100061878,BEAM0011
-60.9980874598674,-32.1001249068814,40810534.107128,BEAM0011,40810534.107128,19640300100062078,BEAM0011
-60.9121617276149,-32.0262916439477,40810535.7765226,BEAM0011,40810535.7765226,19640300100062278,BEAM0011
-60.8267773992179,-31.9527691474011,40810537.4376867,BEAM0011,40810537.4376867,19640300100062478,BEAM0011
-60.7410589440086,-31.87879165027,40810539.1071258,BEAM0011,40810539.1071258,19640300100062678,BEAM0011
-60.6551609312969,-31.8043592968168,40810540.7847863,BEAM0011,40810540.7847863,19640300100062878,BEAM0011
-60.5701776823453,-31.730650094988,40810542.4459484,BEAM0011,40810542.4459484,19640300100063078,BEAM0011
-60.4858803058736,-31.6571056335863,40810544.0988594,BEAM0011,40810544.0988594,19640300100063278,BEAM0011
-60.4016800043119,-31.5836653184942,40810545.7517201,BEAM0011,40810545.7517201,19640300100063478,BEAM0011
-60.3170959724069,-31.5097356904758,40810547.4128901,BEAM0011,40810547.4128901,19640300100063678,BEAM0011
-60.2331799847569,-31.4360329476176,40810549.0658012,BEAM0011,40810549.0658012,19640300100063878,BEAM0011
-60.1484990366859,-31.3615502018126,40810550.7351857,BEAM0011,40810550.7351857,19640300100064078,BEAM0011
-60.0648121336788,-31.2878164223537,40810552.3880958,BEAM0011,40810552.3880958,19640300100064278,BEAM0011
-59.9807348630252,-31.2136148320928,40810554.0492709,BEAM0011,40810554.0492709,19640300100064478,BEAM0011
-59.8971231133907,-31.1393152202909,40810555.7103905,BEAM0011,40810555.7103905,19640300100064678,BEAM0011
-59.8135499642875,-31.0649571785338,40810557.3715655,BEAM0011,40810557.3715655,19640300100064878,BEAM0011
-59.7300601520089,-30.9905903267048,40810559.0327407,BEAM0011,40810559.0327407,19640300100065078,BEAM0011
-59.6468340726038,-30.9161602221789,40810560.6938602,BEAM0011,40810560.6938602,19640300100065278,BEAM0011
-59.5631744851293,-30.8413259885458,40810562.3632993,BEAM0011,40810562.3632993,19640300100065478,BEAM0011
-59.4800966802406,-30.7667766966247,40810564.0244744,BEAM0011,40810564.0244744,19640300100065678,BEAM0011
-59.3974667443649,-30.6924759339862,40810565.67733,BEAM0011,40810565.67733,19640300100065878,BEAM0011
-59.3146237140905,-30.6177366165102,40810567.3385051,BEAM0011,40810567.3385051,19640300100066078,BEAM0011
-59.2324883434367,-30.5432689922708,40810568.9914161,BEAM0011,40810568.9914161,19640300100066278,BEAM0011
-59.1497030346433,-30.4680146374787,40810570.6607997,BEAM0011,40810570.6607997,19640300100066478,BEAM0011
-59.0673475787774,-30.3931114790489,40810572.3219748,BEAM0011,40810572.3219748,19640300100066678,BEAM0011
-58.9850342680077,-30.3182251535199,40810573.9831499,BEAM0011,40810573.9831499,19640300100066878,BEAM0011
-58.9027893384772,-30.2433008011102,40810575.6442694,BEAM0011,40810575.6442694,19640300100067078,BEAM0011
-58.8212348302982,-30.1685405785932,40810577.2971805,BEAM0011,40810577.2971805,19640300100067278,BEAM0011
-58.7397975217712,-30.0937983866614,40810578.950089,BEAM0011,40810578.950089,19640300100067478,BEAM0011
-58.6580750717134,-30.0186060877001,40810580.6112112,BEAM0011,40810580.6112112,19640300100067678,BEAM0011
-58.5765608968545,-29.9432756142938,40810582.2723863,BEAM0011,40810582.2723863,19640300100067878,BEAM0011
-58.4955066196667,-29.8683736592128,40810583.9252888,BEAM0011,40810583.9252888,19640300100068078,BEAM0011
-58.4145523149057,-29.7933805400212,40810585.5781529,BEAM0011,40810585.5781529,19640300100068278,BEAM0011
-58.3332999766659,-29.718029103504,40810587.239328,BEAM0011,40810587.239328,19640300100068478,BEAM0011
-58.2517667149302,-29.6421935374982,40810588.9087545,BEAM0011,40810588.9087545,19640300100068678,BEAM0011
-58.1706052665,-29.5660400267135,40810590.5781506,BEAM0011,40810590.5781506,19640300100068878,BEAM0011
-58.0903266433028,-29.4908147023783,40810592.2310617,BEAM0011,40810592.2310617,19640300100069078,BEAM0011
-58.0095712908925,-29.4152341778492,40810593.8922203,BEAM0011,40810593.8922203,19640300100069278,BEAM0011
-57.9285856180746,-29.3391569083416,40810595.5616203,BEAM0011,40810595.5616203,19640300100069478,BEAM0011
-57.8477188416882,-29.2630299205319,40810597.2310594,BEAM0011,40810597.2310594,19640300100069678,BEAM0011
-57.7665630231474,-29.1864808523401,40810598.90875,BEAM0011,40810598.90875,19640300100069878,BEAM0011
-57.6863997673574,-29.1105613782937,40810600.5698821,BEAM0011,40810600.5698821,19640300100070078,BEAM0011
-57.6064097127504,-29.0345900056699,40810602.2310571,BEAM0011,40810602.2310571,19640300100070278,BEAM0011
-57.5270712606685,-28.9588621618151,40810603.8839497,BEAM0011,40810603.8839497,19640300100070478,BEAM0011
-57.4468884622547,-28.8823525380369,40810605.5533518,BEAM0011,40810605.5533518,19640300100070678,BEAM0011
-57.3672301303511,-28.8062911499714,40810607.2145269,BEAM0011,40810607.2145269,19640300100070878,BEAM0011
-57.2875207271521,-28.7301699697601,40810608.8756814,BEAM0011,40810608.8756814,19640300100071078,BEAM0011
-57.2080333789446,-28.6539637479397,40810610.5368216,BEAM0011,40810610.5368216,19640300100071278,BEAM0011
-57.1284608409409,-28.577239952275,40810612.2062606,BEAM0011,40810612.2062606,19640300100071478,BEAM0011
-57.0494021005893,-28.5008198249635,40810613.8674131,BEAM0011,40810613.8674131,19640300100071678,BEAM0011
-56.9703816257926,-28.424461962685,40810615.5285553,BEAM0011,40810615.5285553,19640300100071878,BEAM0011
-56.8917691338682,-28.3484285672976,40810617.1814663,BEAM0011,40810617.1814663,19640300100072078,BEAM0011
-56.8129918072769,-28.2720150961966,40810618.8426129,BEAM0011,40810618.8426129,19640300100072278,BEAM0011
-56.734506827823,-28.1954739423607,40810620.5037609,BEAM0011,40810620.5037609,19640300100072478,BEAM0011
-56.6560063737591,-28.1190461346745,40810622.164936,BEAM0011,40810622.164936,19640300100072678,BEAM0011
-56.5779586536683,-28.0427290644789,40810623.8178126,BEAM0011,40810623.8178126,19640300100072878,BEAM0011
-56.5000786454762,-27.9664112563273,40810625.4707027,BEAM0011,40810625.4707027,19640300100073078,BEAM0011
-56.4214794848946,-27.8893229597411,40810627.1401417,BEAM0011,40810627.1401417,19640300100073278,BEAM0011
-56.3433702658203,-27.812474620418,40810628.8012784,BEAM0011,40810628.8012784,19640300100073478,BEAM0011
-56.2638243098819,-27.7341512355875,40810630.4954924,BEAM0011,40810630.4954924,19640300100073678,BEAM0011
-56.1860146010579,-27.6571751270211,40810632.1566676,BEAM0011,40810632.1566676,19640300100073878,BEAM0011
-56.1088160917111,-27.5804443384475,40810633.8095421,BEAM0011,40810633.8095421,19640300100074078,BEAM0011
-56.0308423425076,-27.5029946014477,40810635.4789622,BEAM0011,40810635.4789622,19640300100074278,BEAM0011
-55.9537387184986,-27.4262849772398,40810637.1318732,BEAM0011,40810637.1318732,19640300100074478,BEAM0011
-55.8764056785852,-27.3491022139382,40810638.7930078,BEAM0011,40810638.7930078,19640300100074678,BEAM0011
-55.7991801909955,-27.2718894746853,40810640.4541679,BEAM0011,40810640.4541679,19640300100074878,BEAM0011
-55.7219475593529,-27.1946836474231,40810642.115343,BEAM0011,40810642.115343,19640300100075078,BEAM0011
-55.6445472684347,-27.1169462898782,40810643.7847396,BEAM0011,40810643.7847396,19640300100075278,BEAM0011
-55.5678225504574,-27.0395013656436,40810645.4459016,BEAM0011,40810645.4459016,19640300100075478,BEAM0011
-55.4910689170723,-26.9619991991825,40810647.1070767,BEAM0011,40810647.1070767,19640300100075678,BEAM0011
-55.4144102076249,-26.8845238713553,40810648.7682052,BEAM0011,40810648.7682052,19640300100075878,BEAM0011
-55.3378542330887,-26.8070443603166,40810650.4293713,BEAM0011,40810650.4293713,19640300100076078,BEAM0011
-55.2609768792654,-26.7290721995289,40810652.0988104,BEAM0011,40810652.0988104,19640300100076278,BEAM0011
-55.1846423278033,-26.651446316043,40810653.7599369,BEAM0011,40810653.7599369,19640300100076478,BEAM0011
-55.1080821636452,-26.5733564621008,40810655.4293691,BEAM0011,40810655.4293691,19640300100076678,BEAM0011
-55.0320173503262,-26.4955925403725,40810657.0905442,BEAM0011,40810657.0905442,19640300100076878,BEAM0011
-54.9545444851121,-26.4162307128451,40810658.7847328,BEAM0011,40810658.7847328,19640300100077078,BEAM0011
-54.879149947712,-26.3387573953783,40810660.4376308,BEAM0011,40810660.4376308,19640300100077278,BEAM0011
-54.8036600394535,-26.2613153389855,40810662.0905419,BEAM0011,40810662.0905419,19640300100077478,BEAM0011
-54.7279091575155,-26.1834110006893,40810663.7516664,BEAM0011,40810663.7516664,19640300100077678,BEAM0011
-54.651857513151,-26.1050942797009,40810665.4211005,BEAM0011,40810665.4211005,19640300100077878,BEAM0011
-54.5764623017883,-26.0270747844788,40810667.0822757,BEAM0011,40810667.0822757,19640300100078078,BEAM0011
-54.5014984340454,-25.9493164357348,40810668.7351321,BEAM0011,40810668.7351321,19640300100078278,BEAM0011
-54.4262839866228,-25.8711765463096,40810670.3963063,BEAM0011,40810670.3963063,19640300100078478,BEAM0011
-54.3508503767671,-25.7926434517333,40810672.0657454,BEAM0011,40810672.0657454,19640300100078678,BEAM0011
-54.2761621116437,-25.7148028841235,40810673.7186009,BEAM0011,40810673.7186009,19640300100078878,BEAM0011
-54.2013259490526,-25.6364991829717,40810675.379776,BEAM0011,40810675.379776,19640300100079078,BEAM0011
-54.1257433546364,-25.5574892769472,40810677.0574791,BEAM0011,40810677.0574791,19640300100079278,BEAM0011
-54.0513047251213,-25.4795520395242,40810678.7103347,BEAM0011,40810678.7103347,19640300100079478,BEAM0011
-53.9766389968841,-25.4011819232963,40810680.3715097,BEAM0011,40810680.3715097,19640300100079678,BEAM0011
-53.9007386632898,-25.3211566172953,40810682.0657409,BEAM0011,40810682.0657409,19640300100079878,BEAM0011
-53.8260945147887,-25.242205623944,40810683.7351254,BEAM0011,40810683.7351254,19640300100080078,BEAM0011
-53.7513718029399,-25.1633270735528,40810685.4045635,BEAM0011,40810685.4045635,19640300100080278,BEAM0011
-53.6775371991396,-25.0851871370723,40810687.0574746,BEAM0011,40810687.0574746,19640300100080478,BEAM0011
-53.6030301643267,-25.0062238014393,40810688.7268581,BEAM0011,40810688.7268581,19640300100080678,BEAM0011
-53.5291136427381,-24.9274857918183,40810690.3880332,BEAM0011,40810690.3880332,19640300100080878,BEAM0011
-53.4553718895676,-24.8486823303093,40810692.0492083,BEAM0011,40810692.0492083,19640300100081078,BEAM0011
-53.3815914872525,-24.7698645769808,40810693.7103278,BEAM0011,40810693.7103278,19640300100081278,BEAM0011
-53.3078550421628,-24.6910563983746,40810695.3715029,BEAM0011,40810695.3715029,19640300100081478,BEAM0011
-53.2346185299555,-24.6125951281869,40810697.0244141,BEAM0011,40810697.0244141,19640300100081678,BEAM0011
-53.1615143204866,-24.5340441293599,40810698.6772696,BEAM0011,40810698.6772696,19640300100081878,BEAM0011
-53.0887003799254,-24.455387753015,40810700.3301807,BEAM0011,40810700.3301807,19640300100082078,BEAM0011
-53.0154988347354,-24.376287957054,40810701.9913557,BEAM0011,40810701.9913557,19640300100082278,BEAM0011
-52.9419661182972,-24.2968582278568,40810703.6607393,BEAM0011,40810703.6607393,19640300100082478,BEAM0011
-52.8684752926306,-24.2174226271649,40810705.3301783,BEAM0011,40810705.3301783,19640300100082678,BEAM0011
-52.795821126372,-24.1387063182792,40810706.9830895,BEAM0011,40810706.9830895,19640300100082878,BEAM0011
-52.7233670210659,-24.0599114528236,40810708.635945,BEAM0011,40810708.635945,19640300100083078,BEAM0011
-52.6507019801871,-23.9806726252946,40810710.2971201,BEAM0011,40810710.2971201,19640300100083278,BEAM0011
-52.5783914711228,-23.901837419329,40810711.9500287,BEAM0011,40810711.9500287,19640300100083478,BEAM0011
-52.5062130277221,-23.8228891664329,40810713.6028868,BEAM0011,40810713.6028868,19640300100083678,BEAM0011
-52.4337244642877,-23.743588678171,40810715.2640619,BEAM0011,40810715.2640619,19640300100083878,BEAM0011
-52.3615399959119,-23.6646111966072,40810716.9169624,BEAM0011,40810716.9169624,19640300100084078,BEAM0011
-52.2892245440154,-23.5852022993879,40810718.5780925,BEAM0011,40810718.5780925,19640300100084278,BEAM0011
-52.2166978003366,-23.5052911148023,40810720.2475316,BEAM0011,40810720.2475316,19640300100084478,BEAM0011
-52.1439328447398,-23.4250271070104,40810721.9252261,BEAM0011,40810721.9252261,19640300100084678,BEAM0011
-52.0719973938887,-23.3454850046348,40810723.5863542,BEAM0011,40810723.5863542,19640300100084878,BEAM0011
-52.0000942304678,-23.2658896164576,40810725.2475293,BEAM0011,40810725.2475293,19640300100085078,BEAM0011
-51.9283372049247,-23.1862329859458,40810726.9086919,BEAM0011,40810726.9086919,19640300100085278,BEAM0011
-51.8569300103741,-23.1070179859588,40810728.56156,BEAM0011,40810728.56156,19640300100085478,BEAM0011
-51.7852144586797,-23.0273014293692,40810730.2227351,BEAM0011,40810730.2227351,19640300100085678,BEAM0011
-51.7129757468053,-22.9468087011476,40810731.9004236,BEAM0011,40810731.9004236,19640300100085878,BEAM0011
-51.6416091614139,-22.8670008740114,40810733.5615577,BEAM0011,40810733.5615577,19640300100086078,BEAM0011
-51.5698953562072,-22.7866797290095,40810735.2309967,BEAM0011,40810735.2309967,19640300100086278,BEAM0011
-51.4982892466393,-22.7064740829016,40810736.9004213,BEAM0011,40810736.9004213,19640300100086478,BEAM0011
-51.4274519971665,-22.6270204061547,40810738.5532914,BEAM0011,40810738.5532914,19640300100086678,BEAM0011
-51.3556421668394,-22.5463026744051,40810740.2309945,BEAM0011,40810740.2309945,19640300100086878,BEAM0011
-51.2844064540313,-22.4658592209497,40810741.9004191,BEAM0011,40810741.9004191,19640300100087078,BEAM0011
-51.2135077642402,-22.3857968256759,40810743.5615532,BEAM0011,40810743.5615532,19640300100087278,BEAM0011
-51.1430896174024,-22.3061615433693,40810745.2144643,BEAM0011,40810745.2144643,19640300100087478,BEAM0011
-51.0720434471092,-22.2256420573166,40810746.8838848,BEAM0011,40810746.8838848,19640300100087678,BEAM0011
-51.0013708334241,-22.1455025608481,40810748.5450229,BEAM0011,40810748.5450229,19640300100087878,BEAM0011
-50.9304285479918,-22.0649603405501,40810750.214462,BEAM0011,40810750.214462,19640300100088078,BEAM0011
-50.859557445455,-21.9843650367895,40810751.8838825,BEAM0011,40810751.8838825,19640300100088278,BEAM0011
-50.7888315208644,-21.9037512219261,40810753.5532846,BEAM0011,40810753.5532846,19640300100088478,BEAM0011
-50.7190293742362,-21.823814777395,40810755.2061957,BEAM0011,40810755.2061957,19640300100088678,BEAM0011
-50.6491381707308,-21.7439232953817,40810756.8590822,BEAM0011,40810756.8590822,19640300100088878,BEAM0011
-50.5785745490918,-21.6632232806551,40810758.5284903,BEAM0011,40810758.5284903,19640300100089078,BEAM0011
-50.5088461324991,-21.5832799729444,40810760.1814015,BEAM0011,40810760.1814015,19640300100089278,BEAM0011
-50.4385851981352,-21.5025056579405,40810761.8508139,BEAM0011,40810761.8508139,19640300100089478,BEAM0011
-50.368095064824,-21.4211551906194,40810763.5284881,BEAM0011,40810763.5284881,19640300100089678,BEAM0011
-50.2983668703934,-21.3406226752019,40810765.1896631,BEAM0011,40810765.1896631,19640300100089878,BEAM0011
-50.2289890152223,-21.2605096496717,40810766.8425457,BEAM0011,40810766.8425457,19640300100090078,BEAM0011
-50.1597296809122,-21.1803782262953,40810768.4954298,BEAM0011,40810768.4954298,19640300100090278,BEAM0011
-50.0890242110829,-21.0987173324964,40810770.1813969,BEAM0011,40810770.1813969,19640300100090478,BEAM0011
-50.0189026624307,-21.017231515334,40810771.8590754,BEAM0011,40810771.8590754,19640300100090678,BEAM0011
-49.949299889618,-20.9361538318782,40810773.5284835,BEAM0011,40810773.5284835,19640300100090878,BEAM0011
-49.8803980445389,-20.8558308793998,40810775.1813946,BEAM0011,40810775.1813946,19640300100091078,BEAM0011
-49.8115658304916,-20.7754687561616,40810776.8342752,BEAM0011,40810776.8342752,19640300100091278,BEAM0011
-49.7420347787176,-20.694379323495,40810778.5036893,BEAM0011,40810778.5036893,19640300100091478,BEAM0011
-49.6732979797358,-20.6139937337282,40810780.1566004,BEAM0011,40810780.1566004,19640300100091678,BEAM0011
-49.6040641097225,-20.5326941799299,40810781.8260069,BEAM0011,40810781.8260069,19640300100091878,BEAM0011
-49.5355757784907,-20.4521895187393,40810783.478895,BEAM0011,40810783.478895,19640300100092078,BEAM0011
-49.4667622784263,-20.3713197301806,40810785.14007,BEAM0011,40810785.14007,19640300100092278,BEAM0011
-49.3983242656225,-20.2907743923043,40810786.7929406,BEAM0011,40810786.7929406,19640300100092478,BEAM0011
-49.3295863575623,-20.2098558515721,40810788.4541007,BEAM0011,40810788.4541007,19640300100092678,BEAM0011
-49.2610027058496,-20.1288734565817,40810790.1152758,BEAM0011,40810790.1152758,19640300100092878,BEAM0011
-49.1925560945268,-20.0478161094104,40810791.7764063,BEAM0011,40810791.7764063,19640300100093078,BEAM0011
-49.1238630975076,-19.9662873802168,40810793.4458345,BEAM0011,40810793.4458345,19640300100093278,BEAM0011
-49.0550930856094,-19.8848403305628,40810795.1152735,BEAM0011,40810795.1152735,19640300100093478,BEAM0011
-48.9868349103925,-19.8037371249136,40810796.7764041,BEAM0011,40810796.7764041,19640300100093678,BEAM0011
-48.918750545896,-19.7225048725278,40810798.4375682,BEAM0011,40810798.4375682,19640300100093878,BEAM0011
-48.8506882309906,-19.641274624093,40810800.0987433,BEAM0011,40810800.0987433,19640300100094078,BEAM0011
-48.7819141811857,-19.5592918955524,40810801.7764018,BEAM0011,40810801.7764018,19640300100094278,BEAM0011
-48.7139376507223,-19.4780809011624,40810803.4375659,BEAM0011,40810803.4375659,19640300100094478,BEAM0011
-48.6461179646695,-19.3966851576874,40810805.098741,BEAM0011,40810805.098741,19640300100094678,BEAM0011
-48.5783552620792,-19.3153794154937,40810806.7598675,BEAM0011,40810806.7598675,19640300100094878,BEAM0011
-48.5098523704275,-19.2332466784901,40810808.4375636,BEAM0011,40810808.4375636,19640300100095078,BEAM0011
-48.4417755923108,-19.1515360967992,40810810.1070027,BEAM0011,40810810.1070027,19640300100095278,BEAM0011
-48.3738246664458,-19.0697287404828,40810811.7763972,BEAM0011,40810811.7763972,19640300100095478,BEAM0011
-48.3064663132473,-18.9882534886212,40810813.4375614,BEAM0011,40810813.4375614,19640300100095678,BEAM0011
-48.2394622583414,-18.9072025556475,40810815.0904725,BEAM0011,40810815.0904725,19640300100095878,BEAM0011
-48.1714711466792,-18.8249715797987,40810816.768129,BEAM0011,40810816.768129,19640300100096078,BEAM0011
-48.1042202300365,-18.7435063122458,40810818.4292951,BEAM0011,40810818.4292951,19640300100096278,BEAM0011
-48.036937394083,-18.6620481005891,40810820.0904702,BEAM0011,40810820.0904702,19640300100096478,BEAM0011
-47.9692302169465,-18.5795859948567,40810821.7681267,BEAM0011,40810821.7681267,19640300100096678,BEAM0011
-47.9020949937292,-18.4979688901238,40810823.4292928,BEAM0011,40810823.4292928,19640300100096878,BEAM0011
-47.8347094624373,-18.4159169380055,40810825.0987319,BEAM0011,40810825.0987319,19640300100097078,BEAM0011
-47.7677745502391,-18.334314089021,40810826.7598585,BEAM0011,40810826.7598585,19640300100097278,BEAM0011
-47.7014934555566,-18.2534672888028,40810828.4127626,BEAM0011,40810828.4127626,19640300100097478,BEAM0011
-47.634721592899,-18.1715535738442,40810830.0739376,BEAM0011,40810830.0739376,19640300100097678,BEAM0011
-47.5673188122691,-18.0890087037193,40810831.7515902,BEAM0011,40810831.7515902,19640300100097878,BEAM0011
-47.5010659985377,-18.0078678801184,40810833.4044963,BEAM0011,40810833.4044963,19640300100098078,BEAM0011
-47.4342450520238,-17.9253247518957,40810835.0656714,BEAM0011,40810835.0656714,19640300100098278,BEAM0011
-47.3676978143875,-17.8434357492287,40810836.7267909,BEAM0011,40810836.7267909,19640300100098478,BEAM0011
-47.3015171452108,-17.7619546427427,40810838.379702,BEAM0011,40810838.379702,19640300100098678,BEAM0011
-47.2354450372627,-17.6804397865274,40810840.032613,BEAM0011,40810840.032613,19640300100098878,BEAM0011
-47.1688849510989,-17.5979941419077,40810841.7019966,BEAM0011,40810841.7019966,19640300100099078,BEAM0011
-47.1022864461844,-17.5155589518457,40810843.3714357,BEAM0011,40810843.3714357,19640300100099278,BEAM0011
-47.0356653965482,-17.4331360859917,40810845.0408748,BEAM0011,40810845.0408748,19640300100099478,BEAM0011
-46.9691882940658,-17.3506500147461,40810846.7102583,BEAM0011,40810846.7102583,19640300100099678,BEAM0011
-46.9014061710712,-17.2666068321389,40810848.4127534,BEAM0011,40810848.4127534,19640300100099878,BEAM0011
-46.83499730866,-17.1840935282816,40810850.0821925,BEAM0011,40810850.0821925,19640300100100078,BEAM0011
-46.7694185463822,-17.1023160874668,40810851.7350491,BEAM0011,40810851.7350491,19640300100100278,BEAM0011
-46.7038810312265,-17.0204835907657,40810853.3879592,BEAM0011,40810853.3879592,19640300100100478,BEAM0011
-46.6377086938954,-16.937959544307,40810855.0573983,BEAM0011,40810855.0573983,19640300100100678,BEAM0011
-46.57228324814,-16.8560478859604,40810856.7102538,BEAM0011,40810856.7102538,19640300100100878,BEAM0011
-46.5062662431749,-16.7733761663481,40810858.3796929,BEAM0011,40810858.3796929,19640300100101078,BEAM0011
-46.4405240248984,-16.6911810643077,40810860.040868,BEAM0011,40810860.040868,19640300100101278,BEAM0011
-46.374639288538,-16.6084935786041,40810861.7102516,BEAM0011,40810861.7102516,19640300100101478,BEAM0011
-46.3094878999003,-16.5265823075716,40810863.3631626,BEAM0011,40810863.3631626,19640300100101678,BEAM0011
-46.2437317743111,-16.443781428017,40810865.0326018,BEAM0011,40810865.0326018,19640300100101878,BEAM0011
-46.1786237333167,-16.361838528311,40810866.6854573,BEAM0011,40810866.6854573,19640300100102078,BEAM0011
-46.1126093182149,-16.2785857023386,40810868.3631604,BEAM0011,40810868.3631604,19640300100102278,BEAM0011
-46.047664191731,-16.1964632444345,40810870.0160715,BEAM0011,40810870.0160715,19640300100102478,BEAM0011
-45.9825390814488,-16.113909375823,40810871.677191,BEAM0011,40810871.677191,19640300100102678,BEAM0011
-45.9176651289452,-16.0318918206328,40810873.3301021,BEAM0011,40810873.3301021,19640300100102878,BEAM0011
-45.8528045787684,-15.9498232648168,40810874.9830132,BEAM0011,40810874.9830132,19640300100103078,BEAM0011
-45.7880733129565,-15.8676833586545,40810876.6358687,BEAM0011,40810876.6358687,19640300100103278,BEAM0011
-45.7233496910272,-15.7855853769442,40810878.2887798,BEAM0011,40810878.2887798,19640300100103478,BEAM0011
-45.6581309224842,-15.7025950728419,40810879.9582184,BEAM0011,40810879.9582184,19640300100103678,BEAM0011
-45.593272095124,-15.6199443983798,40810881.6193385,BEAM0011,40810881.6193385,19640300100103878,BEAM0011
-45.5287718781533,-15.5377255039701,40810883.2722496,BEAM0011,40810883.2722496,19640300100104078,BEAM0011
-45.4640373868311,-15.455041223139,40810884.9334181,BEAM0011,40810884.9334181,19640300100104278,BEAM0011
-45.3992776350691,-15.3723900272139,40810886.5945442,BEAM0011,40810886.5945442,19640300100104478,BEAM0011
-45.3343033398448,-15.2893016020047,40810888.2639833,BEAM0011,40810888.2639833,19640300100104678,BEAM0011
-45.2697391258272,-15.2065605160792,40810889.9251498,BEAM0011,40810889.9251498,19640300100104878,BEAM0011
-45.2056542541017,-15.1247779494856,40810891.5780139,BEAM0011,40810891.5780139,19640300100105078,BEAM0011
-45.1406521525082,-15.0410663684806,40810893.247453,BEAM0011,40810893.247453,19640300100105278,BEAM0011
-45.0762849292902,-14.9582390128091,40810894.9086156,BEAM0011,40810894.9086156,19640300100105478,BEAM0011
-45.0122758888796,-14.8757505048428,40810896.5614837,BEAM0011,40810896.5614837,19640300100105678,BEAM0011
-44.9479523467583,-14.7929303970174,40810898.2226588,BEAM0011,40810898.2226588,19640300100105878,BEAM0011
-44.883979865973,-14.7104972227758,40810899.8755493,BEAM0011,40810899.8755493,19640300100106078,BEAM0011
-44.8194247001197,-14.6271793295511,40810901.5449534,BEAM0011,40810901.5449534,19640300100106278,BEAM0011
-44.7542811740628,-14.5430185413268,40810903.2309204,BEAM0011,40810903.2309204,19640300100106478,BEAM0011
-44.6899145683363,-14.4596307932681,40810904.9003451,BEAM0011,40810904.9003451,19640300100106678,BEAM0011
-44.625874779252,-14.3766482719236,40810906.5614791,BEAM0011,40810906.5614791,19640300100106878,BEAM0011
-44.5615239117605,-14.2932548099293,40810908.2309182,BEAM0011,40810908.2309182,19640300100107078,BEAM0011
-44.4973493608153,-14.2098222342542,40810909.9003427,BEAM0011,40810909.9003427,19640300100107278,BEAM0011
-44.4334803331551,-14.1267921792088,40810911.5614769,BEAM0011,40810911.5614769,19640300100107478,BEAM0011
-44.369556644494,-14.043804343386,40810913.222652,BEAM0011,40810913.222652,19640300100107678,BEAM0011
-44.3057180079662,-13.960778410053,40810914.8838085,BEAM0011,40810914.8838085,19640300100107878,BEAM0011
-44.2417126781851,-13.8772672659574,40810916.5532106,BEAM0011,40810916.5532106,19640300100108078,BEAM0011
-44.1780096724014,-13.7941492145832,40810918.2143857,BEAM0011,40810918.2143857,19640300100108278,BEAM0011
-44.1146945124484,-13.7114397319192,40810919.8672742,BEAM0011,40810919.8672742,19640300100108478,BEAM0011
-44.0508322099738,-13.6278313941307,40810921.5366803,BEAM0011,40810921.5366803,19640300100108678,BEAM0011
-43.9869519338428,-13.5442424992367,40810923.2061194,BEAM0011,40810923.2061194,19640300100108878,BEAM0011
-43.9234114877604,-13.461019033488,40810924.8672719,BEAM0011,40810924.8672719,19640300100109078,BEAM0011
-43.8599417238998,-13.3778140056484,40810926.528414,BEAM0011,40810926.528414,19640300100109278,BEAM0011
-43.7958817343613,-13.2937291845079,40810928.2061171,BEAM0011,40810928.2061171,19640300100109478,BEAM0011
-43.7329045165197,-13.2108541313696,40810929.8590037,BEAM0011,40810929.8590037,19640300100109678,BEAM0011
-43.6699242668801,-13.1279695214054,40810931.5118837,BEAM0011,40810931.5118837,19640300100109878,BEAM0011
-43.6069583930562,-13.0451079816363,40810933.1647948,BEAM0011,40810933.1647948,19640300100110078,BEAM0011
-43.5437119344338,-12.9617916646677,40810934.8259374,BEAM0011,40810934.8259374,19640300100110278,BEAM0011
-43.4808316246966,-12.8788940590751,40810936.4788255,BEAM0011,40810936.4788255,19640300100110478,BEAM0011
-43.4173724656954,-12.7951428819683,40810938.1482645,BEAM0011,40810938.1482645,19640300100110678,BEAM0011
-43.3546092272874,-12.7121821540439,40810939.8011371,BEAM0011,40810939.8011371,19640300100110878,BEAM0011
-43.2916460508506,-12.6287301417139,40810941.4622952,BEAM0011,40810941.4622952,19640300100111078,BEAM0011
-43.2286403403208,-12.5453375043961,40810943.1234703,BEAM0011,40810943.1234703,19640300100111278,BEAM0011
-43.1659921224366,-12.4623120668767,40810944.7763368,BEAM0011,40810944.7763368,19640300100111478,BEAM0011
-43.1033165897231,-12.3793806859014,40810946.4292369,BEAM0011,40810946.4292369,19640300100111678,BEAM0011
-43.0405240477526,-12.2958880360096,40810948.090412,BEAM0011,40810948.090412,19640300100111878,BEAM0011
-42.9771402986319,-12.2115840340785,40810949.7680686,BEAM0011,40810949.7680686,19640300100112078,BEAM0011
-42.914659944933,-12.1283655209831,40810951.4209706,BEAM0011,40810951.4209706,19640300100112278,BEAM0011
-42.8519355750721,-12.0448165378127,40810953.0821457,BEAM0011,40810953.0821457,19640300100112478,BEAM0011
-42.7889350287501,-11.9610199437182,40810954.7515343,BEAM0011,40810954.7515343,19640300100112678,BEAM0011
-42.7259464133726,-11.8770000765214,40810956.4209684,BEAM0011,40810956.4209684,19640300100112878,BEAM0011
-42.6633290908961,-11.7933993503178,40810958.0821434,BEAM0011,40810958.0821434,19640300100113078,BEAM0011
-42.6010531450792,-11.7102674563853,40810959.735,BEAM0011,40810959.735,19640300100113278,BEAM0011
-42.538613165938,-11.6266548935781,40810961.3961741,BEAM0011,40810961.3961741,19640300100113478,BEAM0011
-42.4764471661043,-11.5434024375412,40810963.0490852,BEAM0011,40810963.0490852,19640300100113678,BEAM0011
-42.4143513300717,-11.4602406041267,40810964.7019408,BEAM0011,40810964.7019408,19640300100113878,BEAM0011
-42.3521797066619,-11.3768576976763,40810966.3548518,BEAM0011,40810966.3548518,19640300100114078,BEAM0011
-42.2898039373564,-11.2931754355359,40810968.0160269,BEAM0011,40810968.0160269,19640300100114278,BEAM0011
-42.2278314024851,-11.2099138074319,40810969.6688824,BEAM0011,40810969.6688824,19640300100114478,BEAM0011
-42.1658091238983,-11.1266544057645,40810971.3217935,BEAM0011,40810971.3217935,19640300100114678,BEAM0011
-42.1033511842134,-11.0424824068817,40810972.9912326,BEAM0011,40810972.9912326,19640300100114878,BEAM0011
-42.0411634202608,-10.9587292299154,40810974.6523522,BEAM0011,40810974.6523522,19640300100115078,BEAM0011
-41.9790071484884,-10.8750027210934,40810976.3135272,BEAM0011,40810976.3135272,19640300100115278,BEAM0011
-41.9169728431359,-10.7911937343338,40810977.9747023,BEAM0011,40810977.9747023,19640300100115478,BEAM0011
-41.8552040364856,-10.7078225234314,40810979.627558,BEAM0011,40810979.627558,19640300100115678,BEAM0011
-41.7922069775857,-10.6227974872603,40810981.313525,BEAM0011,40810981.313525,19640300100115878,BEAM0011
-41.7295961792651,-10.5381674831488,40810982.9912281,BEAM0011,40810982.9912281,19640300100116078,BEAM0011
-41.6676891231307,-10.4543411793706,40810984.6523476,BEAM0011,40810984.6523476,19640300100116278,BEAM0011
-41.6061049810468,-10.3709600575356,40810986.3052587,BEAM0011,40810986.3052587,19640300100116478,BEAM0011
-41.5445993018692,-10.2874705671457,40810987.9581693,BEAM0011,40810987.9581693,19640300100116678,BEAM0011
-41.4827366112059,-10.203595025366,40810989.6192894,BEAM0011,40810989.6192894,19640300100116878,BEAM0011
-41.4208122751747,-10.1195779407515,40810991.2804644,BEAM0011,40810991.2804644,19640300100117078,BEAM0011
-41.3592933670925,-10.0361236644358,40810992.933369,BEAM0011,40810992.933369,19640300100117278,BEAM0011
-41.2975482842179,-9.9521773254397,40810994.5944951,BEAM0011,40810994.5944951,19640300100117478,BEAM0011
-41.2358275075437,-9.8682330906243,40810996.2556702,BEAM0011,40810996.2556702,19640300100117678,BEAM0011
-41.1741860726328,-9.78417632923735,40810997.9168347,BEAM0011,40810997.9168347,19640300100117878,BEAM0011
-41.1129109242842,-9.70053949892107,40810999.5697008,BEAM0011,40810999.5697008,19640300100118078,BEAM0011
-41.0506787315206,-9.61574391243425,40811001.2474039,BEAM0011,40811001.2474039,19640300100118278,BEAM0011
-40.9890560258431,-9.53172407942582,40811002.9085664,BEAM0011,40811002.9085664,19640300100118478,BEAM0011
-40.9271755944236,-9.44727267323922,40811004.5779625,BEAM0011,40811004.5779625,19640300100118678,BEAM0011
-40.8659795401643,-9.36364220533373,40811006.2308737,BEAM0011,40811006.2308737,19640300100118878,BEAM0011
-40.8047908602339,-9.28002262770506,40811007.8837662,BEAM0011,40811007.8837662,19640300100119078,BEAM0011
-40.7430851857017,-9.1954381795989,40811009.5531683,BEAM0011,40811009.5531683,19640300100119278,BEAM0011
-40.6813580354293,-9.11094008680631,40811011.2226074,BEAM0011,40811011.2226074,19640300100119478,BEAM0011
-40.6196733664593,-9.02639838724217,40811012.8920299,BEAM0011,40811012.8920299,19640300100119678,BEAM0011
-40.5582595330445,-8.94231975524573,40811014.5531659,BEAM0011,40811014.5531659,19640300100119878,BEAM0011
-40.496744896948,-8.85772006405767,40811016.2226051,BEAM0011,40811016.2226051,19640300100120078,BEAM0011
-40.4354417429826,-8.77358129336041,40811017.8837616,BEAM0011,40811017.8837616,19640300100120278,BEAM0011
-40.3741751940984,-8.68942863783074,40811019.5448997,BEAM0011,40811019.5448997,19640300100120478,BEAM0011
-40.3123265748517,-8.6044039594583,40811021.2226028,BEAM0011,40811021.2226028,19640300100120678,BEAM0011
-40.2510464025494,-8.52029829094053,40811022.8837594,BEAM0011,40811022.8837594,19640300100120878,BEAM0011
-40.1899456024215,-8.4360468404775,40811024.5448974,BEAM0011,40811024.5448974,19640300100121078,BEAM0011
-40.1283684176642,-8.35163015717325,40811026.2226005,BEAM0011,40811026.2226005,19640300100121278,BEAM0011
-40.0670194160294,-8.26687068591362,40811027.8920231,BEAM0011,40811027.8920231,19640300100121478,BEAM0011
-40.0055497552681,-8.18204205885952,40811029.5614232,BEAM0011,40811029.5614232,19640300100121678,BEAM0011
-39.9446599863287,-8.09785273093486,40811031.2143343,BEAM0011,40811031.2143343,19640300100121878,BEAM0011
-39.883941131269,-8.01400769221119,40811032.8672228,BEAM0011,40811032.8672228,19640300100122078,BEAM0011
-39.8231994606982,-7.93019370908621,40811034.5201008,BEAM0011,40811034.5201008,19640300100122278,BEAM0011
-39.7622779357851,-7.84586804681707,40811036.181276,BEAM0011,40811036.181276,19640300100122478,BEAM0011
-39.701656367137,-7.76202139880004,40811037.8341565,BEAM0011,40811037.8341565,19640300100122678,BEAM0011
-39.6403807462662,-7.67729709290661,40811039.5035706,BEAM0011,40811039.5035706,19640300100122878,BEAM0011
-39.5798499879156,-7.59341153032296,40811041.1564817,BEAM0011,40811041.1564817,19640300100123078,BEAM0011
-39.519276829169,-7.50971902198128,40811042.8093563,BEAM0011,40811042.8093563,19640300100123278,BEAM0011
-39.4588045500792,-7.42607385789059,40811044.4622483,BEAM0011,40811044.4622483,19640300100123478,BEAM0011
-39.3975912624763,-7.34084228834307,40811046.1316875,BEAM0011,40811046.1316875,19640300100123678,BEAM0011
-39.3372416561189,-7.25708275039462,40811047.784556,BEAM0011,40811047.784556,19640300100123878,BEAM0011
-39.2763103296515,-7.17246302200271,40811049.445718,BEAM0011,40811049.445718,19640300100124078,BEAM0011
-39.2150178644252,-7.08760545223042,40811051.1234211,BEAM0011,40811051.1234211,19640300100124278,BEAM0011
-39.1545310971746,-7.00335175666099,40811052.7762877,BEAM0011,40811052.7762877,19640300100124478,BEAM0011
-39.0940736707017,-6.91932563679871,40811054.4291878,BEAM0011,40811054.4291878,19640300100124678,BEAM0011
-39.0333020725795,-6.83485239158215,40811056.0986269,BEAM0011,40811056.0986269,19640300100124878,BEAM0011
-38.9728073730263,-6.75040340392822,40811057.7514874,BEAM0011,40811057.7514874,19640300100125078,BEAM0011
-38.9121969679814,-6.66600751748386,40811059.4126575,BEAM0011,40811059.4126575,19640300100125278,BEAM0011
-38.8518613757813,-6.58195973237584,40811061.0655686,BEAM0011,40811061.0655686,19640300100125478,BEAM0011
-38.7915860221292,-6.49794814638201,40811062.7184241,BEAM0011,40811062.7184241,19640300100125678,BEAM0011
-38.7312903023611,-6.41391717221753,40811064.3713352,BEAM0011,40811064.3713352,19640300100125878,BEAM0011
-38.6707752524091,-6.32949695756457,40811066.0325103,BEAM0011,40811066.0325103,19640300100126078,BEAM0011
-38.6105667932527,-6.2455031544071,40811067.6853658,BEAM0011,40811067.6853658,19640300100126278,BEAM0011
-38.5503515196574,-6.16142044331865,40811069.338277,BEAM0011,40811069.338277,19640300100126478,BEAM0011
-38.4899621289433,-6.07684274872247,40811070.999452,BEAM0011,40811070.999452,19640300100126678,BEAM0011
-38.4297546225904,-5.99272144131674,40811072.6523076,BEAM0011,40811072.6523076,19640300100126878,BEAM0011
-38.3690330513409,-5.90773891560194,40811074.3217467,BEAM0011,40811074.3217467,19640300100127078,BEAM0011
-38.3085281728934,-5.82327984843233,40811075.9829218,BEAM0011,40811075.9829218,19640300100127278,BEAM0011
-38.2481536947461,-5.7387445276676,40811077.6440413,BEAM0011,40811077.6440413,19640300100127478,BEAM0011
-38.1875254603519,-5.65375350751445,40811079.3134804,BEAM0011,40811079.3134804,19640300100127678,BEAM0011
-38.1271483989008,-5.56920042500373,40811080.9746555,BEAM0011,40811080.9746555,19640300100127878,BEAM0011
-38.066832559262,-5.48465171046525,40811082.6357751,BEAM0011,40811082.6357751,19640300100128078,BEAM0011
-38.0064964490784,-5.40004836258362,40811084.2969501,BEAM0011,40811084.2969501,19640300100128278,BEAM0011
-37.9456404736433,-5.31465700364477,40811085.9746532,BEAM0011,40811085.9746532,19640300100128478,BEAM0011
-37.8852577587166,-5.23009811956525,40811087.6357727,BEAM0011,40811087.6357727,19640300100128678,BEAM0011
-37.8244640734435,-5.14466496808117,40811089.3134758,BEAM0011,40811089.3134758,19640300100128878,BEAM0011
-37.7641862531631,-5.06005490989114,40811090.9746509,BEAM0011,40811090.9746509,19640300100129078,BEAM0011
-37.7039479164592,-4.97548755057199,40811092.6357705,BEAM0011,40811092.6357705,19640300100129278,BEAM0011
-37.6434520268755,-4.89040392764673,40811094.3052096,BEAM0011,40811094.3052096,19640300100129478,BEAM0011
-37.5835346500926,-4.80620822967415,40811095.9581202,BEAM0011,40811095.9581202,19640300100129678,BEAM0011
-37.5237010655702,-4.72200009451415,40811097.6109762,BEAM0011,40811097.6109762,19640300100129878,BEAM0011
-37.4638643462422,-4.63776714737942,40811099.2638873,BEAM0011,40811099.2638873,19640300100130078,BEAM0011
-37.4039937679278,-4.55358131229289,40811100.9167878,BEAM0011,40811100.9167878,19640300100130278,BEAM0011
-37.3447080089471,-4.47120945711985,40811102.5696539,BEAM0011,40811102.5696539,19640300100130478,BEAM0011
-37.2836902643515,-4.38430293317765,40811104.2390931,BEAM0011,40811104.2390931,19640300100130678,BEAM0011
-37.2229667607716,-4.29878198670335,40811105.9167856,BEAM0011,40811105.9167856,19640300100130878,BEAM0011
-37.1629001569185,-4.21413724102608,40811107.5779157,BEAM0011,40811107.5779157,19640300100131078,BEAM0011
-37.1031398227869,-4.12988420422371,40811109.2308268,BEAM0011,40811109.2308268,19640300100131278,BEAM0011
-37.0428303540773,-4.04474546468868,40811110.9002513,BEAM0011,40811110.9002513,19640300100131478,BEAM0011
-36.9830612367571,-3.96049152633432,40811112.5531214,BEAM0011,40811112.5531214,19640300100131678,BEAM0011
-36.9227315484416,-3.87540221393446,40811114.2225605,BEAM0011,40811114.2225605,19640300100131878,BEAM0011
-36.8630879331414,-3.79103205988615,40811115.875451,BEAM0011,40811115.875451,19640300100132078,BEAM0011
-36.8033506729564,-3.70682960950416,40811117.5283271,BEAM0011,40811117.5283271,19640300100132278,BEAM0011
-36.7433118161816,-3.62212923389629,40811119.1895022,BEAM0011,40811119.1895022,19640300100132478,BEAM0011
-36.6833651011405,-3.53744632317283,40811120.8506508,BEAM0011,40811120.8506508,19640300100132678,BEAM0011
-36.6230845116209,-3.45230064932799,40811122.5200609,BEAM0011,40811122.5200609,19640300100132878,BEAM0011
-36.5630458057413,-3.36764746271083,40811124.1812359,BEAM0011,40811124.1812359,19640300100133078,BEAM0011
-36.5023014471467,-3.28158153854988,40811125.8671805,BEAM0011,40811125.8671805,19640300100133278,BEAM0011
-36.4423763816889,-3.1968446123383,40811127.5283225,BEAM0011,40811127.5283225,19640300100133478,BEAM0011
-36.3824325661928,-3.11217187904566,40811129.1894976,BEAM0011,40811129.1894976,19640300100133678,BEAM0011
-36.3225176758583,-3.02739069784148,40811130.8506462,BEAM0011,40811130.8506462,19640300100133878,BEAM0011
-36.2626254599134,-2.94263608348587,40811132.5117923,BEAM0011,40811132.5117923,19640300100134078,BEAM0011
-36.2027012150902,-2.857918124947,40811134.1729674,BEAM0011,40811134.1729674,19640300100134278,BEAM0011
-36.1431152970902,-2.77359858907536,40811135.8258459,BEAM0011,40811135.8258459,19640300100134478,BEAM0011
-36.0832639499957,-2.68889337076187,40811137.486998,BEAM0011,40811137.486998,19640300100134678,BEAM0011
-36.0233935385503,-2.60411389164519,40811139.1481731,BEAM0011,40811139.1481731,19640300100134878,BEAM0011
-35.9639166791218,-2.51970185139468,40811140.8010456,BEAM0011,40811140.8010456,19640300100135078,BEAM0011
-35.90406317921,-2.43492305594704,40811142.4622037,BEAM0011,40811142.4622037,19640300100135278,BEAM0011
-35.8441608924291,-2.35019220762508,40811144.1233788,BEAM0011,40811144.1233788,19640300100135478,BEAM0011
-35.7843292614928,-2.26538248915838,40811145.7845113,BEAM0011,40811145.7845113,19640300100135678,BEAM0011
-35.7246923208949,-2.18113722800037,40811147.4374094,BEAM0011,40811147.4374094,19640300100135878,BEAM0011
-35.6643601844042,-2.09545531551172,40811149.1151126,BEAM0011,40811149.1151126,19640300100136078,BEAM0011
-35.6048529092021,-2.01105626479374,40811150.7679771,BEAM0011,40811150.7679771,19640300100136278,BEAM0011
-35.5459810119272,-1.92871441181422,40811152.4208791,BEAM0011,40811152.4208791,19640300100136478,BEAM0011
-35.4864885787028,-1.84443044338972,40811154.0737903,BEAM0011,40811154.0737903,19640300100136678,BEAM0011
-35.4263176187373,-1.75793015178967,40811155.7266458,BEAM0011,40811155.7266458,19640300100136878,BEAM0011
-35.3668589564687,-1.67415643939943,40811157.3878209,BEAM0011,40811157.3878209,19640300100137078,BEAM0011
-35.3067041643632,-1.5882848561443,40811159.048996,BEAM0011,40811159.048996,19640300100137278,BEAM0011
-35.2471822589261,-1.50383890466827,40811160.7018515,BEAM0011,40811160.7018515,19640300100137478,BEAM0011
-35.1873834722015,-1.41904118543282,40811162.3630266,BEAM0011,40811162.3630266,19640300100137678,BEAM0011
-35.1276365959509,-1.33423825040756,40811164.0242017,BEAM0011,40811164.0242017,19640300100137878,BEAM0011
-35.0673095097055,-1.24853548994394,40811165.7018493,BEAM0011,40811165.7018493,19640300100138078,BEAM0011
-35.0075602629673,-1.1637243092256,40811167.3630244,BEAM0011,40811167.3630244,19640300100138278,BEAM0011
-34.9474715062682,-1.07853112770155,40811169.0324634,BEAM0011,40811169.0324634,19640300100138478,BEAM0011
-34.8876448113145,-0.993698447022408,40811170.693583,BEAM0011,40811170.693583,19640300100138678,BEAM0011
-34.8281785237996,-0.909327405790462,40811172.346494,BEAM0011,40811172.346494,19640300100138878,BEAM0011
-34.7679049807952,-0.823634768472568,40811174.0241971,BEAM0011,40811174.0241971,19640300100139078,BEAM0011
-34.7082018219178,-0.738766961172499,40811175.6853167,BEAM0011,40811175.6853167,19640300100139278,BEAM0011
-34.6487374112977,-0.654399131028309,40811177.3382278,BEAM0011,40811177.3382278,19640300100139478,BEAM0011
-34.5891498807303,-0.569998582281682,40811178.9994029,BEAM0011,40811178.9994029,19640300100139678,BEAM0011
-34.5295916856096,-0.485153617879671,40811180.6522584,BEAM0011,40811180.6522584,19640300100139878,BEAM0011
-34.4698455299781,-0.400348107289816,40811182.3134335,BEAM0011,40811182.3134335,19640300100140078,BEAM0011
-34.4100874827025,-0.315554148829891,40811183.9746086,BEAM0011,40811183.9746086,19640300100140278,BEAM0011
-34.3503158239964,-0.230668286553995,40811185.6357282,BEAM0011,40811185.6357282,19640300100140478,BEAM0011
-34.2907990385837,-0.146338319135946,40811187.2969033,BEAM0011,40811187.2969033,19640300100140678,BEAM0011
-34.2309192342739,-0.062096244349388,40811188.9746063,BEAM0011,40811188.9746063,19640300100140878,BEAM0011
-34.171444878555,0.0222711640334167,40811190.6274619,BEAM0011,40811190.6274619,19640300100141078,BEAM0011
-34.1111326148603,0.109090104167022,40811192.288637,BEAM0011,40811192.288637,19640300100141278,BEAM0011
-96.8997453261673,-49.6092787690793,40810019.9420788,BEAM0101,40810019.9420788,19640500100000119,BEAM0101
-96.7501530475332,-49.5773470427127,40810021.5949389,BEAM0101,40810021.5949389,19640500100000319,BEAM0101
-96.5992301143261,-49.5448252153538,40810023.264378,BEAM0101,40810023.264378,19640500100000519,BEAM0101
-96.4498715582467,-49.5124953349073,40810024.9172785,BEAM0101,40810024.9172785,19640500100000719,BEAM0101
-96.2993904081152,-49.4795988717671,40810026.5866726,BEAM0101,40810026.5866726,19640500100000919,BEAM0101
-96.1506237157895,-49.446991587846,40810028.2395836,BEAM0101,40810028.2395836,19640500100001119,BEAM0101
-96.0020542886126,-49.414092335592,40810029.8924782,BEAM0101,40810029.8924782,19640500100001319,BEAM0101
-95.8527803945583,-49.3807188085587,40810031.5536143,BEAM0101,40810031.5536143,19640500100001519,BEAM0101
-95.7024472834548,-49.3468332192767,40810033.2313173,BEAM0101,40810033.2313173,19640500100001719,BEAM0101
-95.5484876171884,-49.3119462440012,40810034.9503378,BEAM0101,40810034.9503378,19640500100001919,BEAM0101
-95.4008233712561,-49.2782420715495,40810036.6031959,BEAM0101,40810036.6031959,19640500100002119,BEAM0101
-95.2531969833526,-49.2441518256,40810038.256107,BEAM0101,40810038.256107,19640500100002319,BEAM0101
-95.104427729898,-49.209691704257,40810039.9255375,BEAM0101,40810039.9255375,19640500100002519,BEAM0101
-94.9557579858254,-49.1748675382979,40810041.5949296,BEAM0101,40810041.5949296,19640500100002719,BEAM0101
-94.8089743654799,-49.1402939990314,40810043.2478406,BEAM0101,40810043.2478406,19640500100002919,BEAM0101
-94.6607039810515,-49.1051715161395,40810044.9172692,BEAM0101,40810044.9172692,19640500100003119,BEAM0101
-94.5143704914997,-49.0701964122084,40810046.5701352,BEAM0101,40810046.5701352,19640500100003319,BEAM0101
-94.3681207691838,-49.0350015735669,40810048.2230463,BEAM0101,40810048.2230463,19640500100003519,BEAM0101
-94.2191323807042,-48.9988135615866,40810049.9090008,BEAM0101,40810049.9090008,19640500100003719,BEAM0101
-94.0732619991957,-48.9632016384757,40810051.5618689,BEAM0101,40810051.5618689,19640500100003919,BEAM0101
-93.9276130487118,-48.9273092024624,40810053.21478,BEAM0101,40810053.21478,19640500100004119,BEAM0101
-93.7810048334625,-48.8909375093952,40810054.8842006,BEAM0101,40810054.8842006,19640500100004319,BEAM0101
-93.6357691956145,-48.8546615129024,40810056.5370746,BEAM0101,40810056.5370746,19640500100004519,BEAM0101
-93.4908451347681,-48.8183564611389,40810058.1899857,BEAM0101,40810058.1899857,19640500100004719,BEAM0101
-93.3432497524557,-48.780891792449,40810059.8759322,BEAM0101,40810059.8759322,19640500100004919,BEAM0101
-93.1973032934641,-48.7437063870255,40810061.5453363,BEAM0101,40810061.5453363,19640500100005119,BEAM0101
-93.0514769006812,-48.7062486365141,40810063.2147754,BEAM0101,40810063.2147754,19640500100005319,BEAM0101
-92.9053156943707,-48.6684041254629,40810064.8924619,BEAM0101,40810064.8924619,19640500100005519,BEAM0101
-92.760034852949,-48.6305807179385,40810066.5618619,BEAM0101,40810066.5618619,19640500100005719,BEAM0101
-92.6150053763668,-48.592658055006,40810068.2313011,BEAM0101,40810068.2313011,19640500100005919,BEAM0101
-92.4715996646199,-48.5548984452182,40810069.8841935,BEAM0101,40810069.8841935,19640500100006119,BEAM0101
-92.3270647457208,-48.5164163060944,40810071.5535957,BEAM0101,40810071.5535957,19640500100006319,BEAM0101
-92.1841541079593,-48.4781428940587,40810073.2065067,BEAM0101,40810073.2065067,19640500100006519,BEAM0101
-92.0399233584029,-48.4393545878212,40810074.8759253,BEAM0101,40810074.8759253,19640500100006719,BEAM0101
-91.8975838532077,-48.4007232394272,40810076.5288013,BEAM0101,40810076.5288013,19640500100006919,BEAM0101
-91.7539607753835,-48.3614009310878,40810078.1982404,BEAM0101,40810078.1982404,19640500100007119,BEAM0101
-91.6120044949791,-48.3223716360499,40810079.8511249,BEAM0101,40810079.8511249,19640500100007319,BEAM0101
-91.4700564509062,-48.2832322143507,40810081.504007,BEAM0101,40810081.504007,19640500100007519,BEAM0101
-91.3287294424787,-48.2438116764096,40810083.1569181,BEAM0101,40810083.1569181,19640500100007719,BEAM0101
-91.1859001292322,-48.2038311697238,40810084.8263246,BEAM0101,40810084.8263246,19640500100007919,BEAM0101
-91.0441646531083,-48.1638685142734,40810086.4874766,BEAM0101,40810086.4874766,19640500100008119,BEAM0101
-90.9018152698098,-48.1233850768833,40810088.1569157,BEAM0101,40810088.1569157,19640500100008319,BEAM0101
-90.7613202178471,-48.083291411713,40810089.8097903,BEAM0101,40810089.8097903,19640500100008519,BEAM0101
-90.6207266123869,-48.0428737879551,40810091.4626823,BEAM0101,40810091.4626823,19640500100008719,BEAM0101
-90.4778727844452,-48.0015989517452,40810093.1486494,BEAM0101,40810093.1486494,19640500100008919,BEAM0101
-90.3364726187647,-47.960283661018,40810094.818054,BEAM0101,40810094.818054,19640500100009119,BEAM0101
-90.1968479516148,-47.9195225534367,40810096.470944,BEAM0101,40810096.470944,19640500100009319,BEAM0101
-90.0566632597466,-47.8780091889044,40810098.1321191,BEAM0101,40810098.1321191,19640500100009519,BEAM0101
-89.9174565387906,-47.8367240378639,40810099.7849876,BEAM0101,40810099.7849876,19640500100009719,BEAM0101
-89.7783657188671,-47.7952666267467,40810101.4378857,BEAM0101,40810101.4378857,19640500100009919,BEAM0101
-89.6395638157101,-47.7536889683552,40810103.0907968,BEAM0101,40810103.0907968,19640500100010119,BEAM0101
-89.5010761116634,-47.7117242177071,40810104.7436553,BEAM0101,40810104.7436553,19640500100010319,BEAM0101
-89.3613109397444,-47.6692690781355,40810106.4130913,BEAM0101,40810106.4130913,19640500100010519,BEAM0101
-89.2231964393604,-47.6271604455981,40810108.0660025,BEAM0101,40810108.0660025,19640500100010719,BEAM0101
-89.08520915941,-47.5848086766446,40810109.718858,BEAM0101,40810109.718858,19640500100010919,BEAM0101
-88.9476884000386,-47.5421760582916,40810111.371769,BEAM0101,40810111.371769,19640500100011119,BEAM0101
-88.8088315136395,-47.4988370044676,40810113.0412081,BEAM0101,40810113.0412081,19640500100011319,BEAM0101
-88.6717210001986,-47.4559515487651,40810114.6940636,BEAM0101,40810114.6940636,19640500100011519,BEAM0101
-88.5327321788082,-47.4122252047962,40810116.3717668,BEAM0101,40810116.3717668,19640500100011719,BEAM0101
-88.3958907809666,-47.3690507677626,40810118.0246778,BEAM0101,40810118.0246778,19640500100011919,BEAM0101
-88.2580529664043,-47.3251180993081,40810119.6940613,BEAM0101,40810119.6940613,19640500100012119,BEAM0101
-88.1199834154783,-47.2806593721478,40810121.3717644,BEAM0101,40810121.3717644,19640500100012319,BEAM0101
-87.9838145087046,-47.2368227562256,40810123.0246754,BEAM0101,40810123.0246754,19640500100012519,BEAM0101
-87.8481929820616,-47.1928749272029,40810124.677531,BEAM0101,40810124.677531,19640500100012719,BEAM0101
-87.7113224120469,-47.1481279609071,40810126.3469701,BEAM0101,40810126.3469701,19640500100012919,BEAM0101
-87.5746263039999,-47.1033572013753,40810128.0164092,BEAM0101,40810128.0164092,19640500100013119,BEAM0101
-87.4396648917114,-47.0585868638441,40810129.6692647,BEAM0101,40810129.6692647,19640500100013319,BEAM0101
-87.3048011730745,-47.0141025180329,40810131.3221758,BEAM0101,40810131.3221758,19640500100013519,BEAM0101
-87.1702303340266,-46.9691973309311,40810132.9750869,BEAM0101,40810132.9750869,19640500100013719,BEAM0101
-87.0345532416334,-46.9236195129549,40810134.6444704,BEAM0101,40810134.6444704,19640500100013919,BEAM0101
-86.9004480233173,-46.8783189491911,40810136.2973814,BEAM0101,40810136.2973814,19640500100014119,BEAM0101
-86.7665926074599,-46.8328049591308,40810137.95029,BEAM0101,40810137.95029,19640500100014319,BEAM0101
-86.6308660796924,-46.7865758679381,40810139.6279401,BEAM0101,40810139.6279401,19640500100014519,BEAM0101
-86.4948240080541,-46.7399389447291,40810141.3139071,BEAM0101,40810141.3139071,19640500100014719,BEAM0101
-86.360457903877,-46.693310511582,40810142.9833462,BEAM0101,40810142.9833462,19640500100014919,BEAM0101
-86.2254345909465,-46.6465412743169,40810144.6609937,BEAM0101,40810144.6609937,19640500100015119,BEAM0101
-86.0913484471291,-46.5999536529956,40810146.3304328,BEAM0101,40810146.3304328,19640500100015319,BEAM0101
-85.9590238714983,-46.5534037820572,40810147.9833439,BEAM0101,40810147.9833439,19640500100015519,BEAM0101
-85.8268484576846,-46.5067358126967,40810149.6361994,BEAM0101,40810149.6361994,19640500100015719,BEAM0101
-85.6942355265115,-46.4595613423222,40810151.2973744,BEAM0101,40810151.2973744,19640500100015919,BEAM0101
-85.561315962652,-46.4121299373271,40810152.9668136,BEAM0101,40810152.9668136,19640500100016119,BEAM0101
-85.4298095426985,-46.3648218906191,40810154.6196691,BEAM0101,40810154.6196691,19640500100016319,BEAM0101
-85.2973523393792,-46.3171173710244,40810156.2891082,BEAM0101,40810156.2891082,19640500100016519,BEAM0101
-85.1655885721223,-46.2692751276031,40810157.9502807,BEAM0101,40810157.9502807,19640500100016719,BEAM0101
-85.0342503128743,-46.2214869314567,40810159.6114028,BEAM0101,40810159.6114028,19640500100016919,BEAM0101
-84.9037315340981,-46.1735338541379,40810161.2643138,BEAM0101,40810161.2643138,19640500100017119,BEAM0101
-84.7735264642475,-46.1254936115345,40810162.9172144,BEAM0101,40810162.9172144,19640500100017319,BEAM0101
-84.6421257204864,-46.0769772028112,40810164.5866084,BEAM0101,40810164.5866084,19640500100017519,BEAM0101
-84.510979248042,-46.0282335594728,40810166.2560475,BEAM0101,40810166.2560475,19640500100017719,BEAM0101
-84.3813587347422,-45.9798826122596,40810167.9089461,BEAM0101,40810167.9089461,19640500100017919,BEAM0101
-84.2506589811814,-45.9308495040448,40810169.5783422,BEAM0101,40810169.5783422,19640500100018119,BEAM0101
-84.1204718623468,-45.8815602336624,40810171.2477813,BEAM0101,40810171.2477813,19640500100018319,BEAM0101
-83.9918366632307,-45.8324479131201,40810172.9006778,BEAM0101,40810172.9006778,19640500100018519,BEAM0101
-83.8634027516963,-45.7834257837699,40810174.5535479,BEAM0101,40810174.5535479,19640500100018719,BEAM0101
-83.7350688687435,-45.7341160684883,40810176.206459,BEAM0101,40810176.206459,19640500100018919,BEAM0101
-83.6051270007641,-45.6838986101064,40810177.8841435,BEAM0101,40810177.8841435,19640500100019119,BEAM0101
-83.4759212660939,-45.633805271261,40810179.5535456,BEAM0101,40810179.5535456,19640500100019319,BEAM0101
-83.3483701913327,-45.5840521505478,40810181.2064567,BEAM0101,40810181.2064567,19640500100019519,BEAM0101
-83.2210072873269,-45.5340655479209,40810182.8593433,BEAM0101,40810182.8593433,19640500100019719,BEAM0101
-83.092665562988,-45.483471718758,40810184.5287514,BEAM0101,40810184.5287514,19640500100019919,BEAM0101
-82.9656096108896,-45.4333512592663,40810186.1816624,BEAM0101,40810186.1816624,19640500100020119,BEAM0101
-82.8389973804064,-45.3828844450405,40810187.834543,BEAM0101,40810187.834543,19640500100020319,BEAM0101
-82.7114539185708,-45.3316421045928,40810189.503957,BEAM0101,40810189.503957,19640500100020519,BEAM0101
-82.5850505183264,-45.2809519706302,40810191.1568682,BEAM0101,40810191.1568682,19640500100020719,BEAM0101
-82.457875441396,-45.2296671163669,40810192.8262747,BEAM0101,40810192.8262747,19640500100020919,BEAM0101
-82.3308670308469,-45.1781773100501,40810194.4956908,BEAM0101,40810194.4956908,19640500100021119,BEAM0101
-82.2055166457238,-45.1267857129751,40810196.1486019,BEAM0101,40810196.1486019,19640500100021319,BEAM0101
-82.0788354125973,-45.0748297840247,40810197.8180064,BEAM0101,40810197.8180064,19640500100021519,BEAM0101
-81.953380915074,-45.023235901127,40810199.4791605,BEAM0101,40810199.4791605,19640500100021719,BEAM0101
-81.828613976503,-44.9714459203861,40810201.1320715,BEAM0101,40810201.1320715,19640500100021919,BEAM0101
-81.7040570298467,-44.9197967026815,40810202.7849401,BEAM0101,40810202.7849401,19640500100022119,BEAM0101
-81.5784285968868,-44.8673467481544,40810204.4543662,BEAM0101,40810204.4543662,19640500100022319,BEAM0101
-81.4543615211855,-44.8152844022657,40810206.1072773,BEAM0101,40810206.1072773,19640500100022519,BEAM0101
-81.3305985635093,-44.7628898999086,40810207.7601398,BEAM0101,40810207.7601398,19640500100022719,BEAM0101
-81.2056684279628,-44.7097981189472,40810209.4295719,BEAM0101,40810209.4295719,19640500100022919,BEAM0101
-81.0811296755638,-44.6569258435004,40810211.099011,BEAM0101,40810211.099011,19640500100023119,BEAM0101
-80.957992267442,-44.6042768676911,40810212.7518715,BEAM0101,40810212.7518715,19640500100023319,BEAM0101
-80.8325444778667,-44.5501917961101,40810214.4378336,BEAM0101,40810214.4378336,19640500100023519,BEAM0101
-80.7099380802013,-44.4972871546478,40810216.0907447,BEAM0101,40810216.0907447,19640500100023719,BEAM0101
-80.5874669848533,-44.4442353429184,40810217.7436033,BEAM0101,40810217.7436033,19640500100023919,BEAM0101
-80.4640751235231,-44.3902454184908,40810219.4130394,BEAM0101,40810219.4130394,19640500100024119,BEAM0101
-80.3409339744273,-44.3362962735084,40810221.0824784,BEAM0101,40810221.0824784,19640500100024319,BEAM0101
-80.2191380049047,-44.2826772024813,40810222.7353349,BEAM0101,40810222.7353349,19640500100024519,BEAM0101
-80.0965095610177,-44.2284057697889,40810224.404773,BEAM0101,40810224.404773,19640500100024719,BEAM0101
-79.9714121381887,-44.1726949741494,40810226.1072681,BEAM0101,40810226.1072681,19640500100024919,BEAM0101
-79.8503757160919,-44.1188488494782,40810227.7601307,BEAM0101,40810227.7601307,19640500100025119,BEAM0101
-79.7294816414349,-44.0646028960113,40810229.4130348,BEAM0101,40810229.4130348,19640500100025319,BEAM0101
-79.6091804662451,-44.0103700890807,40810231.0659459,BEAM0101,40810231.0659459,19640500100025519,BEAM0101
-79.4888656742659,-43.9559450119724,40810232.7188014,BEAM0101,40810232.7188014,19640500100025719,BEAM0101
-79.3669919971648,-43.9003777675577,40810234.3965044,BEAM0101,40810234.3965044,19640500100025919,BEAM0101
-79.2460105318564,-43.8451789014044,40810236.0659435,BEAM0101,40810236.0659435,19640500100026119,BEAM0101
-79.1249768654934,-43.789799765377,40810237.7353281,BEAM0101,40810237.7353281,19640500100026319,BEAM0101
-79.0057173675177,-43.7347924307866,40810239.3882381,BEAM0101,40810239.3882381,19640500100026519,BEAM0101
-78.8847216167429,-43.678626293983,40810241.0659413,BEAM0101,40810241.0659413,19640500100026719,BEAM0101
-78.7658366939545,-43.6233831093819,40810242.7187968,BEAM0101,40810242.7187968,19640500100026919,BEAM0101
-78.6445960761845,-43.5665131792204,40810244.4047639,BEAM0101,40810244.4047639,19640500100027119,BEAM0101
-78.5248873838251,-43.5105313697563,40810246.0742029,BEAM0101,40810246.0742029,19640500100027319,BEAM0101
-78.4067827515553,-43.4548178923179,40810247.7270585,BEAM0101,40810247.7270585,19640500100027519,BEAM0101
-78.2887308855867,-43.3989378589584,40810249.3799696,BEAM0101,40810249.3799696,19640500100027719,BEAM0101
-78.1707119607342,-43.3428107317548,40810251.0328806,BEAM0101,40810251.0328806,19640500100027919,BEAM0101
-78.0529564325252,-43.2865981725393,40810252.6857362,BEAM0101,40810252.6857362,19640500100028119,BEAM0101
-77.9344444131976,-43.2297708225241,40810254.3551753,BEAM0101,40810254.3551753,19640500100028319,BEAM0101
-77.8173336023848,-43.1732257685614,40810256.0080864,BEAM0101,40810256.0080864,19640500100028519,BEAM0101
-77.70044293147,-43.1167631190649,40810257.6609419,BEAM0101,40810257.6609419,19640500100028719,BEAM0101
-77.5839901032078,-43.0600365319309,40810259.313853,BEAM0101,40810259.313853,19640500100028919,BEAM0101
-77.4662870622669,-43.0025758595826,40810260.9832921,BEAM0101,40810260.9832921,19640500100029119,BEAM0101
-77.3500194495151,-42.9455875344875,40810262.6361476,BEAM0101,40810262.6361476,19640500100029319,BEAM0101
-77.2341820501314,-42.8885214916818,40810264.2890587,BEAM0101,40810264.2890587,19640500100029519,BEAM0101
-77.1184094095326,-42.8312167352956,40810265.9419653,BEAM0101,40810265.9419653,19640500100029719,BEAM0101
-77.0028703093845,-42.7739032979201,40810267.5948254,BEAM0101,40810267.5948254,19640500100029919,BEAM0101
-76.8877563495906,-42.7164400081981,40810269.2477364,BEAM0101,40810269.2477364,19640500100030119,BEAM0101
-76.7721364019211,-42.6585186147271,40810270.9088989,BEAM0101,40810270.9088989,19640500100030319,BEAM0101
-76.6571927949657,-42.600821281994,40810272.561767,BEAM0101,40810272.561767,19640500100030519,BEAM0101
-76.5410789989534,-42.5420018717263,40810274.2394701,BEAM0101,40810274.2394701,19640500100030719,BEAM0101
-76.4266024554052,-42.4838007043138,40810275.8923646,BEAM0101,40810275.8923646,19640500100030919,BEAM0101
-76.3114410965464,-42.4252481906593,40810277.5617647,BEAM0101,40810277.5617647,19640500100031119,BEAM0101
-76.1974546916335,-42.3670803942184,40810279.2146758,BEAM0101,40810279.2146758,19640500100031319,BEAM0101
-76.0836368167953,-42.3086852339348,40810280.8675644,BEAM0101,40810280.8675644,19640500100031519,BEAM0101
-75.9690751824889,-42.2495814378284,40810282.5369704,BEAM0101,40810282.5369704,19640500100031719,BEAM0101
-75.8552921951648,-42.190537223035,40810284.1981456,BEAM0101,40810284.1981456,19640500100031919,BEAM0101
-75.7410775252218,-42.1311767317674,40810285.8675621,BEAM0101,40810285.8675621,19640500100032119,BEAM0101
-75.6283368732205,-42.0722291445837,40810287.5204401,BEAM0101,40810287.5204401,19640500100032319,BEAM0101
-75.5156968412315,-42.0130806475327,40810289.1733513,BEAM0101,40810289.1733513,19640500100032519,BEAM0101
-75.4028028498109,-41.9536944798248,40810290.8344958,BEAM0101,40810290.8344958,19640500100032719,BEAM0101
-75.2906852550387,-41.8945008223518,40810292.4873818,BEAM0101,40810292.4873818,19640500100032919,BEAM0101
-75.1786611748058,-41.8350683475073,40810294.1402929,BEAM0101,40810294.1402929,19640500100033119,BEAM0101
-75.0653026273855,-41.7744848777959,40810295.8179615,BEAM0101,40810295.8179615,19640500100033319,BEAM0101
-74.953828115011,-41.7150591127557,40810297.4708516,BEAM0101,40810297.4708516,19640500100033519,BEAM0101
-74.8426675536917,-41.6551965379945,40810299.1237627,BEAM0101,40810299.1237627,19640500100033719,BEAM0101
-74.7298239561361,-41.59429452196,40810300.8014272,BEAM0101,40810300.8014272,19640500100033919,BEAM0101
-74.6192574863381,-41.5343068998829,40810302.4543213,BEAM0101,40810302.4543213,19640500100034119,BEAM0101
-74.5073289098151,-41.4735484741033,40810304.1237604,BEAM0101,40810304.1237604,19640500100034319,BEAM0101
-74.3947194286504,-41.4121044687981,40810305.8096909,BEAM0101,40810305.8096909,19640500100034519,BEAM0101
-74.2846191535645,-41.3517098441927,40810307.462583,BEAM0101,40810307.462583,19640500100034719,BEAM0101
-74.1746057670076,-41.291141106644,40810309.1154941,BEAM0101,40810309.1154941,19640500100034919,BEAM0101
-74.0650060708765,-41.2304772592209,40810310.7683586,BEAM0101,40810310.7683586,19640500100035119,BEAM0101
-73.95537202201,-41.1697809682748,40810312.4212607,BEAM0101,40810312.4212607,19640500100035319,BEAM0101
-73.8450902383336,-41.1084558101322,40810314.0906998,BEAM0101,40810314.0906998,19640500100035519,BEAM0101
-73.7352040164257,-41.0471995894593,40810315.7683564,BEAM0101,40810315.7683564,19640500100035719,BEAM0101
-73.6247730565878,-40.9851923902981,40810317.4460504,BEAM0101,40810317.4460504,19640500100035919,BEAM0101
-73.5161733168993,-40.9238891875239,40810319.0989615,BEAM0101,40810319.0989615,19640500100036119,BEAM0101
-73.406601534397,-40.8620152427013,40810320.7683541,BEAM0101,40810320.7683541,19640500100036319,BEAM0101
-73.2972227048768,-40.7999712345444,40810322.4377842,BEAM0101,40810322.4377842,19640500100036519,BEAM0101
-73.1883602861557,-40.7376200265163,40810324.0906952,BEAM0101,40810324.0906952,19640500100036719,BEAM0101
-73.0794503904001,-40.6753945308748,40810325.7600857,BEAM0101,40810325.7600857,19640500100036919,BEAM0101
-72.9720072942768,-40.6136875188166,40810327.4129898,BEAM0101,40810327.4129898,19640500100037119,BEAM0101
-72.863676424669,-40.5510584635955,40810329.0824289,BEAM0101,40810329.0824289,19640500100037319,BEAM0101
-72.75587007365,-40.4888383919146,40810330.7435515,BEAM0101,40810330.7435515,19640500100037519,BEAM0101
-72.6467647964142,-40.4255145782012,40810332.4295155,BEAM0101,40810332.4295155,19640500100037719,BEAM0101
-72.5399853596411,-40.3632602165759,40810334.0824267,BEAM0101,40810334.0824267,19640500100037919,BEAM0101
-72.4334553560019,-40.3009201140984,40810335.7352832,BEAM0101,40810335.7352832,19640500100038119,BEAM0101
-72.3272156845893,-40.2383766811395,40810337.3881932,BEAM0101,40810337.3881932,19640500100038319,BEAM0101
-72.221034328733,-40.175803179101,40810339.0411043,BEAM0101,40810339.0411043,19640500100038519,BEAM0101
-72.1147363508617,-40.1127570222944,40810340.7022239,BEAM0101,40810340.7022239,19640500100038719,BEAM0101
-72.0089412994514,-40.0499041948443,40810342.355135,BEAM0101,40810342.355135,19640500100038919,BEAM0101
-71.9033859835868,-39.9870223594957,40810344.0080461,BEAM0101,40810344.0080461,19640500100039119,BEAM0101
-71.7971372319696,-39.9233637782044,40810345.6774296,BEAM0101,40810345.6774296,19640500100039319,BEAM0101
-71.6919386948872,-39.8602749071392,40810347.3303407,BEAM0101,40810347.3303407,19640500100039519,BEAM0101
-71.5871381096026,-39.7969257217225,40810348.9832518,BEAM0101,40810348.9832518,19640500100039719,BEAM0101
-71.4824867216443,-39.7335650299471,40810350.6361073,BEAM0101,40810350.6361073,19640500100039919,BEAM0101
-71.3781026060244,-39.6702192560636,40810352.2890184,BEAM0101,40810352.2890184,19640500100040119,BEAM0101
-71.2727841434866,-39.6059961477965,40810353.958457,BEAM0101,40810353.958457,19640500100040319,BEAM0101
-71.1686837891108,-39.5423431113247,40810355.6113131,BEAM0101,40810355.6113131,19640500100040519,BEAM0101
-71.0648531184234,-39.4785741826727,40810357.2642241,BEAM0101,40810357.2642241,19640500100040719,BEAM0101
-70.9601920593865,-39.4139617853302,40810358.9336567,BEAM0101,40810358.9336567,19640500100040919,BEAM0101
-70.854550812583,-39.348756571403,40810360.6195748,BEAM0101,40810360.6195748,19640500100041119,BEAM0101
-70.751407730477,-39.2848655326191,40810362.2724859,BEAM0101,40810362.2724859,19640500100041319,BEAM0101
-70.6482677241215,-39.2205348813742,40810363.9253884,BEAM0101,40810363.9253884,19640500100041519,BEAM0101
-70.5454696200179,-39.1561565472659,40810365.5782525,BEAM0101,40810365.5782525,19640500100041719,BEAM0101
-70.4426867572313,-39.0917175052192,40810367.2311635,BEAM0101,40810367.2311635,19640500100041919,BEAM0101
-70.3402211343684,-39.0272211615397,40810368.8840561,BEAM0101,40810368.8840561,19640500100042119,BEAM0101
-70.2379710035467,-38.9625526605055,40810370.5369302,BEAM0101,40810370.5369302,19640500100042319,BEAM0101
-70.1358195734403,-38.8978491206579,40810372.1898412,BEAM0101,40810372.1898412,19640500100042519,BEAM0101
-70.0319066544359,-38.8317832255291,40810373.8757878,BEAM0101,40810373.8757878,19640500100042719,BEAM0101
-69.9291416702084,-38.7662078054511,40810375.5451919,BEAM0101,40810375.5451919,19640500100042919,BEAM0101
-69.8277487447384,-38.7012073988357,40810377.198103,BEAM0101,40810377.198103,19640500100043119,BEAM0101
-69.7264286394128,-38.6359357709742,40810378.8509875,BEAM0101,40810378.8509875,19640500100043319,BEAM0101
-69.625263301936,-38.5708321501886,40810380.5038696,BEAM0101,40810380.5038696,19640500100043519,BEAM0101
-69.5244446069944,-38.5054116101106,40810382.1567807,BEAM0101,40810382.1567807,19640500100043719,BEAM0101
-69.4239039130715,-38.4398310361917,40810383.8096552,BEAM0101,40810383.8096552,19640500100043919,BEAM0101
-69.3227633726954,-38.374099502571,40810385.4708113,BEAM0101,40810385.4708113,19640500100044119,BEAM0101
-69.2225008879289,-38.308432846295,40810387.1237224,BEAM0101,40810387.1237224,19640500100044319,BEAM0101
-69.121419771794,-38.2419667808679,40810388.7931209,BEAM0101,40810388.7931209,19640500100044519,BEAM0101
-69.0216512321727,-38.1761766667685,40810390.4460171,BEAM0101,40810390.4460171,19640500100044719,BEAM0101
-68.9217955741047,-38.1101358529802,40810392.0989281,BEAM0101,40810392.0989281,19640500100044919,BEAM0101
-68.8202835028862,-38.0427213307923,40810393.7848526,BEAM0101,40810393.7848526,19640500100045119,BEAM0101
-68.7200217630145,-37.9759235201633,40810395.4542788,BEAM0101,40810395.4542788,19640500100045319,BEAM0101
-68.620899233665,-37.9096384677088,40810397.1071898,BEAM0101,40810397.1071898,19640500100045519,BEAM0101
-68.5220467191818,-37.8433192408308,40810398.7600524,BEAM0101,40810398.7600524,19640500100045719,BEAM0101
-68.4231880515009,-37.7769568532029,40810400.4129564,BEAM0101,40810400.4129564,19640500100045919,BEAM0101
-68.3246232805925,-37.710399971228,40810402.0658675,BEAM0101,40810402.0658675,19640500100046119,BEAM0101
-68.2262812358903,-37.6437373972894,40810403.7187231,BEAM0101,40810403.7187231,19640500100046319,BEAM0101
-68.1270203714936,-37.5764200956449,40810405.3881622,BEAM0101,40810405.3881622,19640500100046519,BEAM0101
-68.0280693827741,-37.5090049837569,40810407.0576013,BEAM0101,40810407.0576013,19640500100046719,BEAM0101
-67.9288304721959,-37.4410997221526,40810408.7352498,BEAM0101,40810408.7352498,19640500100046919,BEAM0101
-67.8311429067909,-37.3741036445191,40810410.3881599,BEAM0101,40810410.3881599,19640500100047119,BEAM0101
-67.7327886370111,-37.3062699801808,40810412.057599,BEAM0101,40810412.057599,19640500100047319,BEAM0101
-67.635534725881,-37.239145798999,40810413.7104545,BEAM0101,40810413.7104545,19640500100047519,BEAM0101
-67.5384118931509,-37.1719162146945,40810415.3633656,BEAM0101,40810415.3633656,19640500100047719,BEAM0101
-67.4415730859324,-37.1044136884855,40810417.0162767,BEAM0101,40810417.0162767,19640500100047919,BEAM0101
-67.3448280100834,-37.0370199412492,40810418.6691322,BEAM0101,40810418.6691322,19640500100048119,BEAM0101
-67.2482001775283,-36.9694803146845,40810420.3220434,BEAM0101,40810420.3220434,19640500100048319,BEAM0101
-67.1488969379271,-36.8998707997488,40810422.0245385,BEAM0101,40810422.0245385,19640500100048519,BEAM0101
-67.052706264889,-36.8320698496168,40810423.6773939,BEAM0101,40810423.6773939,19640500100048719,BEAM0101
-66.9558421807107,-36.76355227927,40810425.3468331,BEAM0101,40810425.3468331,19640500100048919,BEAM0101
-66.8590020547419,-36.6949949379686,40810427.0162722,BEAM0101,40810427.0162722,19640500100049119,BEAM0101
-66.7634723956812,-36.6270283814352,40810428.6691277,BEAM0101,40810428.6691277,19640500100049319,BEAM0101
-66.6671928124371,-36.5580976419094,40810430.3385668,BEAM0101,40810430.3385668,19640500100049519,BEAM0101
-66.5708778273267,-36.4892387514541,40810432.0080059,BEAM0101,40810432.0080059,19640500100049719,BEAM0101
-66.4757430025099,-36.4210295616391,40810433.6608614,BEAM0101,40810433.6608614,19640500100049919,BEAM0101
-66.379852602487,-36.3520399813166,40810435.3303005,BEAM0101,40810435.3303005,19640500100050119,BEAM0101
-66.2851440427809,-36.2836220262143,40810436.9832116,BEAM0101,40810436.9832116,19640500100050319,BEAM0101
-66.1896593072215,-36.2142823709042,40810438.6525952,BEAM0101,40810438.6525952,19640500100050519,BEAM0101
-66.0953425721133,-36.1456728589884,40810440.3055062,BEAM0101,40810440.3055062,19640500100050719,BEAM0101
-66.0011255860764,-36.0769548283711,40810441.9584168,BEAM0101,40810441.9584168,19640500100050919,BEAM0101
-65.9071558973582,-36.0082080989096,40810443.6112729,BEAM0101,40810443.6112729,19640500100051119,BEAM0101
-65.8128054848488,-35.9389850828282,40810445.272448,BEAM0101,40810445.272448,19640500100051319,BEAM0101
-65.716866234895,-35.8682722706717,40810446.9666791,BEAM0101,40810446.9666791,19640500100051519,BEAM0101
-65.6219204093978,-35.7982157031802,40810448.6443265,BEAM0101,40810448.6443265,19640500100051719,BEAM0101
-65.5285986249076,-35.7290278386606,40810450.2972376,BEAM0101,40810450.2972376,19640500100051919,BEAM0101
-65.4355893264054,-35.659800800856,40810451.9501462,BEAM0101,40810451.9501462,19640500100052119,BEAM0101
-65.342570171151,-35.5904693239533,40810453.6030043,BEAM0101,40810453.6030043,19640500100052319,BEAM0101
-65.2497418394459,-35.5210974822858,40810455.2559154,BEAM0101,40810455.2559154,19640500100052519,BEAM0101
-65.1570995122404,-35.4515930228953,40810456.908814,BEAM0101,40810456.908814,19640500100052719,BEAM0101
-65.0646568123764,-35.3820830659124,40810458.561682,BEAM0101,40810458.561682,19640500100052919,BEAM0101
-64.9723485517549,-35.312382720807,40810460.2145931,BEAM0101,40810460.2145931,19640500100053119,BEAM0101
-64.8785907175927,-35.2411572133597,40810461.9005456,BEAM0101,40810461.9005456,19640500100053319,BEAM0101
-64.7850528840908,-35.1703691434908,40810463.5782078,BEAM0101,40810463.5782078,19640500100053519,BEAM0101
-64.6914244603764,-35.0991917715336,40810465.2641748,BEAM0101,40810465.2641748,19640500100053719,BEAM0101
-64.5998825533093,-35.0292479606647,40810466.9170753,BEAM0101,40810466.9170753,19640500100053919,BEAM0101
-64.5076687084072,-34.9584449583631,40810468.5864694,BEAM0101,40810468.5864694,19640500100054119,BEAM0101
-64.4155356024957,-34.8877388644631,40810470.2559085,BEAM0101,40810470.2559085,19640500100054319,BEAM0101
-64.3227728432823,-34.8161075271525,40810471.9418711,BEAM0101,40810471.9418711,19640500100054519,BEAM0101
-64.231082324072,-34.7450256668895,40810473.6112592,BEAM0101,40810473.6112592,19640500100054719,BEAM0101
-64.1392191897125,-34.6741193254327,40810475.2806982,BEAM0101,40810475.2806982,19640500100054919,BEAM0101
-64.0485510915368,-34.6037676924918,40810476.9336028,BEAM0101,40810476.9336028,19640500100055119,BEAM0101
-63.9577619570065,-34.5328330220043,40810478.5947289,BEAM0101,40810478.5947289,19640500100055319,BEAM0101
-63.8674966364822,-34.4622241959252,40810480.24764,BEAM0101,40810480.24764,19640500100055519,BEAM0101
-63.7766176836514,-34.390811217503,40810481.9170686,BEAM0101,40810481.9170686,19640500100055719,BEAM0101
-63.6839135237358,-34.3179441987101,40810483.6195187,BEAM0101,40810483.6195187,19640500100055919,BEAM0101
-63.5923008794083,-34.2457141635009,40810485.3054857,BEAM0101,40810485.3054857,19640500100056119,BEAM0101
-63.5027543175405,-34.1747155851172,40810486.9583963,BEAM0101,40810486.9583963,19640500100056319,BEAM0101
-63.4124149089598,-34.10301491558,40810488.6277804,BEAM0101,40810488.6277804,19640500100056519,BEAM0101
-63.3226552634802,-34.031592574494,40810490.2889555,BEAM0101,40810490.2889555,19640500100056719,BEAM0101
-63.2335006706627,-33.9604119358185,40810491.941862,BEAM0101,40810491.941862,19640500100056919,BEAM0101
-63.1431883325046,-33.8881291224439,40810493.6195141,BEAM0101,40810493.6195141,19640500100057119,BEAM0101
-63.0535581252706,-33.8163991810602,40810495.2889531,BEAM0101,40810495.2889531,19640500100057319,BEAM0101
-62.9649033064974,-33.7450047745322,40810496.9418597,BEAM0101,40810496.9418597,19640500100057519,BEAM0101
-62.8756892225993,-33.6726985052522,40810498.6112478,BEAM0101,40810498.6112478,19640500100057719,BEAM0101
-62.7861932433899,-33.6002225126907,40810500.2806869,BEAM0101,40810500.2806869,19640500100057919,BEAM0101
-62.6979160560628,-33.5286606774034,40810501.9335915,BEAM0101,40810501.9335915,19640500100058119,BEAM0101
-62.6098387072734,-33.4569794876192,40810503.5864535,BEAM0101,40810503.5864535,19640500100058319,BEAM0101
-62.521275262375,-33.3848579565846,40810505.2558926,BEAM0101,40810505.2558926,19640500100058519,BEAM0101
-62.4332948194436,-33.3127437235206,40810506.9087911,BEAM0101,40810506.9087911,19640500100058719,BEAM0101
-62.3449285551574,-33.240107731525,40810508.5781873,BEAM0101,40810508.5781873,19640500100058919,BEAM0101
-62.2574831631065,-33.1681667044688,40810510.2310983,BEAM0101,40810510.2310983,19640500100059119,BEAM0101
-62.1701963651027,-33.0960759048842,40810511.8839909,BEAM0101,40810511.8839909,19640500100059319,BEAM0101
-62.0831458112484,-33.0239314226584,40810513.536865,BEAM0101,40810513.536865,19640500100059519,BEAM0101
-61.9961508475555,-32.9517743690311,40810515.189776,BEAM0101,40810515.189776,19640500100059719,BEAM0101
-61.9079698362379,-32.8784741637965,40810516.8674566,BEAM0101,40810516.8674566,19640500100059919,BEAM0101
-61.8212756509374,-32.8061178047144,40810518.5203347,BEAM0101,40810518.5203347,19640500100060119,BEAM0101
-61.73475859019,-32.7337260496783,40810520.1732458,BEAM0101,40810520.1732458,19640500100060319,BEAM0101
-61.6475775678129,-32.6603970192603,40810521.8426564,BEAM0101,40810521.8426564,19640500100060519,BEAM0101
-61.5614015659945,-32.5878785008417,40810523.4955405,BEAM0101,40810523.4955405,19640500100060719,BEAM0101
-61.4734541454653,-32.5138473131172,40810525.1815076,BEAM0101,40810525.1815076,19640500100060919,BEAM0101
-61.3871322223899,-32.4408004630094,40810526.8426541,BEAM0101,40810526.8426541,19640500100061119,BEAM0101
-61.3014310906638,-32.3679570258335,40810528.4955382,BEAM0101,40810528.4955382,19640500100061319,BEAM0101
-61.2157372648975,-32.2951025756522,40810530.1484493,BEAM0101,40810530.1484493,19640500100061519,BEAM0101
-61.1303798822815,-32.2221116626153,40810531.8013218,BEAM0101,40810531.8013218,19640500100061719,BEAM0101
-61.045040025363,-32.1490830431954,40810533.4542159,BEAM0101,40810533.4542159,19640500100061919,BEAM0101
-60.9589726691585,-32.0753377281778,40810535.123655,BEAM0101,40810535.123655,19640500100062119,BEAM0101
-60.8731255181639,-32.001439114498,40810536.7930535,BEAM0101,40810536.7930535,19640500100062319,BEAM0101
-60.7864474079187,-31.9268100864374,40810538.4790056,BEAM0101,40810538.4790056,19640500100062519,BEAM0101
-60.7017235092989,-31.8534833569571,40810540.1319167,BEAM0101,40810540.1319167,19640500100062719,BEAM0101
-60.6170797540519,-31.7801996848478,40810541.7847852,BEAM0101,40810541.7847852,19640500100062919,BEAM0101
-60.5326425006609,-31.7067083234469,40810543.4376833,BEAM0101,40810543.4376833,19640500100063119,BEAM0101
-60.4467193010399,-31.6317611425814,40810545.1236504,BEAM0101,40810545.1236504,19640500100063319,BEAM0101
-60.3616406271159,-31.5575300299607,40810546.793049,BEAM0101,40810546.793049,19640500100063519,BEAM0101
-60.2776004780192,-31.4838840877091,40810548.445945,BEAM0101,40810548.445945,19640500100063719,BEAM0101
-60.1933055118058,-31.4097833685655,40810550.1071201,BEAM0101,40810550.1071201,19640500100063919,BEAM0101
-60.1095214900032,-31.3360457199981,40810551.7599827,BEAM0101,40810551.7599827,19640500100064119,BEAM0101
-60.0249788304488,-31.2615316628104,40810553.4294148,BEAM0101,40810553.4294148,19640500100064319,BEAM0101
-59.9407367642863,-31.1869145957489,40810555.0988539,BEAM0101,40810555.0988539,19640500100064519,BEAM0101
-59.8575773773669,-31.1129632159179,40810556.7517145,BEAM0101,40810556.7517145,19640500100064719,BEAM0101
-59.7743903134637,-31.0389567568489,40810558.4046205,BEAM0101,40810558.4046205,19640500100064919,BEAM0101
-59.6890027242081,-30.9627337271471,40810560.1071156,BEAM0101,40810560.1071156,19640500100065119,BEAM0101
-59.6061192909467,-30.8886406625186,40810561.7599782,BEAM0101,40810561.7599782,19640500100065319,BEAM0101
-59.5233808322161,-30.8145125589411,40810563.4128823,BEAM0101,40810563.4128823,19640500100065519,BEAM0101
-59.4399046545719,-30.7395122475073,40810565.0823214,BEAM0101,40810565.0823214,19640500100065719,BEAM0101
-59.3573256603829,-30.665191594146,40810566.7351779,BEAM0101,40810566.7351779,19640500100065919,BEAM0101
-59.2750405373115,-30.5907580347047,40810568.388088,BEAM0101,40810568.388088,19640500100066119,BEAM0101
-59.1930405784664,-30.5162557081978,40810570.0409991,BEAM0101,40810570.0409991,19640500100066319,BEAM0101
-59.1102316113528,-30.4410182772718,40810571.7103826,BEAM0101,40810571.7103826,19640500100066519,BEAM0101
-59.0274828638357,-30.3657343504843,40810573.3798217,BEAM0101,40810573.3798217,19640500100066719,BEAM0101
-58.9455320538201,-30.2912460957687,40810575.0327328,BEAM0101,40810575.0327328,19640500100066919,BEAM0101
-58.8638625035601,-30.2165672901336,40810576.6855884,BEAM0101,40810576.6855884,19640500100067119,BEAM0101
-58.7807679970067,-30.1402770539439,40810578.3715554,BEAM0101,40810578.3715554,19640500100067319,BEAM0101
-58.698926550461,-30.0651823649277,40810580.0327305,BEAM0101,40810580.0327305,19640500100067519,BEAM0101
-58.6177480765796,-29.9902387331427,40810581.6855861,BEAM0101,40810581.6855861,19640500100067719,BEAM0101
-58.5366429051508,-29.9153529181841,40810583.3384971,BEAM0101,40810583.3384971,19640500100067919,BEAM0101
-58.4556355701598,-29.8403700843823,40810584.9914083,BEAM0101,40810584.9914083,19640500100068119,BEAM0101
-58.3739074951184,-29.764642870654,40810586.6607918,BEAM0101,40810586.6607918,19640500100068319,BEAM0101
-58.2922865310569,-29.6888782861921,40810588.3302309,BEAM0101,40810588.3302309,19640500100068519,BEAM0101
-58.2117733285608,-29.6135331806103,40810589.983142,BEAM0101,40810589.983142,19640500100068719,BEAM0101
-58.1298767996104,-29.5367808977591,40810591.6690535,BEAM0101,40810591.6690535,19640500100068919,BEAM0101
-58.0486913886088,-29.4608312811219,40810593.3384926,BEAM0101,40810593.3384926,19640500100069119,BEAM0101
-57.966811927663,-29.384061092402,40810595.0244597,BEAM0101,40810595.0244597,19640500100069319,BEAM0101
-57.8866751200715,-29.3086953619421,40810596.6773153,BEAM0101,40810596.6773153,19640500100069519,BEAM0101
-57.8066600901472,-29.2333361763707,40810598.3302263,BEAM0101,40810598.3302263,19640500100069719,BEAM0101
-57.7268095456619,-29.1578259745639,40810599.9831375,BEAM0101,40810599.9831375,19640500100069919,BEAM0101
-57.6466798517745,-29.0818899862602,40810601.644257,BEAM0101,40810601.644257,19640500100070119,BEAM0101
-57.5664534465642,-29.0054588992589,40810603.3136961,BEAM0101,40810603.3136961,19640500100070319,BEAM0101
-57.4870577181461,-28.9296872956873,40810604.9666072,BEAM0101,40810604.9666072,19640500100070519,BEAM0101
-57.4061787680156,-28.8524934589455,40810606.6525188,BEAM0101,40810606.6525188,19640500100070719,BEAM0101
-57.325250453051,-28.775270871785,40810608.3384858,BEAM0101,40810608.3384858,19640500100070919,BEAM0101
-57.246033505894,-28.6994561941797,40810609.9913969,BEAM0101,40810609.9913969,19640500100071119,BEAM0101
-57.1671222231286,-28.6235980293758,40810611.6442525,BEAM0101,40810611.6442525,19640500100071319,BEAM0101
-57.0884278136687,-28.547516163638,40810613.2971636,BEAM0101,40810613.2971636,19640500100071519,BEAM0101
-57.0089553520248,-28.4708002774403,40810614.9666027,BEAM0101,40810614.9666027,19640500100071719,BEAM0101
-56.9291358909304,-28.3936446053616,40810616.6442502,BEAM0101,40810616.6442502,19640500100071919,BEAM0101
-56.8506354783071,-28.3176213496763,40810618.2971613,BEAM0101,40810618.2971613,19640500100072119,BEAM0101
-56.772434792519,-28.2415083018141,40810619.9500698,BEAM0101,40810619.9500698,19640500100072319,BEAM0101
-56.6943441422244,-28.1654251444827,40810621.6029279,BEAM0101,40810621.6029279,19640500100072519,BEAM0101
-56.615481611229,-28.088456075664,40810623.272367,BEAM0101,40810623.272367,19640500100072719,BEAM0101
-56.5363345929081,-28.0109491816609,40810624.9500676,BEAM0101,40810624.9500676,19640500100072919,BEAM0101
-56.4584162915021,-27.9346893945207,40810626.6029257,BEAM0101,40810626.6029257,19640500100073119,BEAM0101
-56.3806478006927,-27.8582680729101,40810628.2558367,BEAM0101,40810628.2558367,19640500100073319,BEAM0101
-56.3029964119335,-27.781813307954,40810629.9087353,BEAM0101,40810629.9087353,19640500100073519,BEAM0101
-56.2238743644343,-27.7038126016737,40810631.5946594,BEAM0101,40810631.5946594,19640500100073719,BEAM0101
-56.1466389535324,-27.6270836002135,40810633.2475704,BEAM0101,40810633.2475704,19640500100073919,BEAM0101
-56.0686381475134,-27.5496470567288,40810634.916999,BEAM0101,40810634.916999,19640500100074119,BEAM0101
-55.9907138247663,-27.4721678061644,40810636.5863931,BEAM0101,40810636.5863931,19640500100074319,BEAM0101
-55.9136597895697,-27.3954376331541,40810638.2393042,BEAM0101,40810638.2393042,19640500100074519,BEAM0101
-55.8368004953158,-27.3185999062541,40810639.8921987,BEAM0101,40810639.8921987,19640500100074719,BEAM0101
-55.7591410650381,-27.2410325906999,40810641.5615988,BEAM0101,40810641.5615988,19640500100074919,BEAM0101
-55.6824018621623,-27.1641174370741,40810643.2145099,BEAM0101,40810643.2145099,19640500100075119,BEAM0101
-55.6059484918052,-27.0870669452581,40810644.8673984,BEAM0101,40810644.8673984,19640500100075319,BEAM0101
-55.529554444255,-27.0099949149008,40810646.5202765,BEAM0101,40810646.5202765,19640500100075519,BEAM0101
-55.4532127503008,-26.9328764411109,40810648.1731877,BEAM0101,40810648.1731877,19640500100075719,BEAM0101
-55.3769586425145,-26.8558162215545,40810649.8260662,BEAM0101,40810649.8260662,19640500100075919,BEAM0101
-55.3008073328233,-26.7786500179529,40810651.4789543,BEAM0101,40810651.4789543,19640500100076119,BEAM0101
-55.2247486431387,-26.7014282184924,40810653.1318654,BEAM0101,40810653.1318654,19640500100076319,BEAM0101
-55.1485365740747,-26.6237601343134,40810654.793,BEAM0101,40810654.793,19640500100076519,BEAM0101
-55.0727455127393,-26.5464115421388,40810656.4458961,BEAM0101,40810656.4458961,19640500100076719,BEAM0101
-54.9963424551468,-26.4682471969793,40810658.1153351,BEAM0101,40810658.1153351,19640500100076919,BEAM0101
-54.9208851671843,-26.3907502259822,40810659.7681997,BEAM0101,40810659.7681997,19640500100077119,BEAM0101
-54.8446245788543,-26.3125763143941,40810661.4376297,BEAM0101,40810661.4376297,19640500100077319,BEAM0101
-54.7692011272816,-26.2350594063128,40810663.0905408,BEAM0101,40810663.0905408,19640500100077519,BEAM0101
-54.6938194688328,-26.1575709826272,40810664.7433994,BEAM0101,40810664.7433994,19640500100077719,BEAM0101
-54.6183292812173,-26.0795833015056,40810666.4045715,BEAM0101,40810666.4045715,19640500100077919,BEAM0101
-54.5429072228012,-26.0014782583937,40810668.0657466,BEAM0101,40810668.0657466,19640500100078119,BEAM0101
-54.4680017384665,-25.9237419577304,40810669.7186022,BEAM0101,40810669.7186022,19640500100078319,BEAM0101
-54.3925086018379,-25.8451798558003,40810671.3880412,BEAM0101,40810671.3880412,19640500100078519,BEAM0101
-54.3177683376704,-25.7674278693887,40810673.0409523,BEAM0101,40810673.0409523,19640500100078719,BEAM0101
-54.2432315385651,-25.6895075641883,40810674.6938079,BEAM0101,40810674.6938079,19640500100078919,BEAM0101
-54.1687058980082,-25.6116423996498,40810676.3467189,BEAM0101,40810676.3467189,19640500100079119,BEAM0101
-54.0934937264081,-25.5329775032528,40810678.0161581,BEAM0101,40810678.0161581,19640500100079319,BEAM0101
-54.0183512365178,-25.4542431769519,40810679.6855416,BEAM0101,40810679.6855416,19640500100079519,BEAM0101
-53.9441868548857,-25.3762235258884,40810681.3384527,BEAM0101,40810681.3384527,19640500100079719,BEAM0101
-53.8694758572488,-25.2973362214387,40810683.0078918,BEAM0101,40810683.0078918,19640500100079919,BEAM0101
-53.7955561285844,-25.2191516583886,40810684.6607473,BEAM0101,40810684.6607473,19640500100080119,BEAM0101
-53.7211674532308,-25.1406867510014,40810686.3219224,BEAM0101,40810686.3219224,19640500100080319,BEAM0101
-53.6459519524224,-25.0609744125722,40810688.0078895,BEAM0101,40810688.0078895,19640500100080519,BEAM0101
-53.5722213409192,-24.9826938588582,40810689.660745,BEAM0101,40810689.660745,19640500100080719,BEAM0101
-53.4987778694755,-24.9043044310471,40810691.3136561,BEAM0101,40810691.3136561,19640500100080919,BEAM0101
-53.4253791215724,-24.825889541226,40810692.9665672,BEAM0101,40810692.9665672,19640500100081119,BEAM0101
-53.3512120082569,-24.7466944987654,40810694.6359508,BEAM0101,40810694.6359508,19640500100081319,BEAM0101
-53.2778952645659,-24.6682563253287,40810696.2888618,BEAM0101,40810696.2888618,19640500100081519,BEAM0101
-53.2046985439918,-24.5898031244866,40810697.9417684,BEAM0101,40810697.9417684,19640500100081719,BEAM0101
-53.131388459793,-24.5107804792734,40810699.6028925,BEAM0101,40810699.6028925,19640500100081919,BEAM0101
-53.0578402754812,-24.4312719684415,40810701.2723316,BEAM0101,40810701.2723316,19640500100082119,BEAM0101
-52.9849648707093,-24.3526058051083,40810702.9252342,BEAM0101,40810702.9252342,19640500100082319,BEAM0101
-52.91216563567,-24.2739799341104,40810704.5780983,BEAM0101,40810704.5780983,19640500100082519,BEAM0101
-52.8394449822755,-24.1952900509741,40810706.2310094,BEAM0101,40810706.2310094,19640500100082719,BEAM0101
-52.7653886717011,-24.1149968125331,40810707.9169659,BEAM0101,40810707.9169659,19640500100082919,BEAM0101
-52.6923458872115,-24.0353357093486,40810709.58636,BEAM0101,40810709.58636,19640500100083119,BEAM0101
-52.6189051985267,-23.9553486228625,40810711.2640631,BEAM0101,40810711.2640631,19640500100083319,BEAM0101
-52.5466741923248,-23.8764276489118,40810712.9169636,BEAM0101,40810712.9169636,19640500100083519,BEAM0101
-52.4741419700045,-23.797124491829,40810714.5780937,BEAM0101,40810714.5780937,19640500100083719,BEAM0101
-52.4019708743976,-23.7182016180486,40810716.2310048,BEAM0101,40810716.2310048,19640500100083919,BEAM0101
-52.3298524989652,-23.6392298886576,40810717.8838973,BEAM0101,40810717.8838973,19640500100084119,BEAM0101
-52.2579929509999,-23.5601324201341,40810719.5367714,BEAM0101,40810719.5367714,19640500100084319,BEAM0101
-52.1862102254411,-23.4810336201304,40810721.1896825,BEAM0101,40810721.1896825,19640500100084519,BEAM0101
-52.113875349195,-23.4011351273765,40810722.859097,BEAM0101,40810722.859097,19640500100084719,BEAM0101
-52.041552104778,-23.3211756861726,40810724.5285051,BEAM0101,40810724.5285051,19640500100084919,BEAM0101
-51.9694033718154,-23.24111934108,40810726.1979443,BEAM0101,40810726.1979443,19640500100085119,BEAM0101
-51.8979585691112,-23.1619120170823,40810727.8508288,BEAM0101,40810727.8508288,19640500100085319,BEAM0101
-51.8265645726148,-23.0826579441674,40810729.5037109,BEAM0101,40810729.5037109,19640500100085519,BEAM0101
-51.7552602074259,-23.0033332617794,40810731.156622,BEAM0101,40810731.156622,19640500100085719,BEAM0101
-51.6831136730253,-22.922812642652,40810732.8342946,BEAM0101,40810732.8342946,19640500100085919,BEAM0101
-51.612104320908,-22.8433063214924,40810734.4871806,BEAM0101,40810734.4871806,19640500100086119,BEAM0101
-51.5411322615481,-22.7638542577885,40810736.1400917,BEAM0101,40810736.1400917,19640500100086319,BEAM0101
-51.4702403328508,-22.6844363076484,40810737.7929623,BEAM0101,40810737.7929623,19640500100086519,BEAM0101
-51.3994265156206,-22.6049435891321,40810739.4458584,BEAM0101,40810739.4458584,19640500100086719,BEAM0101
-51.327725667158,-22.5241686795409,40810741.1235615,BEAM0101,40810741.1235615,19640500100086919,BEAM0101
-51.2571715755714,-22.444496437316,40810742.776428,BEAM0101,40810742.776428,19640500100087119,BEAM0101
-51.1866462842762,-22.3648762451319,40810744.4293281,BEAM0101,40810744.4293281,19640500100087319,BEAM0101
-51.1162995252943,-22.2851680530878,40810746.0822392,BEAM0101,40810746.0822392,19640500100087519,BEAM0101
-51.0459325718837,-22.2054501568436,40810747.7350957,BEAM0101,40810747.7350957,19640500100087719,BEAM0101
-50.9749292837668,-22.1249270680292,40810749.4045338,BEAM0101,40810749.4045338,19640500100087919,BEAM0101
-50.9043578331505,-22.0447729070147,40810751.0657089,BEAM0101,40810751.0657089,19640500100088119,BEAM0101
-50.8338824487212,-21.9645510796515,40810752.7268284,BEAM0101,40810752.7268284,19640500100088319,BEAM0101
-50.7632418210108,-21.8838950228615,40810754.3962676,BEAM0101,40810754.3962676,19640500100088519,BEAM0101
-50.6930813312974,-21.8035475461898,40810756.0574427,BEAM0101,40810756.0574427,19640500100088719,BEAM0101
-50.6224589124196,-21.7228835782108,40810757.7268262,BEAM0101,40810757.7268262,19640500100088919,BEAM0101
-50.5522868011891,-21.6425586661879,40810759.3880013,BEAM0101,40810759.3880013,19640500100089119,BEAM0101
-50.4819266167018,-21.5618067242729,40810761.0574403,BEAM0101,40810761.0574403,19640500100089319,BEAM0101
-50.4116812188934,-21.4809543062569,40810762.7268239,BEAM0101,40810762.7268239,19640500100089519,BEAM0101
-50.3423261538899,-21.4007864686583,40810764.379735,BEAM0101,40810764.379735,19640500100089719,BEAM0101
-50.2721868188793,-21.3198881875502,40810766.0491741,BEAM0101,40810766.0491741,19640500100089919,BEAM0101
-50.2028723439741,-21.2397384182258,40810767.7020297,BEAM0101,40810767.7020297,19640500100090119,BEAM0101
-50.1328599530863,-21.1588961397739,40810769.3714688,BEAM0101,40810769.3714688,19640500100090319,BEAM0101
-50.063619626734,-21.0787258651126,40810771.0243798,BEAM0101,40810771.0243798,19640500100090519,BEAM0101
-49.9946621322869,-20.9984023247983,40810772.6772353,BEAM0101,40810772.6772353,19640500100090719,BEAM0101
-49.9243135959947,-20.9165545473741,40810774.3632025,BEAM0101,40810774.3632025,19640500100090919,BEAM0101
-49.8544295321591,-20.8349717155755,40810776.0409056,BEAM0101,40810776.0409056,19640500100091119,BEAM0101
-49.7855293026376,-20.7546496578524,40810777.6937611,BEAM0101,40810777.6937611,19640500100091319,BEAM0101
-49.7157059404063,-20.673121041176,40810779.3714642,BEAM0101,40810779.3714642,19640500100091519,BEAM0101
-49.6470721033218,-20.5926793983021,40810781.0243753,BEAM0101,40810781.0243753,19640500100091719,BEAM0101
-49.5785401381479,-20.5121735637791,40810782.6772309,BEAM0101,40810782.6772309,19640500100091919,BEAM0101
-49.5086733913554,-20.4300978290695,40810784.3631979,BEAM0101,40810784.3631979,19640500100092119,BEAM0101
-49.4401900486389,-20.3495788929346,40810786.016109,BEAM0101,40810786.016109,19640500100092319,BEAM0101
-49.371763485735,-20.2690567110136,40810787.6689645,BEAM0101,40810787.6689645,19640500100092519,BEAM0101
-49.3034151344469,-20.1884979860486,40810789.3218756,BEAM0101,40810789.3218756,19640500100092719,BEAM0101
-49.2352461419457,-20.1078864588228,40810790.9747868,BEAM0101,40810790.9747868,19640500100092919,BEAM0101
-49.1672037296386,-20.0272118121927,40810792.6276423,BEAM0101,40810792.6276423,19640500100093119,BEAM0101
-49.0990979590767,-19.9465385840926,40810794.2805534,BEAM0101,40810794.2805534,19640500100093319,BEAM0101
-49.0310720893666,-19.8658648214748,40810795.9334579,BEAM0101,40810795.9334579,19640500100093519,BEAM0101
-48.9618714207073,-19.783515802449,40810797.619376,BEAM0101,40810797.619376,19640500100093719,BEAM0101
-48.8934677399754,-19.7018176426199,40810799.2888151,BEAM0101,40810799.2888151,19640500100093919,BEAM0101
-48.8250074456085,-19.6202257910085,40810800.9582536,BEAM0101,40810800.9582536,19640500100094119,BEAM0101
-48.7569697856227,-19.5390813968542,40810802.6193738,BEAM0101,40810802.6193738,19640500100094319,BEAM0101
-48.6880356946884,-19.4565643407944,40810804.3053409,BEAM0101,40810804.3053409,19640500100094519,BEAM0101
-48.619575842381,-19.374370560209,40810805.9830439,BEAM0101,40810805.9830439,19640500100094719,BEAM0101
-48.5514226870115,-19.2926825808164,40810807.6524275,BEAM0101,40810807.6524275,19640500100094919,BEAM0101
-48.4839695234928,-19.2117556574515,40810809.3053385,BEAM0101,40810809.3053385,19640500100095119,BEAM0101
-48.4158932313259,-19.1300201119175,40810810.9747776,BEAM0101,40810810.9747776,19640500100095319,BEAM0101
-48.3487733208634,-19.0489564309763,40810812.6276332,BEAM0101,40810812.6276332,19640500100095519,BEAM0101
-48.2814305356896,-18.967477739089,40810814.2888083,BEAM0101,40810814.2888083,19640500100095719,BEAM0101
-48.2137341069702,-18.8856881235099,40810815.9582469,BEAM0101,40810815.9582469,19640500100095919,BEAM0101
-48.146432519951,-18.8042057940424,40810817.619367,BEAM0101,40810817.619367,19640500100096119,BEAM0101
-48.0791206789155,-18.722738136464,40810819.280542,BEAM0101,40810819.280542,19640500100096319,BEAM0101
-48.0119506182629,-18.6412290581911,40810820.9417126,BEAM0101,40810820.9417126,19640500100096519,BEAM0101
-47.944555918781,-18.5591462953644,40810822.6111006,BEAM0101,40810822.6111006,19640500100096719,BEAM0101
-47.8770817499084,-18.4771535787108,40810824.2805398,BEAM0101,40810824.2805398,19640500100096919,BEAM0101
-47.809414976402,-18.3947056808361,40810825.9582423,BEAM0101,40810825.9582423,19640500100097119,BEAM0101
-47.7428865917687,-18.3134549821943,40810827.6110984,BEAM0101,40810827.6110984,19640500100097319,BEAM0101
-47.675731776108,-18.2312593489302,40810829.2805375,BEAM0101,40810829.2805375,19640500100097519,BEAM0101
-47.6080040968679,-18.1482587685644,40810830.9665046,BEAM0101,40810830.9665046,19640500100097719,BEAM0101
-47.5409348043041,-18.0660948921836,40810832.6358881,BEAM0101,40810832.6358881,19640500100097919,BEAM0101
-47.4746194593767,-17.9846513554387,40810834.2887992,BEAM0101,40810834.2887992,19640500100098119,BEAM0101
-47.4084239760052,-17.9031495387576,40810835.9417057,BEAM0101,40810835.9417057,19640500100098319,BEAM0101
-47.341198926398,-17.8204625792018,40810837.6193578,BEAM0101,40810837.6193578,19640500100098519,BEAM0101
-47.2744267692579,-17.7381332225632,40810839.2887969,BEAM0101,40810839.2887969,19640500100098719,BEAM0101
-47.207107737732,-17.6549496203176,40810840.974764,BEAM0101,40810840.974764,19640500100098919,BEAM0101
-47.14052799309,-17.5724919659337,40810842.6441476,BEAM0101,40810842.6441476,19640500100099119,BEAM0101
-47.0745456004058,-17.490901015664,40810844.2970586,BEAM0101,40810844.2970586,19640500100099319,BEAM0101
-47.0086569617585,-17.4092515473748,40810845.9499672,BEAM0101,40810845.9499672,19640500100099519,BEAM0101
-46.9421584494461,-17.3268050738539,40810847.6193533,BEAM0101,40810847.6193533,19640500100099719,BEAM0101
-46.8763662875956,-17.2451852926242,40810849.2722644,BEAM0101,40810849.2722644,19640500100099919,BEAM0101
-46.8100121625493,-17.1626521789228,40810850.941699,BEAM0101,40810850.941699,19640500100100119,BEAM0101
-46.7444941469602,-17.0808070090211,40810852.594559,BEAM0101,40810852.594559,19640500100100319,BEAM0101
-46.6776189323451,-16.9974170009954,40810854.2805261,BEAM0101,40810854.2805261,19640500100100519,BEAM0101
-46.6121237214616,-16.9156105623914,40810855.9334306,BEAM0101,40810855.9334306,19640500100100719,BEAM0101
-46.5447941468002,-16.8312498162159,40810857.6358767,BEAM0101,40810857.6358767,19640500100100919,BEAM0101
-46.4787335129455,-16.7486613320908,40810859.3053159,BEAM0101,40810859.3053159,19640500100101119,BEAM0101
-46.4120595842235,-16.6651589308131,40810860.991283,BEAM0101,40810860.991283,19640500100101319,BEAM0101
-46.3462333661173,-16.5824640045397,40810862.6606665,BEAM0101,40810862.6606665,19640500100101519,BEAM0101
-46.2811224859326,-16.5004915104183,40810864.3135776,BEAM0101,40810864.3135776,19640500100101719,BEAM0101
-46.2153488284722,-16.4177317926961,40810865.9830166,BEAM0101,40810865.9830166,19640500100101919,BEAM0101
-46.1495963541138,-16.334908865553,40810867.6524002,BEAM0101,40810867.6524002,19640500100102119,BEAM0101
-46.0845624618313,-16.2528653657617,40810869.3053113,BEAM0101,40810869.3053113,19640500100102319,BEAM0101
-46.0197742160336,-16.1707266206369,40810870.9582219,BEAM0101,40810870.9582219,19640500100102519,BEAM0101
-45.9548811083259,-16.0886367481718,40810872.611078,BEAM0101,40810872.611078,19640500100102719,BEAM0101
-45.8900096119685,-16.006631288552,40810874.2639891,BEAM0101,40810874.2639891,19640500100102919,BEAM0101
-45.8251992059192,-15.9245052875354,40810875.9168896,BEAM0101,40810875.9168896,19640500100103119,BEAM0101
-45.7604732162493,-15.8423814464239,40810877.5697557,BEAM0101,40810877.5697557,19640500100103319,BEAM0101
-45.6958043639891,-15.7602572814392,40810879.2226667,BEAM0101,40810879.2226667,19640500100103519,BEAM0101
-45.6312358698892,-15.6780449219935,40810880.8755573,BEAM0101,40810880.8755573,19640500100103719,BEAM0101
-45.5666984674554,-15.595810308389,40810882.5284334,BEAM0101,40810882.5284334,19640500100103919,BEAM0101
-45.5022816614438,-15.5135535248518,40810884.1813445,BEAM0101,40810884.1813445,19640500100104119,BEAM0101
-45.4371771329684,-15.4305143278157,40810885.850757,BEAM0101,40810885.850757,19640500100104319,BEAM0101
-45.3727626601857,-15.348239625309,40810887.5036391,BEAM0101,40810887.5036391,19640500100104519,BEAM0101
-45.3078759409288,-15.2650776491088,40810889.1730782,BEAM0101,40810889.1730782,19640500100104719,BEAM0101
-45.2427536858114,-15.1819833470206,40810890.8507548,BEAM0101,40810890.8507548,19640500100104919,BEAM0101
-45.1777168411741,-15.0984041278494,40810892.5201648,BEAM0101,40810892.5201648,19640500100105119,BEAM0101
-45.1129948778104,-15.0151971663563,40810894.189604,BEAM0101,40810894.189604,19640500100105319,BEAM0101
-45.0491366771324,-14.933212922916,40810895.8424865,BEAM0101,40810895.8424865,19640500100105519,BEAM0101
-44.984931095561,-14.8502972522906,40810897.4953706,BEAM0101,40810897.4953706,19640500100105719,BEAM0101
-44.9203033027969,-14.7670439221104,40810899.1648097,BEAM0101,40810899.1648097,19640500100105919,BEAM0101
-44.8557236460744,-14.6837590835847,40810900.8342182,BEAM0101,40810900.8342182,19640500100106119,BEAM0101
-44.7918175589578,-14.6012657334175,40810902.4871043,BEAM0101,40810902.4871043,19640500100106319,BEAM0101
-44.7267455126187,-14.5170693008234,40810904.1730714,BEAM0101,40810904.1730714,19640500100106519,BEAM0101
-44.6630156248038,-14.4345257639113,40810905.82595,BEAM0101,40810905.82595,19640500100106719,BEAM0101
-44.5992741037516,-14.3519448649983,40810907.478838,BEAM0101,40810907.478838,19640500100106919,BEAM0101
-44.5356264618545,-14.2693404580469,40810909.1317492,BEAM0101,40810909.1317492,19640500100107119,BEAM0101
-44.4714744782103,-14.1859052351586,40810910.8011497,BEAM0101,40810910.8011497,19640500100107319,BEAM0101
-44.4078802614683,-14.1033134093354,40810912.4540438,BEAM0101,40810912.4540438,19640500100107519,BEAM0101
-44.3436450261367,-14.0198944419724,40810914.1234829,BEAM0101,40810914.1234829,19640500100107719,BEAM0101
-44.2795710026635,-13.9364170736379,40810915.7928814,BEAM0101,40810915.7928814,19640500100107919,BEAM0101
-44.2161940821509,-13.8537154461304,40810917.4457775,BEAM0101,40810917.4457775,19640500100108119,BEAM0101
-44.1528212133596,-13.7710261973213,40810919.0986886,BEAM0101,40810919.0986886,19640500100108319,BEAM0101
-44.0895511907257,-13.6882675836403,40810920.7515491,BEAM0101,40810920.7515491,19640500100108519,BEAM0101
-44.0250352795142,-13.6038584977038,40810922.4375112,BEAM0101,40810922.4375112,19640500100108719,BEAM0101
-43.9605195942897,-13.5194096740161,40810924.1234783,BEAM0101,40810924.1234783,19640500100108919,BEAM0101
-43.8973317436459,-13.4366234603106,40810925.7763449,BEAM0101,40810925.7763449,19640500100109119,BEAM0101
-43.8341926833098,-13.3538105888095,40810927.429245,BEAM0101,40810927.429245,19640500100109319,BEAM0101
-43.7711218339249,-13.2709459235292,40810929.0821561,BEAM0101,40810929.0821561,19640500100109519,BEAM0101
-43.7068938688986,-13.1864102440947,40810930.7680766,BEAM0101,40810930.7680766,19640500100109719,BEAM0101
-43.6439237320056,-13.1035298449915,40810932.4209786,BEAM0101,40810932.4209786,19640500100109919,BEAM0101
-43.5796926231408,-13.0190063426113,40810934.1069458,BEAM0101,40810934.1069458,19640500100110119,BEAM0101
-43.5161781367282,-12.935273582678,40810935.7763403,BEAM0101,40810935.7763403,19640500100110319,BEAM0101
-43.4532999759805,-12.8523817135801,40810937.4292404,BEAM0101,40810937.4292404,19640500100110519,BEAM0101
-43.3898572243284,-12.7686093467329,40810939.0986795,BEAM0101,40810939.0986795,19640500100110719,BEAM0101
-43.3271706511904,-12.685590905776,40810940.7515401,BEAM0101,40810940.7515401,19640500100110919,BEAM0101
-43.2644715391433,-12.6025731363986,40810942.4044461,BEAM0101,40810942.4044461,19640500100111119,BEAM0101
-43.2005670550084,-12.5178950317866,40810944.0904132,BEAM0101,40810944.0904132,19640500100111319,BEAM0101
-43.1372374223498,-12.4341556091461,40810945.7598037,BEAM0101,40810945.7598037,19640500100111519,BEAM0101
-43.0746787849157,-12.3511015812489,40810947.4127078,BEAM0101,40810947.4127078,19640500100111719,BEAM0101
-43.0118590175809,-12.2675872583379,40810949.073883,BEAM0101,40810949.073883,19640500100111919,BEAM0101
-42.9494585633661,-12.1845401479901,40810950.7267385,BEAM0101,40810950.7267385,19640500100112119,BEAM0101
-42.8869771825075,-12.1012949982954,40810952.3796496,BEAM0101,40810952.3796496,19640500100112319,BEAM0101
-42.8245601918365,-12.018225417458,40810954.0325606,BEAM0101,40810954.0325606,19640500100112519,BEAM0101
-42.7622069884781,-11.935190762686,40810955.6854162,BEAM0101,40810955.6854162,19640500100112719,BEAM0101
-42.6998517119262,-11.8519815609338,40810957.3383273,BEAM0101,40810957.3383273,19640500100112919,BEAM0101
-42.6363096197377,-11.7671548305001,40810959.0242944,BEAM0101,40810959.0242944,19640500100113119,BEAM0101
-42.5740882464445,-11.6840037123643,40810960.67715,BEAM0101,40810960.67715,19640500100113319,BEAM0101
-42.5119749705341,-11.6008148616973,40810962.330061,BEAM0101,40810962.330061,19640500100113519,BEAM0101
-42.4488716969015,-11.5162900599224,40810964.0077641,BEAM0101,40810964.0077641,19640500100113719,BEAM0101
-42.3867263776458,-11.4330366562894,40810965.6606196,BEAM0101,40810965.6606196,19640500100113919,BEAM0101
-42.3233785780583,-11.3480699695197,40810967.3465868,BEAM0101,40810967.3465868,19640500100114119,BEAM0101
-42.2607421342202,-11.2640058770752,40810969.0160259,BEAM0101,40810969.0160259,19640500100114319,BEAM0101
-42.1975107324477,-11.1790287592514,40810970.7019374,BEAM0101,40810970.7019374,19640500100114519,BEAM0101
-42.1349890172273,-11.0949160284078,40810972.3713765,BEAM0101,40810972.3713765,19640500100114719,BEAM0101
-42.0724743728608,-11.0107327249531,40810974.0408155,BEAM0101,40810974.0408155,19640500100114919,BEAM0101
-42.0106081302691,-10.9274139592568,40810975.6936711,BEAM0101,40810975.6936711,19640500100115119,BEAM0101
-41.9481926576431,-10.8432320089066,40810977.3631102,BEAM0101,40810977.3631102,19640500100115319,BEAM0101
-41.885517374063,-10.7586008610263,40810979.0408133,BEAM0101,40810979.0408133,19640500100115519,BEAM0101
-41.8237383311127,-10.675236780285,40810980.6936688,BEAM0101,40810980.6936688,19640500100115719,BEAM0101
-41.7620129204942,-10.5918658558585,40810982.3465799,BEAM0101,40810982.3465799,19640500100115919,BEAM0101
-41.7003826825337,-10.50847180918,40810983.999491,BEAM0101,40810983.999491,19640500100116119,BEAM0101
-41.6387846956821,-10.4250001965553,40810985.6523465,BEAM0101,40810985.6523465,19640500100116319,BEAM0101
-41.5759887108736,-10.3399562853056,40810987.3383136,BEAM0101,40810987.3383136,19640500100116519,BEAM0101
-41.5138613000398,-10.2556190446325,40810989.0077527,BEAM0101,40810989.0077527,19640500100116719,BEAM0101
-41.4510351979225,-10.1704586071923,40810990.6936643,BEAM0101,40810990.6936643,19640500100116919,BEAM0101
-41.3894654384059,-10.0869349247182,40810992.3465754,BEAM0101,40810992.3465754,19640500100117119,BEAM0101
-41.3279861750967,-10.0034533233473,40810993.9994864,BEAM0101,40810993.9994864,19640500100117319,BEAM0101
-41.2665489939612,-9.91989840523557,40810995.652342,BEAM0101,40810995.652342,19640500100117519,BEAM0101
-41.2051905295948,-9.83633026543126,40810997.3052531,BEAM0101,40810997.3052531,19640500100117719,BEAM0101
-41.1426855850096,-9.75098204061208,40810998.9912202,BEAM0101,40810998.9912202,19640500100117919,BEAM0101
-41.0813593588729,-9.66743245254046,40811000.6440757,BEAM0101,40811000.6440757,19640500100118119,BEAM0101
-41.0200367578844,-9.58385840408051,40811002.2969868,BEAM0101,40811002.2969868,19640500100118319,BEAM0101
-40.9587419877294,-9.50023895670775,40811003.9498954,BEAM0101,40811003.9498954,19640500100118519,BEAM0101
-40.8974913613744,-9.41663112424014,40811005.6027535,BEAM0101,40811005.6027535,19640500100118719,BEAM0101
-40.8359968390521,-9.33257128101262,40811007.2639285,BEAM0101,40811007.2639285,19640500100118919,BEAM0101
-40.7742522379401,-9.24803536669468,40811008.9333611,BEAM0101,40811008.9333611,19640500100119119,BEAM0101
-40.7125492918516,-9.1635082110445,40811010.6027512,BEAM0101,40811010.6027512,19640500100119319,BEAM0101
-40.6508209764485,-9.07899921368466,40811012.2721903,BEAM0101,40811012.2721903,19640500100119519,BEAM0101
-40.5897259709813,-8.9952955740931,40811013.9250929,BEAM0101,40811013.9250929,19640500100119719,BEAM0101
-40.5287360871462,-8.91159550531252,40811015.5779569,BEAM0101,40811015.5779569,19640500100119919,BEAM0101
-40.4677512314201,-8.82783165251007,40811017.230868,BEAM0101,40811017.230868,19640500100120119,BEAM0101
-40.406491615406,-8.74368800578674,40811018.8920266,BEAM0101,40811018.8920266,19640500100120319,BEAM0101
-40.3449122468424,-8.65909955534277,40811020.5614266,BEAM0101,40811020.5614266,19640500100120519,BEAM0101
-40.2833686855442,-8.57456756072594,40811022.2308657,BEAM0101,40811022.2308657,19640500100120719,BEAM0101
-40.2224365965709,-8.49083799483374,40811023.8837583,BEAM0101,40811023.8837583,19640500100120919,BEAM0101
-40.1611621001087,-8.40652737740705,40811025.5531603,BEAM0101,40811025.5531603,19640500100121119,BEAM0101
-40.1003456004813,-8.32273321162915,40811027.2060715,BEAM0101,40811027.2060715,19640500100121319,BEAM0101
-40.0394766248576,-8.23846370166013,40811028.858958,BEAM0101,40811028.858958,19640500100121519,BEAM0101
-39.9774959028189,-8.15322853169115,40811030.5448941,BEAM0101,40811030.5448941,19640500100121719,BEAM0101
-39.9161310811593,-8.0683145656005,40811032.2143332,BEAM0101,40811032.2143332,19640500100121919,BEAM0101
-39.8554210869099,-7.98477809306836,40811033.8672218,BEAM0101,40811033.8672218,19640500100122119,BEAM0101
-39.7945485732869,-7.90063842967888,40811035.5283638,BEAM0101,40811035.5283638,19640500100122319,BEAM0101
-39.7331760603978,-7.8155078981949,40811037.1978029,BEAM0101,40811037.1978029,19640500100122519,BEAM0101
-39.6719703907941,-7.73096369151979,40811038.8672194,BEAM0101,40811038.8672194,19640500100122719,BEAM0101
-39.6101888519088,-7.6454922989358,40811040.5531536,BEAM0101,40811040.5531536,19640500100122919,BEAM0101
-39.5495081857282,-7.56134213018497,40811042.2060646,BEAM0101,40811042.2060646,19640500100123119,BEAM0101
-39.4884233998239,-7.47698567624646,40811043.8754832,BEAM0101,40811043.8754832,19640500100123319,BEAM0101
-39.4275125779984,-7.39239659846938,40811045.5366232,BEAM0101,40811045.5366232,19640500100123519,BEAM0101
-39.3670986068652,-7.30841153040054,40811047.1895344,BEAM0101,40811047.1895344,19640500100123719,BEAM0101
-39.3065911139685,-7.22451518229105,40811048.8424169,BEAM0101,40811048.8424169,19640500100123919,BEAM0101
-39.2460931348743,-7.14061260714557,40811050.495301,BEAM0101,40811050.495301,19640500100124119,BEAM0101
-39.1856509220823,-7.05661987127544,40811052.1482121,BEAM0101,40811052.1482121,19640500100124319,BEAM0101
-39.1245727965664,-6.9716137892878,40811053.8176167,BEAM0101,40811053.8176167,19640500100124519,BEAM0101
-39.0641794380976,-6.88760911714912,40811055.4705067,BEAM0101,40811055.4705067,19640500100124719,BEAM0101
-39.0033507974239,-6.80299469868384,40811057.1399458,BEAM0101,40811057.1399458,19640500100124919,BEAM0101
-38.9423145120541,-6.7178742767159,40811058.8093484,BEAM0101,40811058.8093484,19640500100125119,BEAM0101
-38.8813487535013,-6.633018788531,40811060.4787685,BEAM0101,40811060.4787685,19640500100125319,BEAM0101
-38.8211031523026,-6.54901131684847,40811062.1316795,BEAM0101,40811062.1316795,19640500100125519,BEAM0101
-38.7607802522103,-6.46499052194876,40811063.7845481,BEAM0101,40811063.7845481,19640500100125719,BEAM0101
-38.6999396543926,-6.38010275062474,40811065.4539741,BEAM0101,40811065.4539741,19640500100125919,BEAM0101
-38.639708967226,-6.29613640273318,40811067.1068852,BEAM0101,40811067.1068852,19640500100126119,BEAM0101
-38.5794964004842,-6.21201719848484,40811068.7597478,BEAM0101,40811068.7597478,19640500100126319,BEAM0101
-38.519367221445,-6.12791179924445,40811070.4126519,BEAM0101,40811070.4126519,19640500100126519,BEAM0101
-38.4585864408289,-6.0429820470054,40811072.082091,BEAM0101,40811072.082091,19640500100126719,BEAM0101
-38.3978533506931,-5.95797985231802,40811073.7514795,BEAM0101,40811073.7514795,19640500100126919,BEAM0101
-38.3367288493846,-5.87269717872395,40811075.4291776,BEAM0101,40811075.4291776,19640500100127119,BEAM0101
-38.2766500135175,-5.78858582679654,40811077.0820887,BEAM0101,40811077.0820887,19640500100127319,BEAM0101
-38.2156606717929,-5.70319736760262,40811078.7597433,BEAM0101,40811078.7597433,19640500100127519,BEAM0101
-38.1556410735113,-5.61902056301579,40811080.4126474,BEAM0101,40811080.4126474,19640500100127719,BEAM0101
-38.0955660175064,-5.53495668418591,40811082.0655585,BEAM0101,40811082.0655585,19640500100127919,BEAM0101
-38.0355533865686,-5.45074361630898,40811083.7184139,BEAM0101,40811083.7184139,19640500100128119,BEAM0101
-37.9755859527795,-5.36661343005607,40811085.3713251,BEAM0101,40811085.3713251,19640500100128319,BEAM0101
-37.9155112786273,-5.2824498861707,40811087.0242362,BEAM0101,40811087.0242362,19640500100128519,BEAM0101
-37.8555707486627,-5.19827480244731,40811088.6770917,BEAM0101,40811088.6770917,19640500100128719,BEAM0101
-37.7955876903974,-5.11413282250943,40811090.3300028,BEAM0101,40811090.3300028,19640500100128919,BEAM0101
-37.7356560217716,-5.02993541252723,40811091.9829138,BEAM0101,40811091.9829138,19640500100129119,BEAM0101
-37.6757028818464,-4.94579830744585,40811093.6357694,BEAM0101,40811093.6357694,19640500100129319,BEAM0101
-37.6149358649622,-4.86027510939082,40811095.3134725,BEAM0101,40811095.3134725,19640500100129519,BEAM0101
-37.5544744164986,-4.77526169435188,40811096.9829116,BEAM0101,40811096.9829116,19640500100129719,BEAM0101
-37.4940065113885,-4.69016942829877,40811098.6522952,BEAM0101,40811098.6522952,19640500100129919,BEAM0101
-37.4341976668323,-4.60595320822485,40811100.3052062,BEAM0101,40811100.3052062,19640500100130119,BEAM0101
-37.374255982183,-4.52179763069747,40811101.9581168,BEAM0101,40811101.9581168,19640500100130319,BEAM0101
-37.3142274945687,-4.43737384643227,40811103.6192368,BEAM0101,40811103.6192368,19640500100130519,BEAM0101
-37.2536958907826,-4.35205726829123,40811105.288676,BEAM0101,40811105.288676,19640500100130719,BEAM0101
-37.1933110648772,-4.26696532904525,40811106.9581145,BEAM0101,40811106.9581145,19640500100130919,BEAM0101
-37.1335723686404,-4.18304261360275,40811108.6109706,BEAM0101,40811108.6109706,19640500100131119,BEAM0101
-37.0738263082659,-4.09844288623027,40811110.2638817,BEAM0101,40811110.2638817,19640500100131319,BEAM0101
-37.0140230803066,-4.01416849310232,40811111.9167822,BEAM0101,40811111.9167822,19640500100131519,BEAM0101
-36.9537141235575,-3.92908763324484,40811113.5861763,BEAM0101,40811113.5861763,19640500100131719,BEAM0101
-36.8934570533322,-3.84389769107948,40811115.2556154,BEAM0101,40811115.2556154,19640500100131919,BEAM0101
-36.8331539339387,-3.75881198119474,40811116.925046,BEAM0101,40811116.925046,19640500100132119,BEAM0101
-36.773414629757,-3.67455170318235,40811118.5779101,BEAM0101,40811118.5779101,19640500100132319,BEAM0101
-36.7137197042426,-3.5902880363421,40811120.2308212,BEAM0101,40811120.2308212,19640500100132519,BEAM0101
-36.6540574973461,-3.50600696467875,40811121.8837137,BEAM0101,40811121.8837137,19640500100132719,BEAM0101
-36.5936839540755,-3.42090204064482,40811123.5531158,BEAM0101,40811123.5531158,19640500100132919,BEAM0101
-36.5343448295613,-3.33746622118949,40811125.2060268,BEAM0101,40811125.2060268,19640500100133119,BEAM0101
-36.47330832826,-3.25051112886246,40811126.8919774,BEAM0101,40811126.8919774,19640500100133319,BEAM0101
-36.4136616174429,-3.16627716807694,40811128.5448495,BEAM0101,40811128.5448495,19640500100133519,BEAM0101
-36.3539853021412,-3.08198207213544,40811130.1977606,BEAM0101,40811130.1977606,19640500100133719,BEAM0101
-36.2939340769318,-2.99705070106119,40811131.8671771,BEAM0101,40811131.8671771,19640500100133919,BEAM0101
-36.2342128639452,-2.91246716351284,40811133.5200552,BEAM0101,40811133.5200552,19640500100134119,BEAM0101
-36.1745916857426,-2.82814056530394,40811135.1729663,BEAM0101,40811135.1729663,19640500100134319,BEAM0101
-36.115072827007,-2.74382230510086,40811136.8258448,BEAM0101,40811136.8258448,19640500100134519,BEAM0101
-36.0548413703788,-2.65868621341912,40811138.4952609,BEAM0101,40811138.4952609,19640500100134719,BEAM0101
-35.9947833002699,-2.57343534207102,40811140.1647,BEAM0101,40811140.1647,19640500100134919,BEAM0101
-35.9346052519302,-2.48821077860323,40811141.8341086,BEAM0101,40811141.8341086,19640500100135119,BEAM0101
-35.8750161591776,-2.40390975042109,40811143.4869946,BEAM0101,40811143.4869946,19640500100135319,BEAM0101
-35.8142770212108,-2.31783868779841,40811145.1729618,BEAM0101,40811145.1729618,19640500100135519,BEAM0101
-35.7546930526366,-2.23354613177678,40811146.8258403,BEAM0101,40811146.8258403,19640500100135719,BEAM0101
-35.6949743123102,-2.1496422554856,40811148.4952564,BEAM0101,40811148.4952564,19640500100135919,BEAM0101
-35.6348057549424,-2.06405339349435,40811150.1646954,BEAM0101,40811150.1646954,19640500100136119,BEAM0101
-35.5748235139351,-1.97918293138716,40811151.834104,BEAM0101,40811151.834104,19640500100136319,BEAM0101
-35.5153138370247,-1.89495099021315,40811153.4869901,BEAM0101,40811153.4869901,19640500100136519,BEAM0101
-35.4552369922732,-1.80968671405246,40811155.1564292,BEAM0101,40811155.1564292,19640500100136719,BEAM0101
-35.3956269134418,-1.72494650528328,40811156.8093038,BEAM0101,40811156.8093038,19640500100136919,BEAM0101
-35.3339837131825,-1.63693965007688,40811158.5117798,BEAM0101,40811158.5117798,19640500100137119,BEAM0101
-35.2746012189905,-1.55296165158971,40811160.1646909,BEAM0101,40811160.1646909,19640500100137319,BEAM0101
-35.2143620342447,-1.46727061479716,40811161.8340995,BEAM0101,40811161.8340995,19640500100137519,BEAM0101
-35.1548530321049,-1.38290082472261,40811163.4869856,BEAM0101,40811163.4869856,19640500100137719,BEAM0101
-35.09544661943,-1.29846677940211,40811165.1398967,BEAM0101,40811165.1398967,19640500100137919,BEAM0101
-35.0359708581983,-1.2140640998365,40811166.7927672,BEAM0101,40811166.7927672,19640500100138119,BEAM0101
-34.9759232920233,-1.12888199692432,40811168.4621912,BEAM0101,40811168.4621912,19640500100138319,BEAM0101
-34.9160972462038,-1.04404939934524,40811170.1233663,BEAM0101,40811170.1233663,19640500100138519,BEAM0101
-34.8551063698017,-0.957589633468762,40811171.8175629,BEAM0101,40811171.8175629,19640500100138719,BEAM0101
-34.7945115556218,-0.871468389383631,40811173.503509,BEAM0101,40811173.503509,19640500100138919,BEAM0101
-34.7351903222024,-0.787161543545699,40811175.1564201,BEAM0101,40811175.1564201,19640500100139119,BEAM0101
-34.6744871222924,-0.700950492545689,40811176.8423586,BEAM0101,40811176.8423586,19640500100139319,BEAM0101
-34.6147550772528,-0.616149563768671,40811178.5035067,BEAM0101,40811178.5035067,19640500100139519,BEAM0101
-34.5541403488197,-0.530028374430141,40811180.1894738,BEAM0101,40811180.1894738,19640500100139719,BEAM0101
-34.4945672865633,-0.445636980206407,40811181.8506224,BEAM0101,40811181.8506224,19640500100139919,BEAM0101
-34.4343573237988,-0.359981500509971,40811183.5200325,BEAM0101,40811183.5200325,19640500100140119,BEAM0101
-34.3748598743151,-0.275555856557543,40811185.1729435,BEAM0101,40811185.1729435,19640500100140319,BEAM0101
-34.3154626520623,-0.19107650869976,40811186.8258221,BEAM0101,40811186.8258221,19640500100140519,BEAM0101
-34.2558605509827,-0.106750024906244,40811188.4869741,BEAM0101,40811188.4869741,19640500100140719,BEAM0101
-34.1963572377228,-0.022364910215153,40811190.1398852,BEAM0101,40811190.1398852,19640500100140919,BEAM0101
-34.1354761976656,0.0642139195059962,40811191.8340858,BEAM0101,40811191.8340858,19640500100141119,BEAM0101
-100.731497539119,-50.3461131201495,40809978.2643989,BEAM0110,40809978.2643989,19640600100042802,BEAM0110
-100.652656628112,-50.3326922841065,40809979.1073825,BEAM0110,40809979.1073825,19640600100043002,BEAM0110
-100.575435612405,-50.3194924168313,40809979.9338315,BEAM0110,40809979.9338315,19640600100043202,BEAM0110
-100.496719168102,-50.3059593932809,40809980.7767769,BEAM0110,40809980.7767769,19640600100043402,BEAM0110
-100.419571999294,-50.2926215333903,40809981.6032215,BEAM0110,40809981.6032215,19640600100043602,BEAM0110
-100.342535294567,-50.2791655209921,40809982.429677,BEAM0110,40809982.429677,19640600100043802,BEAM0110
-100.265563826351,-50.2656450408481,40809983.2561325,BEAM0110,40809983.2561325,19640600100044002,BEAM0110
-100.187026495319,-50.251863144611,40809984.0991161,BEAM0110,40809984.0991161,19640600100044202,BEAM0110
-100.110004515335,-50.238366234021,40809984.9255631,BEAM0110,40809984.9255631,19640600100044402,BEAM0110
-100.031508050863,-50.2245474300997,40809985.7685087,BEAM0110,40809985.7685087,19640600100044602,BEAM0110
-99.9546560683642,-50.2109531287603,40809986.5949551,BEAM0110,40809986.5949551,19640600100044802,BEAM0110
-99.8778805588161,-50.1972149167592,40809987.4214107,BEAM0110,40809987.4214107,19640600100045002,BEAM0110
-99.8011473804618,-50.1833300053286,40809988.2478663,BEAM0110,40809988.2478663,19640600100045202,BEAM0110
-99.7244167234307,-50.1694267524023,40809989.0743218,BEAM0110,40809989.0743218,19640600100045402,BEAM0110
-99.6477302301516,-50.1555557218245,40809989.9007628,BEAM0110,40809989.9007628,19640600100045602,BEAM0110
-99.5710944025566,-50.1416514448606,40809990.7271773,BEAM0110,40809990.7271773,19640600100045802,BEAM0110
-99.4945135908768,-50.1276810297236,40809991.5536328,BEAM0110,40809991.5536328,19640600100046002,BEAM0110
-99.4164344371221,-50.1133296630901,40809992.3966164,BEAM0110,40809992.3966164,19640600100046202,BEAM0110
-99.338467742266,-50.0988636567883,40809993.2395999,BEAM0110,40809993.2395999,19640600100046402,BEAM0110
-99.2620404097962,-50.0846572670099,40809994.0660554,BEAM0110,40809994.0660554,19640600100046602,BEAM0110
-99.1856321636424,-50.0704586571757,40809994.8924945,BEAM0110,40809994.8924945,19640600100046802,BEAM0110
-99.1092606484298,-50.056202295693,40809995.718911,BEAM0110,40809995.718911,19640600100047002,BEAM0110
-99.0329636999277,-50.0419309711728,40809996.5453665,BEAM0110,40809996.5453665,19640600100047202,BEAM0110
-98.9566789196012,-50.0275810105401,40809997.3718221,BEAM0110,40809997.3718221,19640600100047402,BEAM0110
-98.8804352366493,-50.0131822193394,40809998.1982776,BEAM0110,40809998.1982776,19640600100047602,BEAM0110
-98.8042953097824,-49.9987300239619,40809999.0247331,BEAM0110,40809999.0247331,19640600100047802,BEAM0110
-98.7282115223097,-49.9841881890372,40809999.8511621,BEAM0110,40809999.8511621,19640600100048002,BEAM0110
-98.6522305175363,-49.9695344219675,40810000.6775886,BEAM0110,40810000.6775886,19640600100048202,BEAM0110
-98.5762563444956,-49.9548242969084,40810001.5040442,BEAM0110,40810001.5040442,19640600100048402,BEAM0110
-98.5002672539254,-49.9401430405269,40810002.3304998,BEAM0110,40810002.3304998,19640600100048602,BEAM0110
-98.4243509016957,-49.9253832541318,40810003.1569552,BEAM0110,40810003.1569552,19640600100048802,BEAM0110
-98.3485764338927,-49.9104803994172,40810003.9834108,BEAM0110,40810003.9834108,19640600100049002,BEAM0110
-98.2712461974486,-49.8952644037067,40810004.8263618,BEAM0110,40810004.8263618,19640600100049202,BEAM0110
-98.1954454789949,-49.8803817575544,40810005.6527944,BEAM0110,40810005.6527944,19640600100049402,BEAM0110
-98.1196753088336,-49.8654770441473,40810006.4792499,BEAM0110,40810006.4792499,19640600100049602,BEAM0110
-98.043999195446,-49.850486147723,40810007.3057054,BEAM0110,40810007.3057054,19640600100049802,BEAM0110
-97.968349816342,-49.8354207087588,40810008.132161,BEAM0110,40810008.132161,19640600100050002,BEAM0110
-97.8927291082602,-49.8202584615865,40810008.958616,BEAM0110,40810008.958616,19640600100050202,BEAM0110
-97.8168654885363,-49.8049612507218,40810009.7891624,BEAM0110,40810009.7891624,19640600100050402,BEAM0110
-97.7414242442229,-49.789716423139,40810010.615604,BEAM0110,40810010.615604,19640600100050602,BEAM0110
-97.6659912891296,-49.7743874325841,40810011.4420595,BEAM0110,40810011.4420595,19640600100050802,BEAM0110
-97.589077197777,-49.7586626171459,40810012.2850431,BEAM0110,40810012.2850431,19640600100051002,BEAM0110
-97.5122487665042,-49.7429119917275,40810013.1280266,BEAM0110,40810013.1280266,19640600100051202,BEAM0110
-97.437059795553,-49.7274696531255,40810013.9544806,BEAM0110,40810013.9544806,19640600100051402,BEAM0110
-97.3618806558606,-49.711980771865,40810014.7808942,BEAM0110,40810014.7808942,19640600100051602,BEAM0110
-97.2867194335613,-49.6963374104342,40810015.6073377,BEAM0110,40810015.6073377,19640600100051802,BEAM0110
-97.2108314115434,-49.6804449989983,40810016.4420572,BEAM0110,40810016.4420572,19640600100052002,BEAM0110
-97.1357550618533,-49.6647498094665,40810017.2685128,BEAM0110,40810017.2685128,19640600100052202,BEAM0110
-97.0592917299072,-49.648770837954,40810018.1114963,BEAM0110,40810018.1114963,19640600100052402,BEAM0110
-96.9833674945195,-49.6328673962149,40810018.9420793,BEAM0110,40810018.9420793,19640600100052602,BEAM0110
-96.8338262822754,-49.6012341011007,40810020.5908074,BEAM0110,40810020.5908074,19640600100052802,BEAM0110
-96.684351676504,-49.5691394363359,40810022.2437184,BEAM0110,40810022.2437184,19640600100053002,BEAM0110
-96.5327445723562,-49.5364373039246,40810023.921412,BEAM0110,40810023.921412,19640600100053202,BEAM0110
-96.3835956038004,-49.5039877073974,40810025.574277,BEAM0110,40810025.574277,19640600100053402,BEAM0110
-96.2346214700095,-49.4713829955827,40810027.2271881,BEAM0110,40810027.2271881,19640600100053602,BEAM0110
-96.0858495079918,-49.4386959008177,40810028.8800796,BEAM0110,40810028.8800796,19640600100053802,BEAM0110
-95.937287154402,-49.4056234133503,40810030.5329547,BEAM0110,40810030.5329547,19640600100054002,BEAM0110
-95.7875394533663,-49.3720445109242,40810032.2023937,BEAM0110,40810032.2023937,19640600100054202,BEAM0110
-95.634865250997,-49.3375347027953,40810033.9048753,BEAM0110,40810033.9048753,19640600100054402,BEAM0110
-95.485564488284,-49.3036154853118,40810035.5742724,BEAM0110,40810035.5742724,19640600100054602,BEAM0110
-95.3377968378704,-49.2697075541465,40810037.2271834,BEAM0110,40810037.2271834,19640600100054802,BEAM0110
-95.190412841515,-49.2356505889988,40810038.880075,BEAM0110,40810038.880075,19640600100055002,BEAM0110
-95.0415690425691,-49.2010535184117,40810040.549478,BEAM0110,40810040.549478,19640600100055202,BEAM0110
-94.8945266779427,-49.1664914075616,40810042.2023891,BEAM0110,40810042.2023891,19640600100055402,BEAM0110
-94.7477631296603,-49.1318527279071,40810043.8552746,BEAM0110,40810043.8552746,19640600100055602,BEAM0110
-94.5996945187659,-49.0966374135915,40810045.5246838,BEAM0110,40810045.5246838,19640600100055802,BEAM0110
-94.453247861375,-49.0615572044638,40810047.1775948,BEAM0110,40810047.1775948,19640600100056002,BEAM0110
-94.3071196670961,-49.0262606299941,40810048.8304743,BEAM0110,40810048.8304743,19640600100056202,BEAM0110
-94.1596292610024,-48.9903349541503,40810050.4998894,BEAM0110,40810050.4998894,19640600100056402,BEAM0110
-94.0139278249972,-48.9546984905155,40810052.1528004,BEAM0110,40810052.1528004,19640600100056602,BEAM0110
-93.8669372889816,-48.9183183190488,40810053.822206,BEAM0110,40810053.822206,19640600100056802,BEAM0110
-93.7217333881451,-48.882215152608,40810055.4750951,BEAM0110,40810055.4750951,19640600100057002,BEAM0110
-93.576632091934,-48.8459287534455,40810057.1280062,BEAM0110,40810057.1280062,19640600100057202,BEAM0110
-93.4317606835561,-48.8094987700675,40810058.7808737,BEAM0110,40810058.7808737,19640600100057402,BEAM0110
-93.2856764735837,-48.7722958552987,40810060.4503008,BEAM0110,40810060.4503008,19640600100057602,BEAM0110
-93.1396980912019,-48.7350486818871,40810062.1197398,BEAM0110,40810062.1197398,19640600100057802,BEAM0110
-92.9955067534954,-48.6978355334559,40810063.7726054,BEAM0110,40810063.7726054,19640600100058002,BEAM0110
-92.8516231262703,-48.6605609368518,40810065.4255065,BEAM0110,40810065.4255065,19640600100058202,BEAM0110
-92.7078192247955,-48.6230620512004,40810067.0784175,BEAM0110,40810067.0784175,19640600100058402,BEAM0110
-92.5641556227943,-48.5854036360212,40810068.731273,BEAM0110,40810068.731273,19640600100058602,BEAM0110
-92.4194629649015,-48.547156814343,40810070.4007121,BEAM0110,40810070.4007121,19640600100058802,BEAM0110
-92.2764105109242,-48.5089867832764,40810072.0536231,BEAM0110,40810072.0536231,19640600100059002,BEAM0110
-92.1328759717347,-48.4704712908336,40810073.7147427,BEAM0110,40810073.7147427,19640600100059202,BEAM0110
-91.9901317181364,-48.4320123116848,40810075.3676538,BEAM0110,40810075.3676538,19640600100059402,BEAM0110
-91.8449944062134,-48.3924896339441,40810077.0536209,BEAM0110,40810077.0536209,19640600100059602,BEAM0110
-91.70294853621,-48.353508592445,40810078.7064764,BEAM0110,40810078.7064764,19640600100059802,BEAM0110
-91.560849634548,-48.3144223927357,40810080.3593875,BEAM0110,40810080.3593875,19640600100060002,BEAM0110
-91.4156915965082,-48.2742647351195,40810082.0536186,BEAM0110,40810082.0536186,19640600100060202,BEAM0110
-91.274234263028,-48.2347218006074,40810083.7064741,BEAM0110,40810083.7064741,19640600100060402,BEAM0110
-91.1301076940025,-48.1942954631889,40810085.3924412,BEAM0110,40810085.3924412,19640600100060602,BEAM0110
-90.9877228610686,-48.1540493799839,40810087.0618802,BEAM0110,40810087.0618802,19640600100060802,BEAM0110
-90.8469764566546,-48.1138723826478,40810088.7147358,BEAM0110,40810088.7147358,19640600100061002,BEAM0110
-90.7064268883608,-48.0737282885934,40810090.3676468,BEAM0110,40810090.3676468,19640600100061202,BEAM0110
-90.5659015262303,-48.0332068196825,40810092.0205579,BEAM0110,40810092.0205579,19640600100061402,BEAM0110
-90.4259630233734,-47.9927026371161,40810093.6734134,BEAM0110,40810093.6734134,19640600100061602,BEAM0110
-90.2860329821454,-47.9517250088727,40810095.3263245,BEAM0110,40810095.3263245,19640600100061802,BEAM0110
-90.1436601526455,-47.9100706588053,40810097.0122915,BEAM0110,40810097.0122915,19640600100062002,BEAM0110
-90.0014942406304,-47.8678044706157,40810098.6982031,BEAM0110,40810098.6982031,19640600100062202,BEAM0110
-89.8623633888411,-47.8265507919609,40810100.3511141,BEAM0110,40810100.3511141,19640600100062402,BEAM0110
-89.7232772031657,-47.7849933387614,40810102.0040253,BEAM0110,40810102.0040253,19640600100062602,BEAM0110
-89.584651491656,-47.7433172941937,40810103.6568807,BEAM0110,40810103.6568807,19640600100062802,BEAM0110
-89.446132049672,-47.7012253142895,40810105.3097918,BEAM0110,40810105.3097918,19640600100063002,BEAM0110
-89.3078852827235,-47.6592287540403,40810106.9627029,BEAM0110,40810106.9627029,19640600100063202,BEAM0110
-89.1697414842211,-47.6169995340179,40810108.6155585,BEAM0110,40810108.6155585,19640600100063402,BEAM0110
-89.0305647463432,-47.5741568460797,40810110.2849975,BEAM0110,40810110.2849975,19640600100063602,BEAM0110
-88.8930791191045,-47.5313808777072,40810111.9379031,BEAM0110,40810111.9379031,19640600100063802,BEAM0110
-88.7558061138282,-47.4885200721587,40810113.5907641,BEAM0110,40810113.5907641,19640600100064002,BEAM0110
-88.6187321153192,-47.4455331073378,40810115.2436752,BEAM0110,40810115.2436752,19640600100064202,BEAM0110
-88.4817891005629,-47.4024198640041,40810116.8965707,BEAM0110,40810116.8965707,19640600100064402,BEAM0110
-88.3422894704247,-47.3583055093102,40810118.5824978,BEAM0110,40810118.5824978,19640600100064602,BEAM0110
-88.2059715574986,-47.3146523263733,40810120.2354089,BEAM0110,40810120.2354089,19640600100064802,BEAM0110
-88.0699250727719,-47.2708060244159,40810121.8883024,BEAM0110,40810121.8883024,19640600100065002,BEAM0110
-87.9338250997325,-47.2269642294375,40810123.5411754,BEAM0110,40810123.5411754,19640600100065202,BEAM0110
-87.7983057493844,-47.1828621474259,40810125.1940866,BEAM0110,40810125.1940866,19640600100065402,BEAM0110
-87.6614918161943,-47.1381228120924,40810126.8635021,BEAM0110,40810126.8635021,19640600100065602,BEAM0110
-87.524900046405,-47.0932085264703,40810128.5329091,BEAM0110,40810128.5329091,19640600100065802,BEAM0110
-87.3886796900446,-47.0480451899093,40810130.2023482,BEAM0110,40810130.2023482,19640600100066002,BEAM0110
-87.2524368174904,-47.0030331528614,40810131.8717657,BEAM0110,40810131.8717657,19640600100066202,BEAM0110
-87.1179690748403,-46.9579820324908,40810133.5246429,BEAM0110,40810133.5246429,19640600100066402,BEAM0110
-86.9837254490593,-46.9128104882292,40810135.1775539,BEAM0110,40810135.1775539,19640600100066602,BEAM0110
-86.8497401362655,-46.8674022333925,40810136.8304335,BEAM0110,40810136.8304335,19640600100066802,BEAM0110
-86.7159544369296,-46.8218977902067,40810138.4833205,BEAM0110,40810138.4833205,19640600100067002,BEAM0110
-86.5822680821499,-46.7762950728106,40810140.1362316,BEAM0110,40810140.1362316,19640600100067202,BEAM0110
-86.4476739023707,-46.7300107436762,40810141.8056331,BEAM0110,40810141.8056331,19640600100067402,BEAM0110
-86.3119865730451,-46.6828450216443,40810143.4915822,BEAM0110,40810143.4915822,19640600100067602,BEAM0110
-86.1790844372621,-46.6368617137052,40810145.1444932,BEAM0110,40810145.1444932,19640600100067802,BEAM0110
-86.0436988764219,-46.5895740728017,40810146.8304288,BEAM0110,40810146.8304288,19640600100068002,BEAM0110
-85.9101543495003,-46.5425599403335,40810148.4998439,BEAM0110,40810148.4998439,19640600100068202,BEAM0110
-85.7779804655547,-46.4957399806765,40810150.1527549,BEAM0110,40810150.1527549,19640600100068402,BEAM0110
-85.6461802576676,-46.4488537419845,40810151.8056284,BEAM0110,40810151.8056284,19640600100068602,BEAM0110
-85.5146021859972,-46.4017165762827,40810153.4585216,BEAM0110,40810153.4585216,19640600100068802,BEAM0110
-85.3831644165461,-46.3544495801913,40810155.1114326,BEAM0110,40810155.1114326,19640600100069002,BEAM0110
-85.2494312423308,-46.306154007229,40810156.7973602,BEAM0110,40810156.7973602,19640600100069202,BEAM0110
-85.1171605703357,-46.2580888922423,40810158.4667832,BEAM0110,40810158.4667832,19640600100069402,BEAM0110
-84.986507935185,-46.210420423917,40810160.1196943,BEAM0110,40810160.1196943,19640600100069602,BEAM0110
-84.8547875817098,-46.1618824318794,40810161.7890918,BEAM0110,40810161.7890918,19640600100069802,BEAM0110
-84.7246450999695,-46.113866376418,40810163.4419889,BEAM0110,40810163.4419889,19640600100070002,BEAM0110
-84.5919143627343,-46.0647819388047,40810165.127956,BEAM0110,40810165.127956,19640600100070202,BEAM0110
-84.4609572541682,-46.0160127519287,40810166.7973556,BEAM0110,40810166.7973556,19640600100070402,BEAM0110
-84.331313370844,-45.9675627730527,40810168.4502507,BEAM0110,40810168.4502507,19640600100070602,BEAM0110
-84.2020886499573,-45.9189726131648,40810170.1031617,BEAM0110,40810170.1031617,19640600100070802,BEAM0110
-84.0732876410966,-45.8700397670072,40810171.7560233,BEAM0110,40810171.7560233,19640600100071002,BEAM0110
-83.9421752417825,-45.8199640112643,40810173.4419843,BEAM0110,40810173.4419843,19640600100071202,BEAM0110
-83.8137404526838,-45.770860918647,40810175.0948955,BEAM0110,40810175.0948955,19640600100071402,BEAM0110
-83.6855128917401,-45.7214617038823,40810176.747755,BEAM0110,40810176.747755,19640600100071602,BEAM0110
-83.5575173105192,-45.6719422026803,40810178.4006621,BEAM0110,40810178.4006621,19640600100071802,BEAM0110
-83.4283996252407,-45.6218013914655,40810180.0701011,BEAM0110,40810180.0701011,19640600100072002,BEAM0110
-83.30095053058,-45.5719739340441,40810181.7229567,BEAM0110,40810181.7229567,19640600100072202,BEAM0110
-83.1736515124234,-45.5219233766865,40810183.3758678,BEAM0110,40810183.3758678,19640600100072402,BEAM0110
-83.0466403952566,-45.4717877214451,40810185.0287788,BEAM0110,40810185.0287788,19640600100072602,BEAM0110
-82.9196505104676,-45.4216281461564,40810186.6816344,BEAM0110,40810186.6816344,19640600100072802,BEAM0110
-82.7931915662481,-45.3709958139807,40810188.3345455,BEAM0110,40810188.3345455,19640600100073002,BEAM0110
-82.6668786290843,-45.3202841335522,40810189.9874566,BEAM0110,40810189.9874566,19640600100073202,BEAM0110
-82.5406487035452,-45.2696320863573,40810191.6403122,BEAM0110,40810191.6403122,19640600100073402,BEAM0110
-82.414683268624,-45.218733129995,40810193.2932232,BEAM0110,40810193.2932232,19640600100073602,BEAM0110
-82.289089812639,-45.1676500951093,40810194.9461308,BEAM0110,40810194.9461308,19640600100073802,BEAM0110
-82.1623479534093,-45.1156244499874,40810196.6155178,BEAM0110,40810196.6155178,19640600100074002,BEAM0110
-82.035989478409,-45.0638100501917,40810198.2849569,BEAM0110,40810198.2849569,19640600100074202,BEAM0110
-81.9098767980808,-45.011766653732,40810199.9543945,BEAM0110,40810199.9543945,19640600100074402,BEAM0110
-81.7826992475759,-44.9589577101179,40810201.6403076,BEAM0110,40810201.6403076,19640600100074602,BEAM0110
-81.6569279738912,-44.9067362539204,40810203.3097467,BEAM0110,40810203.3097467,19640600100074802,BEAM0110
-81.5324265393746,-44.8546518330693,40810204.9626578,BEAM0110,40810204.9626578,19640600100075002,BEAM0110
-81.4086550814677,-44.8025942039056,40810206.6155133,BEAM0110,40810206.6155133,19640600100075202,BEAM0110
-81.2837613043049,-44.7495859185424,40810208.2849523,BEAM0110,40810208.2849523,19640600100075402,BEAM0110
-81.1588533332606,-44.6965223243291,40810209.9543899,BEAM0110,40810209.9543899,19640600100075602,BEAM0110
-81.034983760397,-44.6438376180223,40810211.615511,BEAM0110,40810211.615511,19640600100075802,BEAM0110
-80.9119626707207,-44.5910813942888,40810213.268422,BEAM0110,40810213.268422,19640600100076002,BEAM0110
-80.7891204753672,-44.5381129897137,40810214.9213236,BEAM0110,40810214.9213236,19640600100076202,BEAM0110
-80.666496540329,-44.4851152171777,40810216.5741887,BEAM0110,40810216.5741887,19640600100076402,BEAM0110
-80.542221503721,-44.4311345169242,40810218.2518918,BEAM0110,40810218.2518918,19640600100076602,BEAM0110
-80.417729116105,-44.3765874954197,40810219.9378533,BEAM0110,40810219.9378533,19640600100076802,BEAM0110
-80.2946223699015,-44.3226073821197,40810221.6072424,BEAM0110,40810221.6072424,19640600100077002,BEAM0110
-80.1729276195622,-44.268922717586,40810223.2601535,BEAM0110,40810223.2601535,19640600100077202,BEAM0110
-80.0503955432641,-44.2145610091879,40810224.929585,BEAM0110,40810224.929585,19640600100077402,BEAM0110
-79.9290608350352,-44.1605433581711,40810226.5824481,BEAM0110,40810226.5824481,19640600100077602,BEAM0110
-79.8079805742172,-44.1065907487289,40810228.2353592,BEAM0110,40810228.2353592,19640600100077802,BEAM0110
-79.6871609138941,-44.0522195315301,40810229.8882528,BEAM0110,40810229.8882528,19640600100078002,BEAM0110
-79.5656094274088,-43.9973947791245,40810231.5576538,BEAM0110,40810231.5576538,19640600100078202,BEAM0110
-79.4452902744333,-43.9427800976664,40810233.2105649,BEAM0110,40810233.2105649,19640600100078402,BEAM0110
-79.3243341701727,-43.8876347297395,40810234.8799845,BEAM0110,40810234.8799845,19640600100078602,BEAM0110
-79.2044647874256,-43.8329005148326,40810236.5328595,BEAM0110,40810236.5328595,19640600100078802,BEAM0110
-79.0848201613192,-43.7780425754078,40810238.1857707,BEAM0110,40810238.1857707,19640600100079002,BEAM0110
-78.9655968483229,-43.7229303804466,40810239.8386522,BEAM0110,40810239.8386522,19640600100079202,BEAM0110
-78.8464724915954,-43.6676035846259,40810241.4915373,BEAM0110,40810241.4915373,19640600100079402,BEAM0110
-78.7264834733962,-43.6117211718541,40810243.1609763,BEAM0110,40810243.1609763,19640600100079602,BEAM0110
-78.6064099931228,-43.5553929585669,40810244.8303839,BEAM0110,40810244.8303839,19640600100079802,BEAM0110
-78.4881659473452,-43.5000350848727,40810246.4832709,BEAM0110,40810246.4832709,19640600100080002,BEAM0110
-78.3697669419343,-43.444026869828,40810248.136182,BEAM0110,40810248.136182,19640600100080202,BEAM0110
-78.251769813922,-43.388153227082,40810249.7890516,BEAM0110,40810249.7890516,19640600100080402,BEAM0110
-78.1339149292415,-43.3320306493092,40810251.4419487,BEAM0110,40810251.4419487,19640600100080602,BEAM0110
-78.0152299010647,-43.2753466577945,40810253.1113877,BEAM0110,40810253.1113877,19640600100080802,BEAM0110
-77.8966323369643,-43.2183443743337,40810254.7807833,BEAM0110,40810254.7807833,19640600100081002,BEAM0110
-77.7784092952352,-43.1612482244549,40810256.4502104,BEAM0110,40810256.4502104,19640600100081202,BEAM0110
-77.6615580853711,-43.104711081041,40810258.1031215,BEAM0110,40810258.1031215,19640600100081402,BEAM0110
-77.5440705278622,-43.0473572662241,40810259.772515,BEAM0110,40810259.772515,19640600100081602,BEAM0110
-77.4277519508628,-42.9905778633471,40810261.4254161,BEAM0110,40810261.4254161,19640600100081802,BEAM0110
-77.3113972882786,-42.9333943708333,40810263.0783271,BEAM0110,40810263.0783271,19640600100082002,BEAM0110
-77.1957943225669,-42.8763919969394,40810264.7311827,BEAM0110,40810264.7311827,19640600100082202,BEAM0110
-77.0792760128438,-42.8186748743395,40810266.3923578,BEAM0110,40810266.3923578,19640600100082402,BEAM0110
-76.9617047655139,-42.7602706809197,40810268.0783249,BEAM0110,40810268.0783249,19640600100082602,BEAM0110
-76.8464862869378,-42.7026423454547,40810269.7311804,BEAM0110,40810269.7311804,19640600100082802,BEAM0110
-76.7314940397818,-42.6449760497096,40810271.3840915,BEAM0110,40810271.3840915,19640600100083002,BEAM0110
-76.6166499624577,-42.5872295060119,40810273.0370026,BEAM0110,40810273.0370026,19640600100083202,BEAM0110
-76.5023281415756,-42.5291993462179,40810274.6898581,BEAM0110,40810274.6898581,19640600100083402,BEAM0110
-76.3880032850936,-42.4710847278527,40810276.3427692,BEAM0110,40810276.3427692,19640600100083602,BEAM0110
-76.2739241566857,-42.4129944115907,40810277.9956803,BEAM0110,40810277.9956803,19640600100083802,BEAM0110
-76.1599591493766,-42.3547516953377,40810279.6485358,BEAM0110,40810279.6485358,19640600100084002,BEAM0110
-76.0462365604031,-42.2963560644208,40810281.3014469,BEAM0110,40810281.3014469,19640600100084202,BEAM0110
-75.9323525902704,-42.2374205231872,40810282.962622,BEAM0110,40810282.962622,19640600100084402,BEAM0110
-75.8191322662596,-42.1786925810198,40810284.6154775,BEAM0110,40810284.6154775,19640600100084602,BEAM0110
-75.7055761800085,-42.1196020030173,40810286.2766526,BEAM0110,40810286.2766526,19640600100084802,BEAM0110
-75.5929002061253,-42.0605815201739,40810287.9295562,BEAM0110,40810287.9295562,19640600100085002,BEAM0110
-75.4775994748311,-42.0000253832065,40810289.6237392,BEAM0110,40810289.6237392,19640600100085202,BEAM0110
-75.3618290315212,-41.9390198374185,40810291.3262344,BEAM0110,40810291.3262344,19640600100085402,BEAM0110
-75.2497695324559,-41.8798135550339,40810292.9791454,BEAM0110,40810292.9791454,19640600100085602,BEAM0110
-75.1378972410136,-41.8202327923894,40810294.632001,BEAM0110,40810294.632001,19640600100085802,BEAM0110
-75.0239539610298,-41.7594610141811,40810296.317968,BEAM0110,40810296.317968,19640600100086002,BEAM0110
-74.9124494885224,-41.6997891105305,40810297.9708791,BEAM0110,40810297.9708791,19640600100086202,BEAM0110
-74.8015147154611,-41.6399887803855,40810299.6237347,BEAM0110,40810299.6237347,19640600100086402,BEAM0110
-74.6883168205972,-41.5787924379428,40810301.3097017,BEAM0110,40810301.3097017,19640600100086602,BEAM0110
-74.5775301283723,-41.5186876763766,40810302.9626129,BEAM0110,40810302.9626129,19640600100086802,BEAM0110
-74.4646689505165,-41.4572885300459,40810304.6485244,BEAM0110,40810304.6485244,19640600100087002,BEAM0110
-74.3532475589424,-41.3964600470863,40810306.3179635,BEAM0110,40810306.3179635,19640600100087202,BEAM0110
-74.243178116083,-41.3359702018657,40810307.9708746,BEAM0110,40810307.9708746,19640600100087402,BEAM0110
-74.1333196690326,-41.2753510861305,40810309.6237301,BEAM0110,40810309.6237301,19640600100087602,BEAM0110
-74.0226315477808,-41.2140745544065,40810311.2931692,BEAM0110,40810311.2931692,19640600100087802,BEAM0110
-73.9114230613051,-41.1524223529079,40810312.9708723,BEAM0110,40810312.9708723,19640600100088002,BEAM0110
-73.8023586448789,-41.0916288643806,40810314.6237278,BEAM0110,40810314.6237278,19640600100088202,BEAM0110
-73.6931426896025,-41.030593932979,40810316.2931669,BEAM0110,40810316.2931669,19640600100088402,BEAM0110
-73.5834242629571,-40.9688030719042,40810317.962606,BEAM0110,40810317.962606,19640600100088602,BEAM0110
-73.473844145927,-40.9068255654116,40810319.6154615,BEAM0110,40810319.6154615,19640600100088802,BEAM0110
-73.3663832381633,-40.8462414191044,40810321.2683726,BEAM0110,40810321.2683726,19640600100089002,BEAM0110
-73.2571081525477,-40.7840735675243,40810322.9378062,BEAM0110,40810322.9378062,19640600100089202,BEAM0110
-73.1481837509896,-40.7217887652384,40810324.5906672,BEAM0110,40810324.5906672,19640600100089402,BEAM0110
-73.0405671373337,-40.6602192736298,40810326.2435783,BEAM0110,40810326.2435783,19640600100089602,BEAM0110
-72.93204498523,-40.597694607016,40810327.9130058,BEAM0110,40810327.9130058,19640600100089802,BEAM0110
-72.8236882653901,-40.5350959867919,40810329.582401,BEAM0110,40810329.582401,19640600100090002,BEAM0110
-72.7164983998409,-40.473156628986,40810331.235312,BEAM0110,40810331.235312,19640600100090202,BEAM0110
-72.6074599893883,-40.4097509487412,40810332.9212696,BEAM0110,40810332.9212696,19640600100090402,BEAM0110
-72.5008027195909,-40.3474741970321,40810334.5741347,BEAM0110,40810334.5741347,19640600100090602,BEAM0110
-72.3943444388605,-40.2850592564716,40810336.2270457,BEAM0110,40810336.2270457,19640600100090802,BEAM0110
-72.2881325174639,-40.2225041387026,40810337.8799372,BEAM0110,40810337.8799372,19640600100091002,BEAM0110
-72.1809796004685,-40.1592748356874,40810339.5493403,BEAM0110,40810339.5493403,19640600100091202,BEAM0110
-72.0751811969435,-40.0964229473728,40810341.2022514,BEAM0110,40810341.2022514,19640600100091402,BEAM0110
-71.9694597107799,-40.0335506791994,40810342.855137,BEAM0110,40810342.855137,19640600100091602,BEAM0110
-71.8640096907506,-39.970651150477,40810344.508018,BEAM0110,40810344.508018,19640600100091802,BEAM0110
-71.7577528037631,-39.9068943319248,40810346.1774572,BEAM0110,40810346.1774572,19640600100092002,BEAM0110
-71.6506479654653,-39.842611231847,40810347.8634007,BEAM0110,40810347.8634007,19640600100092202,BEAM0110
-71.5449376753984,-39.7785842133896,40810349.5328078,BEAM0110,40810349.5328078,19640600100092402,BEAM0110
-71.4403523649285,-39.7152536849685,40810351.1857188,BEAM0110,40810351.1857188,19640600100092602,BEAM0110
-71.3358550185312,-39.6516484888941,40810352.8386004,BEAM0110,40810352.8386004,19640600100092802,BEAM0110
-71.2297028983959,-39.5869487270614,40810354.5245415,BEAM0110,40810354.5245415,19640600100093002,BEAM0110
-71.1240550015082,-39.5222080196203,40810356.2022446,BEAM0110,40810356.2022446,19640600100093202,BEAM0110
-71.020369227894,-39.4583692739397,40810357.8551301,BEAM0110,40810357.8551301,19640600100093402,BEAM0110
-70.9146445016675,-39.393061372122,40810359.5410672,BEAM0110,40810359.5410672,19640600100093602,BEAM0110
-70.811229115729,-39.3292089882976,40810361.1939783,BEAM0110,40810361.1939783,19640600100093802,BEAM0110
-70.7075702594554,-39.2647915788648,40810362.8551279,BEAM0110,40810362.8551279,19640600100094002,BEAM0110
-70.6029676890434,-39.1994594049655,40810364.5328009,BEAM0110,40810364.5328009,19640600100094202,BEAM0110
-70.4981859447104,-39.1337751435064,40810366.218768,BEAM0110,40810366.218768,19640600100094402,BEAM0110
-70.3954840880356,-39.0692920563699,40810367.8716576,BEAM0110,40810367.8716576,19640600100094602,BEAM0110
-70.2921809688706,-39.004133796407,40810369.5410627,BEAM0110,40810369.5410627,19640600100094802,BEAM0110
-70.1868172669886,-38.9374407994747,40810371.2435577,BEAM0110,40810371.2435577,19640600100095002,BEAM0110
-70.084801427177,-38.8727784019748,40810372.8964533,BEAM0110,40810372.8964533,19640600100095202,BEAM0110
-69.9824642243904,-38.8075319340023,40810374.5575883,BEAM0110,40810374.5575883,19640600100095402,BEAM0110
-69.8777857892346,-38.7406997226044,40810376.2600835,BEAM0110,40810376.2600835,19640600100095602,BEAM0110
-69.7764808098403,-38.6755286278153,40810377.912983,BEAM0110,40810377.912983,19640600100095802,BEAM0110
-69.6742098774806,-38.6096453560966,40810379.5823781,BEAM0110,40810379.5823781,19640600100096002,BEAM0110
-69.5731901425572,-38.5445046960499,40810381.2352891,BEAM0110,40810381.2352891,19640600100096202,BEAM0110
-69.4724633903083,-38.478833184848,40810382.8881827,BEAM0110,40810382.8881827,19640600100096402,BEAM0110
-69.3709232898271,-38.4127494219958,40810384.5575838,BEAM0110,40810384.5575838,19640600100096602,BEAM0110
-69.2704231516383,-38.3472605879282,40810386.2104949,BEAM0110,40810386.2104949,19640600100096802,BEAM0110
-69.1693105201457,-38.280851283549,40810387.8799144,BEAM0110,40810387.8799144,19640600100097002,BEAM0110
-69.0692626837812,-38.2149903594677,40810389.5327895,BEAM0110,40810389.5327895,19640600100097202,BEAM0110
-68.9684434667181,-38.1483767520785,40810391.2022286,BEAM0110,40810391.2022286,19640600100097402,BEAM0110
-68.8678089791572,-38.0817683440956,40810392.8716461,BEAM0110,40810392.8716461,19640600100097602,BEAM0110
-68.7684390974681,-38.0156045116108,40810394.5245232,BEAM0110,40810394.5245232,19640600100097802,BEAM0110
-68.6692138165778,-37.9494410723814,40810396.1774343,BEAM0110,40810396.1774343,19640600100098002,BEAM0110
-68.5702446815879,-37.8831110880703,40810397.8303138,BEAM0110,40810397.8303138,19640600100098202,BEAM0110
-68.470916032184,-37.8164147543763,40810399.491465,BEAM0110,40810399.491465,19640600100098402,BEAM0110
-68.3721382325477,-37.7499880700501,40810401.144376,BEAM0110,40810401.144376,19640600100098602,BEAM0110
-68.2737419710669,-37.683332236987,40810402.7972476,BEAM0110,40810402.7972476,19640600100098802,BEAM0110
-68.1739326087421,-37.6157196376631,40810404.4749347,BEAM0110,40810404.4749347,19640600100099002,BEAM0110
-68.074769524918,-37.5483430063388,40810406.1443738,BEAM0110,40810406.1443738,19640600100099202,BEAM0110
-67.9759759106085,-37.4808288917829,40810407.8137773,BEAM0110,40810407.8137773,19640600100099402,BEAM0110
-67.8781859254035,-37.413905728522,40810409.4666684,BEAM0110,40810409.4666684,19640600100099602,BEAM0110
-67.7806904241989,-37.3468318833156,40810411.1195795,BEAM0110,40810411.1195795,19640600100099802,BEAM0110
-67.6823506658807,-37.278954486632,40810412.788977,BEAM0110,40810412.788977,19640600100100002,BEAM0110
-67.5841921205271,-37.2111452623437,40810414.4584021,BEAM0110,40810414.4584021,19640600100100202,BEAM0110
-67.4862425324814,-37.1430851810874,40810416.1278412,BEAM0110,40810416.1278412,19640600100100402,BEAM0110
-67.3894587830148,-37.0756215089258,40810417.7807087,BEAM0110,40810417.7807087,19640600100100602,BEAM0110
-67.2927584889936,-37.0081596655634,40810419.4336078,BEAM0110,40810419.4336078,19640600100100802,BEAM0110
-67.1962311090616,-36.940603113056,40810421.0865189,BEAM0110,40810421.0865189,19640600100101002,BEAM0110
-67.0989464763147,-36.8722714062982,40810422.7559085,BEAM0110,40810422.7559085,19640600100101202,BEAM0110
-67.0029128806734,-36.8044087916743,40810424.4088135,BEAM0110,40810424.4088135,19640600100101402,BEAM0110
-66.9070298682551,-36.7365822445566,40810426.0617246,BEAM0110,40810426.0617246,19640600100101602,BEAM0110
-66.8112669550918,-36.6686376866746,40810427.7145802,BEAM0110,40810427.7145802,19640600100101802,BEAM0110
-66.7158555829387,-36.6005620917429,40810429.3674913,BEAM0110,40810429.3674913,19640600100102002,BEAM0110
-66.6195521888037,-36.5316151794616,40810431.0369303,BEAM0110,40810431.0369303,19640600100102202,BEAM0110
-66.5242981713238,-36.4634742470558,40810432.6897859,BEAM0110,40810432.6897859,19640600100102402,BEAM0110
-66.4292317338659,-36.395170108803,40810434.342697,BEAM0110,40810434.342697,19640600100102602,BEAM0110
-66.334385576532,-36.3268581458882,40810435.9956081,BEAM0110,40810435.9956081,19640600100102802,BEAM0110
-66.2397349442385,-36.2582873903808,40810437.6484636,BEAM0110,40810437.6484636,19640600100103002,BEAM0110
-66.1443458362836,-36.1889761267473,40810439.3179027,BEAM0110,40810439.3179027,19640600100103202,BEAM0110
-66.0501196829362,-36.1203174807761,40810440.9708138,BEAM0110,40810440.9708138,19640600100103402,BEAM0110
-65.9559427465321,-36.0515815877443,40810442.6236693,BEAM0110,40810442.6236693,19640600100103602,BEAM0110
-65.8620676031738,-35.9827783014228,40810444.2765804,BEAM0110,40810444.2765804,19640600100103802,BEAM0110
-65.7663714554399,-35.9124866793121,40810445.9625475,BEAM0110,40810445.9625475,19640600100104002,BEAM0110
-65.6724374091017,-35.8431253711505,40810447.623667,BEAM0110,40810447.623667,19640600100104202,BEAM0110
-65.5779489462075,-35.7733397601196,40810449.2931061,BEAM0110,40810449.2931061,19640600100104402,BEAM0110
-65.4829431818949,-35.7027299846502,40810450.9790732,BEAM0110,40810450.9790732,19640600100104602,BEAM0110
-65.3889842652404,-35.6327462522353,40810452.6484568,BEAM0110,40810452.6484568,19640600100104802,BEAM0110
-65.2960693745248,-35.5634371210614,40810454.3013678,BEAM0110,40810454.3013678,19640600100105002,BEAM0110
-65.2033308255153,-35.4939567432132,40810455.9542774,BEAM0110,40810455.9542774,19640600100105202,BEAM0110
-65.1107548781562,-35.4244535950512,40810457.6071344,BEAM0110,40810457.6071344,19640600100105402,BEAM0110
-65.0183831780734,-35.3548722621065,40810459.2600456,BEAM0110,40810459.2600456,19640600100105602,BEAM0110
-64.9257477347022,-35.2847582851788,40810460.9212111,BEAM0110,40810460.9212111,19640600100105802,BEAM0110
-64.8314758005738,-35.213176563295,40810462.6153962,BEAM0110,40810462.6153962,19640600100106002,BEAM0110
-64.7385008793722,-35.142761134254,40810464.2848353,BEAM0110,40810464.2848353,19640600100106202,BEAM0110
-64.6468206766587,-35.0729309390154,40810465.9377408,BEAM0110,40810465.9377408,19640600100106402,BEAM0110
-64.5554025651665,-35.0028776789733,40810467.5906019,BEAM0110,40810467.5906019,19640600100106602,BEAM0110
-64.46371150113,-34.9324704311004,40810469.251777,BEAM0110,40810469.251777,19640600100106802,BEAM0110
-64.3716238619619,-34.8617053348742,40810470.9212066,BEAM0110,40810470.9212066,19640600100107002,BEAM0110
-64.2799401110866,-34.7906503325092,40810472.5905996,BEAM0110,40810472.5905996,19640600100107202,BEAM0110
-64.1881467376451,-34.7196495844054,40810474.2600387,BEAM0110,40810474.2600387,19640600100107402,BEAM0110
-64.0972445952404,-34.649445557324,40810475.9129383,BEAM0110,40810475.9129383,19640600100107602,BEAM0110
-64.0067663203353,-34.5789477357951,40810477.5658054,BEAM0110,40810477.5658054,19640600100107802,BEAM0110
-63.9146355520263,-34.5069397834259,40810479.2517725,BEAM0110,40810479.2517725,19640600100108002,BEAM0110
-63.824512957123,-34.4362831880744,40810480.90467,BEAM0110,40810480.90467,19640600100108202,BEAM0110
-63.7345280691798,-34.365554621304,40810482.5575391,BEAM0110,40810482.5575391,19640600100108402,BEAM0110
-63.6436670986825,-34.294095007782,40810484.2269782,BEAM0110,40810484.2269782,19640600100108602,BEAM0110
-63.5530781911048,-34.2224626870691,40810485.8964017,BEAM0110,40810485.8964017,19640600100108802,BEAM0110
-63.4635902246369,-34.1514620883166,40810487.5492728,BEAM0110,40810487.5492728,19640600100109002,BEAM0110
-63.3732896144524,-34.0797428241595,40810489.2187119,BEAM0110,40810489.2187119,19640600100109202,BEAM0110
-63.2821981097094,-34.0072197749358,40810490.9046654,BEAM0110,40810490.9046654,19640600100109402,BEAM0110
-63.1931806576515,-33.9360028584989,40810492.5575346,BEAM0110,40810492.5575346,19640600100109602,BEAM0110
-63.1035421955948,-33.8642990179808,40810494.2269737,BEAM0110,40810494.2269737,19640600100109802,BEAM0110
-63.0147030080436,-33.7929861475632,40810495.8798651,BEAM0110,40810495.8798651,19640600100110002,BEAM0110
-62.925038723502,-33.7205376586745,40810497.5492683,BEAM0110,40810497.5492683,19640600100110202,BEAM0110
-62.8362763790235,-33.6485815949513,40810499.2104433,BEAM0110,40810499.2104433,19640600100110402,BEAM0110
-62.7469974048452,-33.5763867957084,40810500.8798629,BEAM0110,40810500.8798629,19640600100110602,BEAM0110
-62.6588296628532,-33.5047570525871,40810502.532738,BEAM0110,40810502.532738,19640600100110802,BEAM0110
-62.5699151371549,-33.4323627132422,40810504.2021771,BEAM0110,40810504.2021771,19640600100111002,BEAM0110
-62.482322907561,-33.360885668251,40810505.8550626,BEAM0110,40810505.8550626,19640600100111202,BEAM0110
-62.3931084236309,-33.2876406486692,40810507.5327357,BEAM0110,40810507.5327357,19640600100111402,BEAM0110
-62.3047582653506,-33.2150285171165,40810509.2021748,BEAM0110,40810509.2021748,19640600100111602,BEAM0110
-62.2173512591334,-33.1430070681952,40810510.8550603,BEAM0110,40810510.8550603,19640600100111802,BEAM0110
-62.1293152303666,-33.070173589539,40810512.5244694,BEAM0110,40810512.5244694,19640600100112002,BEAM0110
-62.0425310844198,-32.9982830178396,40810514.1773805,BEAM0110,40810514.1773805,19640600100112202,BEAM0110
-61.9553468858722,-32.92585231581,40810515.8302601,BEAM0110,40810515.8302601,19640600100112402,BEAM0110
-61.868515176082,-32.8535785744817,40810517.4831471,BEAM0110,40810517.4831471,19640600100112602,BEAM0110
-61.7819123410921,-32.7811523494454,40810519.1360582,BEAM0110,40810519.1360582,19640600100112802,BEAM0110
-61.6945920256064,-32.7080570479946,40810520.8054598,BEAM0110,40810520.8054598,19640600100113002,BEAM0110
-61.608417211046,-32.6353654579381,40810522.4583529,BEAM0110,40810522.4583529,19640600100113202,BEAM0110
-61.522150747214,-32.5628893551283,40810524.111264,BEAM0110,40810524.111264,19640600100113402,BEAM0110
-61.4351996136772,-32.4894935230689,40810525.7806596,BEAM0110,40810525.7806596,19640600100113602,BEAM0110
-61.3477017457426,-32.4153005561519,40810527.4666146,BEAM0110,40810527.4666146,19640600100113802,BEAM0110
-61.2602357035244,-32.3410024467245,40810529.1525817,BEAM0110,40810529.1525817,19640600100114002,BEAM0110
-61.1747194124234,-32.2680687515377,40810530.8054552,BEAM0110,40810530.8054552,19640600100114202,BEAM0110
-61.0885195458495,-32.1943320457592,40810532.4748763,BEAM0110,40810532.4748763,19640600100114402,BEAM0110
-61.0027659911456,-32.1209636732923,40810534.1360515,BEAM0110,40810534.1360515,19640600100114602,BEAM0110
-60.9176687184768,-32.0478629474943,40810535.788921,BEAM0110,40810535.788921,19640600100114802,BEAM0110
-60.8311995649176,-31.9735027929256,40810537.4748741,BEAM0110,40810537.4748741,19640600100115002,BEAM0110
-60.7439746728934,-31.8981637146782,40810539.1691051,BEAM0110,40810539.1691051,19640600100115202,BEAM0110
-60.6593197730724,-31.8248401045186,40810540.8219827,BEAM0110,40810540.8219827,19640600100115402,BEAM0110
-60.5738914035417,-31.7507602372828,40810542.4913998,BEAM0110,40810542.4913998,19640600100115602,BEAM0110
-60.4891549775824,-31.6768550943307,40810544.1525749,BEAM0110,40810544.1525749,19640600100115802,BEAM0110
-60.4049271417184,-31.6034165599998,40810545.8054485,BEAM0110,40810545.8054485,19640600100116002,BEAM0110
-60.3207385263565,-31.529853355232,40810547.4583415,BEAM0110,40810547.4583415,19640600100116202,BEAM0110
-60.236809206555,-31.4561468961933,40810549.1112526,BEAM0110,40810549.1112526,19640600100116402,BEAM0110
-60.1529356559101,-31.382408307941,40810550.7641162,BEAM0110,40810550.7641162,19640600100116602,BEAM0110
-60.0692239341215,-31.3086740258196,40810552.4170192,BEAM0110,40810552.4170192,19640600100116802,BEAM0110
-59.9855435224501,-31.2348448302597,40810554.0699304,BEAM0110,40810554.0699304,19640600100117002,BEAM0110
-59.9019080596136,-31.160543756421,40810555.7310499,BEAM0110,40810555.7310499,19640600100117202,BEAM0110
-59.8187251621545,-31.0865577932304,40810557.383961,BEAM0110,40810557.383961,19640600100117402,BEAM0110
-59.7339679863461,-31.0110833577522,40810559.069928,BEAM0110,40810559.069928,19640600100117602,BEAM0110
-59.6511309512074,-30.9370224917703,40810560.7227836,BEAM0110,40810560.7227836,19640600100117802,BEAM0110
-59.5682771420408,-30.8629332273776,40810562.3756947,BEAM0110,40810562.3756947,19640600100118002,BEAM0110
-59.4843499118181,-30.787644952108,40810564.0533978,BEAM0110,40810564.0533978,19640600100118202,BEAM0110
-59.4016939583528,-30.713346137854,40810565.7062534,BEAM0110,40810565.7062534,19640600100118402,BEAM0110
-59.3175971999277,-30.6374902984723,40810567.3922204,BEAM0110,40810567.3922204,19640600100118602,BEAM0110
-59.2354480462885,-30.5630241248085,40810569.0451315,BEAM0110,40810569.0451315,19640600100118802,BEAM0110
-59.1534582007965,-30.4885148101728,40810570.6979871,BEAM0110,40810570.6979871,19640600100119002,BEAM0110
-59.0706672707254,-30.4132409545378,40810572.3674261,BEAM0110,40810572.3674261,19640600100119202,BEAM0110
-58.9879204921004,-30.3379898195234,40810574.0368652,BEAM0110,40810574.0368652,19640600100119402,BEAM0110
-58.9052538216891,-30.2626917972332,40810575.7062488,BEAM0110,40810575.7062488,19640600100119602,BEAM0110
-58.8228700443647,-30.1871741492717,40810577.3756879,BEAM0110,40810577.3756879,19640600100119802,BEAM0110
-58.7414063189839,-30.1124417305465,40810579.028599,BEAM0110,40810579.028599,19640600100120002,BEAM0110
-58.6596702201589,-30.0372398376931,40810580.6897186,BEAM0110,40810580.6897186,19640600100120202,BEAM0110
-58.5785431342178,-29.9622856150365,40810582.3426296,BEAM0110,40810582.3426296,19640600100120402,BEAM0110
-58.4970633017131,-29.8870099194118,40810584.0038047,BEAM0110,40810584.0038047,19640600100120602,BEAM0110
-58.4160837164019,-29.812016260267,40810585.6566603,BEAM0110,40810585.6566603,19640600100120802,BEAM0110
-58.3352232536399,-29.7370470978618,40810587.3095713,BEAM0110,40810587.3095713,19640600100121002,BEAM0110
-58.2536682416305,-29.6611997719321,40810588.9790104,BEAM0110,40810588.9790104,19640600100121202,BEAM0110
-58.1733107355197,-29.5857979771203,40810590.631866,BEAM0110,40810590.631866,19640600100121402,BEAM0110
-58.0930006177575,-29.5105823601397,40810592.2847771,BEAM0110,40810592.2847771,19640600100121602,BEAM0110
-58.0126221138768,-29.4353694455879,40810593.9376827,BEAM0110,40810593.9376827,19640600100121802,BEAM0110
-57.9324225474417,-29.3600495943258,40810595.5905437,BEAM0110,40810595.5905437,19640600100122002,BEAM0110
-57.8523355864066,-29.2846817761208,40810597.2434548,BEAM0110,40810597.2434548,19640600100122202,BEAM0110
-57.7723566440688,-29.2092675802665,40810598.8963503,BEAM0110,40810598.8963503,19640600100122402,BEAM0110
-57.6905728960803,-29.1318384169046,40810600.5905414,BEAM0110,40810600.5905414,19640600100122602,BEAM0110
-57.6101684735665,-29.0554921810626,40810602.2599806,BEAM0110,40810602.2599806,19640600100122802,BEAM0110
-57.53080693825,-28.9797613381981,40810603.9128801,BEAM0110,40810603.9128801,19640600100123002,BEAM0110
-57.4506010462651,-28.9032544373571,40810605.5822752,BEAM0110,40810605.5822752,19640600100123202,BEAM0110
-57.3713185863666,-28.827573941556,40810607.2351862,BEAM0110,40810607.2351862,19640600100123402,BEAM0110
-57.2919841191454,-28.7518329656114,40810608.8880798,BEAM0110,40810608.8880798,19640600100123602,BEAM0110
-57.2128707963208,-28.6760080242769,40810610.5409529,BEAM0110,40810610.5409529,19640600100123802,BEAM0110
-57.1340644903897,-28.6000464600748,40810612.193864,BEAM0110,40810612.193864,19640600100124002,BEAM0110
-57.0553766505091,-28.5240069505262,40810613.8467475,BEAM0110,40810613.8467475,19640600100124202,BEAM0110
-56.9767265731857,-28.4480323741746,40810615.4996307,BEAM0110,40810615.4996307,19640600100124402,BEAM0110
-56.8976977220635,-28.3716214445954,40810617.1608057,BEAM0110,40810617.1608057,19640600100124602,BEAM0110
-56.8177220480845,-28.2940677334578,40810618.8467453,BEAM0110,40810618.8467453,19640600100124802,BEAM0110
-56.7396084175497,-28.2179090961425,40810620.4996284,BEAM0110,40810620.4996284,19640600100125002,BEAM0110
-56.6606941967393,-28.1411023685553,40810622.1690675,BEAM0110,40810622.1690675,19640600100125202,BEAM0110
-56.5826248572366,-28.0647861965758,40810623.821945,BEAM0110,40810623.821945,19640600100125402,BEAM0110
-56.5047243825781,-27.9884704929814,40810625.4748341,BEAM0110,40810625.4748341,19640600100125602,BEAM0110
-56.4261038535214,-27.9113837717384,40810627.1442732,BEAM0110,40810627.1442732,19640600100125802,BEAM0110
-56.3483626185402,-27.8349184211883,40810628.7971448,BEAM0110,40810628.7971448,19640600100126002,BEAM0110
-56.2707371007624,-27.7585046841693,40810630.4500399,BEAM0110,40810630.4500399,19640600100126202,BEAM0110
-56.1932726270969,-27.6819201924439,40810632.1029509,BEAM0110,40810632.1029509,19640600100126402,BEAM0110
-56.1145167662047,-27.6036594543816,40810633.7888765,BEAM0110,40810633.7888765,19640600100126602,BEAM0110
-56.0372940611214,-27.5269833175868,40810635.4417736,BEAM0110,40810635.4417736,19640600100126802,BEAM0110
-55.9586278432507,-27.4487403370386,40810637.1277407,BEAM0110,40810637.1277407,19640600100127002,BEAM0110
-55.8816556047409,-27.3719422206066,40810638.7806082,BEAM0110,40810638.7806082,19640600100127202,BEAM0110
-55.804792072238,-27.2951093112096,40810640.4335073,BEAM0110,40810640.4335073,19640600100127402,BEAM0110
-55.7271649318027,-27.2175378524929,40810642.1029464,BEAM0110,40810642.1029464,19640600100127602,BEAM0110
-55.650505175733,-27.1405724839918,40810643.7558079,BEAM0110,40810643.7558079,19640600100127802,BEAM0110
-55.5737483982682,-27.0631120833301,40810645.416977,BEAM0110,40810645.416977,19640600100128002,BEAM0110
-55.4962121757231,-26.9848441222097,40810647.0946801,BEAM0110,40810647.0946801,19640600100128202,BEAM0110
-55.4199153705177,-26.9077579534162,40810648.7475397,BEAM0110,40810648.7475397,19640600100128402,BEAM0110
-55.3433348252395,-26.8302705236399,40810650.4087107,BEAM0110,40810650.4087107,19640600100128602,BEAM0110
-55.2664437638033,-26.7523107851663,40810652.0781498,BEAM0110,40810652.0781498,19640600100128802,BEAM0110
-55.1904619816498,-26.675071076801,40810653.7310054,BEAM0110,40810653.7310054,19640600100129002,BEAM0110
-55.1146449986011,-26.5977625774696,40810655.3839165,BEAM0110,40810655.3839165,19640600100129202,BEAM0110
-55.0385472772074,-26.5199849569397,40810657.0450915,BEAM0110,40810657.0450915,19640600100129402,BEAM0110
-54.9629359586398,-26.4425654344652,40810658.6979471,BEAM0110,40810658.6979471,19640600100129602,BEAM0110
-54.8875202431045,-26.3650848391929,40810660.3508582,BEAM0110,40810660.3508582,19640600100129802,BEAM0110
-54.8120181650302,-26.2876688837838,40810662.0037693,BEAM0110,40810662.0037693,19640600100130002,BEAM0110
-54.7358706909278,-26.2093682539074,40810663.6731528,BEAM0110,40810663.6731528,19640600100130202,BEAM0110
-54.6605426527906,-26.1318583896627,40810665.326064,BEAM0110,40810665.326064,19640600100130402,BEAM0110
-54.5851174997435,-26.0538268934877,40810666.987239,BEAM0110,40810666.987239,19640600100130602,BEAM0110
-54.5101221818385,-25.9760669376373,40810668.6400946,BEAM0110,40810668.6400946,19640600100130802,BEAM0110
-54.4337547473481,-25.8967628497372,40810670.3260617,BEAM0110,40810670.3260617,19640600100131002,BEAM0110
-54.3586724126915,-25.8186026026481,40810671.9872368,BEAM0110,40810671.9872368,19640600100131202,BEAM0110
-54.2839589366857,-25.7407789613746,40810673.6400923,BEAM0110,40810673.6400923,19640600100131402,BEAM0110
-54.2087349780563,-25.6620904055111,40810675.3095314,BEAM0110,40810675.3095314,19640600100131602,BEAM0110
-54.1331301773116,-25.5830797941278,40810676.9872345,BEAM0110,40810676.9872345,19640600100131802,BEAM0110
-54.0586707191265,-25.5051560181088,40810678.6400901,BEAM0110,40810678.6400901,19640600100132002,BEAM0110
-53.9843462427041,-25.427166914225,40810680.2930012,BEAM0110,40810680.2930012,19640600100132202,BEAM0110
-53.9095290417495,-25.3483173100478,40810681.9624402,BEAM0110,40810681.9624402,19640600100132402,BEAM0110
-53.8355995341633,-25.2701527621329,40810683.6152958,BEAM0110,40810683.6152958,19640600100132602,BEAM0110
-53.7608786609275,-25.1912619957504,40810685.2847348,BEAM0110,40810685.2847348,19640600100132802,BEAM0110
-53.6870015338,-25.1131371637667,40810686.9376404,BEAM0110,40810686.9376404,19640600100133002,BEAM0110
-53.6132165365389,-25.0349507320487,40810688.5905015,BEAM0110,40810688.5905015,19640600100133202,BEAM0110
-53.5388867042616,-24.9558425402557,40810690.2599406,BEAM0110,40810690.2599406,19640600100133402,BEAM0110
-53.4654914348152,-24.8774288922164,40810691.9128401,BEAM0110,40810691.9128401,19640600100133602,BEAM0110
-53.3920603936206,-24.7990076917085,40810693.5657073,BEAM0110,40810693.5657073,19640600100133802,BEAM0110
-53.3186732110309,-24.720604262524,40810695.2186183,BEAM0110,40810695.2186183,19640600100134002,BEAM0110
-53.2453951875467,-24.6421367609612,40810696.8715079,BEAM0110,40810696.8715079,19640600100134202,BEAM0110
-53.1711799574294,-24.562455510007,40810698.5491769,BEAM0110,40810698.5491769,19640600100134402,BEAM0110
-53.0983146548299,-24.4837743163212,40810700.2020881,BEAM0110,40810700.2020881,19640600100134602,BEAM0110
-53.0247503626618,-24.4042871626545,40810701.8715056,BEAM0110,40810701.8715056,19640600100134802,BEAM0110
-52.9511795119492,-24.3248400256875,40810703.5409107,BEAM0110,40810703.5409107,19640600100135002,BEAM0110
-52.8783922096551,-24.2462015710921,40810705.1938218,BEAM0110,40810705.1938218,19640600100135202,BEAM0110
-52.8057261438739,-24.1674969455922,40810706.8467054,BEAM0110,40810706.8467054,19640600100135402,BEAM0110
-52.7317731702133,-24.0871345420734,40810708.5326444,BEAM0110,40810708.5326444,19640600100135602,BEAM0110
-52.6587332782124,-24.0074837881769,40810710.2020835,BEAM0110,40810710.2020835,19640600100135802,BEAM0110
-52.5863980432153,-23.9286664562102,40810711.854969,BEAM0110,40810711.854969,19640600100136002,BEAM0110
-52.5142016028755,-23.8497156861055,40810713.5078502,BEAM0110,40810713.5078502,19640600100136202,BEAM0110
-52.4413396299788,-23.7700245018074,40810715.1772892,BEAM0110,40810715.1772892,19640600100136402,BEAM0110
-52.3687892670848,-23.6906858685851,40810716.8384348,BEAM0110,40810716.8384348,19640600100136602,BEAM0110
-52.2960705074173,-23.6108705104718,40810718.5078479,BEAM0110,40810718.5078479,19640600100136802,BEAM0110
-52.224245055331,-23.5317511817276,40810720.160759,BEAM0110,40810720.160759,19640600100137002,BEAM0110
-52.152522179895,-23.4526572778258,40810721.8136345,BEAM0110,40810721.8136345,19640600100137202,BEAM0110
-52.0809448348739,-23.3735412044143,40810723.4665256,BEAM0110,40810723.4665256,19640600100137402,BEAM0110
-52.0093606133344,-23.2943369731539,40810725.1194367,BEAM0110,40810725.1194367,19640600100137602,BEAM0110
-51.9379502693398,-23.2150579325759,40810726.7723022,BEAM0110,40810726.7723022,19640600100137802,BEAM0110
-51.8665280284089,-23.1358600064864,40810728.4252034,BEAM0110,40810728.4252034,19640600100138002,BEAM0110
-51.7944381281521,-23.0557613131962,40810730.0946425,BEAM0110,40810730.0946425,19640600100138202,BEAM0110
-51.7232173013106,-22.9764391208144,40810731.747502,BEAM0110,40810731.747502,19640600100138402,BEAM0110
-51.6521795377162,-22.8970581436506,40810733.400409,BEAM0110,40810733.400409,19640600100138602,BEAM0110
-51.5811713266401,-22.8175332318606,40810735.0533201,BEAM0110,40810735.0533201,19640600100138802,BEAM0110
-51.5098810236359,-22.7377186566105,40810736.7144397,BEAM0110,40810736.7144397,19640600100139002,BEAM0110
-51.4376085397631,-22.6566866811423,40810738.4004068,BEAM0110,40810738.4004068,19640600100139202,BEAM0110
-51.3668289606234,-22.5771634371286,40810740.0533179,BEAM0110,40810740.0533179,19640600100139402,BEAM0110
-51.2955820620479,-22.4967317984888,40810741.7227015,BEAM0110,40810741.7227015,19640600100139602,BEAM0110
-51.2250147450568,-22.4170728598131,40810743.3756125,BEAM0110,40810743.3756125,19640600100139802,BEAM0110
-51.1545576976616,-22.3374186427195,40810745.0285236,BEAM0110,40810745.0285236,19640600100140002,BEAM0110
-51.0827887366294,-22.256112989016,40810746.7144352,BEAM0110,40810746.7144352,19640600100140202,BEAM0110
-51.0117463489747,-22.1755796779488,40810748.3838743,BEAM0110,40810748.3838743,19640600100140402,BEAM0110
-50.9407833140755,-22.0950634137139,40810750.0533133,BEAM0110,40810750.0533133,19640600100140602,BEAM0110
-50.8706080075933,-22.0152774987753,40810751.7061689,BEAM0110,40810751.7061689,19640600100140802,BEAM0110
-50.7998394400801,-21.9346577409255,40810753.375608,BEAM0110,40810753.375608,19640600100141002,BEAM0110
-50.7292975543214,-21.8539277525997,40810755.0450471,BEAM0110,40810755.0450471,19640600100141202,BEAM0110
-50.6587104625451,-21.7732226705414,40810756.7144307,BEAM0110,40810756.7144307,19640600100141402,BEAM0110
-50.5888158381844,-21.6933298938116,40810758.3673417,BEAM0110,40810758.3673417,19640600100141602,BEAM0110
-50.5190600086558,-21.613378335419,40810760.0202528,BEAM0110,40810760.0202528,19640600100141802,BEAM0110
-50.4494668974291,-21.533420315986,40810761.6731084,BEAM0110,40810761.6731084,19640600100142002,BEAM0110
-50.3792831182402,-21.4524812576982,40810763.3425474,BEAM0110,40810763.3425474,19640600100142202,BEAM0110
-50.3099100751195,-21.3723501400817,40810764.9954586,BEAM0110,40810764.9954586,19640600100142402,BEAM0110
-50.2405045103361,-21.2922440676664,40810766.6483141,BEAM0110,40810766.6483141,19640600100142602,BEAM0110
-50.1712324896218,-21.212102877579,40810768.3012252,BEAM0110,40810768.3012252,19640600100142802,BEAM0110
-50.1011974335032,-21.1312490150961,40810769.9706643,BEAM0110,40810769.9706643,19640600100143002,BEAM0110
-50.0320601653014,-21.05100263548,40810771.6235198,BEAM0110,40810771.6235198,19640600100143202,BEAM0110
-49.9631297927248,-20.9706906952672,40810773.2764309,BEAM0110,40810773.2764309,19640600100143402,BEAM0110
-49.8941979897798,-20.8904079336149,40810774.9293345,BEAM0110,40810774.9293345,19640600100143602,BEAM0110
-49.8253634944714,-20.8100282219257,40810776.5821976,BEAM0110,40810776.5821976,19640600100143802,BEAM0110
-49.7561324757118,-20.7293351671354,40810778.2433726,BEAM0110,40810778.2433726,19640600100144002,BEAM0110
-49.6873690178888,-20.6489717477111,40810779.8962682,BEAM0110,40810779.8962682,19640600100144202,BEAM0110
-49.6181137791503,-20.5676863666357,40810781.5656673,BEAM0110,40810781.5656673,19640600100144402,BEAM0110
-49.5495841032536,-20.4871926497552,40810783.2185784,BEAM0110,40810783.2185784,19640600100144602,BEAM0110
-49.480418666188,-20.4059171441261,40810784.8879999,BEAM0110,40810784.8879999,19640600100144802,BEAM0110
-49.4112738268928,-20.3245785435926,40810786.557401,BEAM0110,40810786.557401,19640600100145002,BEAM0110
-49.3421789228795,-20.2432531168312,40810788.2268401,BEAM0110,40810788.2268401,19640600100145202,BEAM0110
-49.2735621048136,-20.1622650113727,40810789.8879976,BEAM0110,40810789.8879976,19640600100145402,BEAM0110
-49.2054226982548,-20.0816107593313,40810791.5408707,BEAM0110,40810791.5408707,19640600100145602,BEAM0110
-49.1374014326769,-20.0009229791939,40810793.1937819,BEAM0110,40810793.1937819,19640600100145802,BEAM0110
-49.0672526788588,-19.9178481877594,40810794.8962614,BEAM0110,40810794.8962614,19640600100146002,BEAM0110
-48.999293609375,-19.8371308958203,40810796.5491325,BEAM0110,40810796.5491325,19640600100146202,BEAM0110
-48.9308353082191,-19.7555368942835,40810798.2185715,BEAM0110,40810798.2185715,19640600100146402,BEAM0110
-48.863101759922,-19.6746828591508,40810799.8714611,BEAM0110,40810799.8714611,19640600100146602,BEAM0110
-48.7953326306338,-19.5939187245267,40810801.5243382,BEAM0110,40810801.5243382,19640600100146802,BEAM0110
-48.7276695595608,-19.5131311116276,40810803.1772493,BEAM0110,40810803.1772493,19640600100147002,BEAM0110
-48.6598339248559,-19.4317778024236,40810804.8383949,BEAM0110,40810804.8383949,19640600100147202,BEAM0110
-48.5923757636324,-19.3508390076728,40810806.49128,BEAM0110,40810806.49128,19640600100147402,BEAM0110
-48.5241904311595,-19.2691003059407,40810808.160719,BEAM0110,40810808.160719,19640600100147602,BEAM0110
-48.4567811741996,-19.1882040381748,40810809.8135946,BEAM0110,40810809.8135946,19640600100147802,BEAM0110
-48.3894346995048,-19.1072272185421,40810811.4664856,BEAM0110,40810811.4664856,19640600100148002,BEAM0110
-48.3217215656702,-19.0253503255495,40810813.1359248,BEAM0110,40810813.1359248,19640600100148202,BEAM0110
-48.2547012438986,-18.9442806631572,40810814.7887943,BEAM0110,40810814.7887943,19640600100148402,BEAM0110
-48.1876877877747,-18.8632797595349,40810816.4416914,BEAM0110,40810816.4416914,19640600100148602,BEAM0110
-48.1200804822857,-18.7813839802829,40810818.1111305,BEAM0110,40810818.1111305,19640600100148802,BEAM0110
-48.0531199189908,-18.7003498557463,40810819.763994,BEAM0110,40810819.763994,19640600100149002,BEAM0110
-47.986012394913,-18.6187561898363,40810821.4251611,BEAM0110,40810821.4251611,19640600100149202,BEAM0110
-47.9192506269932,-18.5375318483496,40810823.0780722,BEAM0110,40810823.0780722,19640600100149402,BEAM0110
-47.8524787350558,-18.4563149608336,40810824.7309278,BEAM0110,40810824.7309278,19640600100149602,BEAM0110
-47.7848495966373,-18.3738861213722,40810826.4086308,BEAM0110,40810826.4086308,19640600100149802,BEAM0110
-47.7176760116307,-18.291780003759,40810828.07807,BEAM0110,40810828.07807,19640600100150002,BEAM0110
-47.6514886230118,-18.2108405439593,40810829.7309255,BEAM0110,40810829.7309255,19640600100150202,BEAM0110
-47.5848207466781,-18.1290315453434,40810831.3838366,BEAM0110,40810831.3838366,19640600100150402,BEAM0110
-47.5184284857865,-18.0476468209462,40810833.0367477,BEAM0110,40810833.0367477,19640600100150602,BEAM0110
-47.4514949095705,-17.9653527434413,40810834.7061312,BEAM0110,40810834.7061312,19640600100150802,BEAM0110
-47.3852994704071,-17.8838681984598,40810836.3590423,BEAM0110,40810836.3590423,19640600100151002,BEAM0110
-47.3184243127951,-17.8015821421226,40810838.0284814,BEAM0110,40810838.0284814,19640600100151202,BEAM0110
-47.2523382498775,-17.7200796100181,40810839.6813369,BEAM0110,40810839.6813369,19640600100151402,BEAM0110
-47.1847353785492,-17.63641565637,40810841.3755681,BEAM0110,40810841.3755681,19640600100151602,BEAM0110
-47.1181238797151,-17.5539764749292,40810843.0450071,BEAM0110,40810843.0450071,19640600100151802,BEAM0110
-47.052161119123,-17.4723900594111,40810844.6978626,BEAM0110,40810844.6978626,19640600100152002,BEAM0110
-46.9863017385785,-17.390726927556,40810846.3507738,BEAM0110,40810846.3507738,19640600100152202,BEAM0110
-46.9201520108584,-17.3087009939151,40810848.0119488,BEAM0110,40810848.0119488,19640600100152402,BEAM0110
-46.8543638442018,-17.2270566271619,40810849.6648044,BEAM0110,40810849.6648044,19640600100152602,BEAM0110
-46.7881805608292,-17.1447436941553,40810851.3342435,BEAM0110,40810851.3342435,19640600100152802,BEAM0110
-46.7225329667275,-17.0626347922265,40810852.9871546,BEAM0110,40810852.9871546,19640600100153002,BEAM0110
-46.6563295641237,-16.9800703285791,40810854.6565382,BEAM0110,40810854.6565382,19640600100153202,BEAM0110
-46.5908691165468,-16.8982340848501,40810856.3094492,BEAM0110,40810856.3094492,19640600100153402,BEAM0110
-46.5248527610686,-16.8155263469489,40810857.9788883,BEAM0110,40810857.9788883,19640600100153602,BEAM0110
-46.4594359196442,-16.7337518800461,40810859.6317438,BEAM0110,40810859.6317438,19640600100153802,BEAM0110
-46.392818433306,-16.6502392988892,40810861.3177109,BEAM0110,40810861.3177109,19640600100154002,BEAM0110
-46.327326923636,-16.5679369296518,40810862.9788861,BEAM0110,40810862.9788861,19640600100154202,BEAM0110
-46.2612365860783,-16.4847316184243,40810864.6565336,BEAM0110,40810864.6565336,19640600100154402,BEAM0110
-46.1961176959136,-16.4027756599394,40810866.3094446,BEAM0110,40810866.3094446,19640600100154602,BEAM0110
-46.1310402378334,-16.3207769600528,40810867.9623557,BEAM0110,40810867.9623557,19640600100154802,BEAM0110
-46.0660389632282,-16.2387086480761,40810869.6152113,BEAM0110,40810869.6152113,19640600100155002,BEAM0110
-46.0014208254438,-16.1568867121924,40810871.2681224,BEAM0110,40810871.2681224,19640600100155202,BEAM0110
-45.9363648454051,-16.0745062716507,40810872.921024,BEAM0110,40810872.921024,19640600100155402,BEAM0110
-45.8714783301154,-15.9924590755589,40810874.573889,BEAM0110,40810874.573889,19640600100155602,BEAM0110
-45.8060760739176,-15.9095135269562,40810876.2433282,BEAM0110,40810876.2433282,19640600100155802,BEAM0110
-45.7413424621383,-15.8274022359378,40810877.8962237,BEAM0110,40810877.8962237,19640600100156002,BEAM0110
-45.6760652805838,-15.74443019475,40810879.5656228,BEAM0110,40810879.5656228,19640600100156202,BEAM0110
-45.6108856967057,-15.6613612496198,40810881.2350618,BEAM0110,40810881.2350618,19640600100156402,BEAM0110
-45.5463517636532,-15.5791487736254,40810882.8879554,BEAM0110,40810882.8879554,19640600100156602,BEAM0110
-45.4819222837733,-15.4968785743479,40810884.5408285,BEAM0110,40810884.5408285,19640600100156802,BEAM0110
-45.4174551990395,-15.4146488454201,40810886.1937396,BEAM0110,40810886.1937396,19640600100157002,BEAM0110
-45.3530936684362,-15.3323889084699,40810887.8466232,BEAM0110,40810887.8466232,19640600100157202,BEAM0110
-45.2882055675548,-15.2492174440277,40810889.5160342,BEAM0110,40810889.5160342,19640600100157402,BEAM0110
-45.2234485556325,-15.1664947713468,40810891.1854733,BEAM0110,40810891.1854733,19640600100157602,BEAM0110
-45.1580927684342,-15.0825089915358,40810892.8631529,BEAM0110,40810892.8631529,19640600100157802,BEAM0110
-45.0940378579367,-15.0001189691006,40810894.516032,BEAM0110,40810894.516032,19640600100158002,BEAM0110
-45.029679142602,-14.9172174739491,40810896.1772071,BEAM0110,40810896.1772071,19640600100158202,BEAM0110
-44.9658204645274,-14.8351403008048,40810897.8300866,BEAM0110,40810897.8300866,19640600100158402,BEAM0110
-44.9016822553168,-14.7523748894038,40810899.4829737,BEAM0110,40810899.4829737,19640600100158602,BEAM0110
-44.8377549140654,-14.6699113308147,40810901.1358847,BEAM0110,40810901.1358847,19640600100158802,BEAM0110
-44.7732141724782,-14.5865889690096,40810902.8052863,BEAM0110,40810902.8052863,19640600100159002,BEAM0110
-44.7091308580332,-14.5036064096262,40810904.4664434,BEAM0110,40810904.4664434,19640600100159202,BEAM0110
-44.6447582933583,-14.4202268044288,40810906.1358825,BEAM0110,40810906.1358825,19640600100159402,BEAM0110
-44.5810201595408,-14.3376432359987,40810907.7887521,BEAM0110,40810907.7887521,19640600100159602,BEAM0110
-44.517420272116,-14.2550339415473,40810909.4416492,BEAM0110,40810909.4416492,19640600100159802,BEAM0110
-44.4532576732724,-14.1715997377959,40810911.1110882,BEAM0110,40810911.1110882,19640600100160002,BEAM0110
-44.389650262603,-14.0890265797065,40810912.7639518,BEAM0110,40810912.7639518,19640600100160202,BEAM0110
-44.3260797526592,-14.0064175192465,40810914.4168549,BEAM0110,40810914.4168549,19640600100160402,BEAM0110
-44.2626721061655,-13.9237588717853,40810916.069766,BEAM0110,40810916.069766,19640600100160602,BEAM0110
-44.1986530234703,-13.8402181819918,40810917.7391515,BEAM0110,40810917.7391515,19640600100160802,BEAM0110
-44.1353050467119,-13.7575146489479,40810919.3920606,BEAM0110,40810919.3920606,19640600100161002,BEAM0110
-44.0720486705617,-13.6747381319368,40810921.0449716,BEAM0110,40810921.0449716,19640600100161202,BEAM0110
-44.0072151367642,-13.5899275036746,40810922.7391492,BEAM0110,40810922.7391492,19640600100161402,BEAM0110
-43.9430219439597,-13.5058853587309,40810924.4168503,BEAM0110,40810924.4168503,19640600100161602,BEAM0110
-43.8785768254502,-13.4214443742688,40810926.1028174,BEAM0110,40810926.1028174,19640600100161802,BEAM0110
-43.8141892340038,-13.336968482282,40810927.788743,BEAM0110,40810927.788743,19640600100162002,BEAM0110
-43.751147733567,-13.2540782626904,40810929.44164,BEAM0110,40810929.44164,19640600100162202,BEAM0110
-43.686610987943,-13.1691327377986,40810931.1358712,BEAM0110,40810931.1358712,19640600100162402,BEAM0110
-43.6236400011955,-13.0862689268877,40810932.7887406,BEAM0110,40810932.7887406,19640600100162602,BEAM0110
-43.5606837773237,-13.0033752789596,40810934.4416377,BEAM0110,40810934.4416377,19640600100162802,BEAM0110
-43.4977993884699,-12.9204656297349,40810936.0945489,BEAM0110,40810936.0945489,19640600100163002,BEAM0110
-43.434938293686,-12.8375714005801,40810937.7474084,BEAM0110,40810937.7474084,19640600100163202,BEAM0110
-43.3715160385542,-12.7537937099464,40810939.4168435,BEAM0110,40810939.4168435,19640600100163402,BEAM0110
-43.3088502122538,-12.6707535602759,40810941.0697546,BEAM0110,40810941.0697546,19640600100163602,BEAM0110
-43.2461368267957,-12.5877750401189,40810942.7226102,BEAM0110,40810942.7226102,19640600100163802,BEAM0110
-43.1828620599648,-12.5039014505166,40810944.3920492,BEAM0110,40810944.3920492,19640600100164002,BEAM0110
-43.1195356530202,-12.4201737873843,40810946.0614883,BEAM0110,40810946.0614883,19640600100164202,BEAM0110
-43.0564128520443,-12.3362422194329,40810947.7308718,BEAM0110,40810947.7308718,19640600100164402,BEAM0110
-42.9939241731603,-12.2531664956141,40810949.383783,BEAM0110,40810949.383783,19640600100164602,BEAM0110
-42.9302209612129,-12.168361064135,40810951.06975,BEAM0110,40810951.06975,19640600100164802,BEAM0110
-42.8677804294335,-12.085195521935,40810952.7226056,BEAM0110,40810952.7226056,19640600100165002,BEAM0110
-42.8053748392642,-12.0021640546629,40810954.3755167,BEAM0110,40810954.3755167,19640600100165202,BEAM0110
-42.7430271634278,-11.919068982364,40810956.0284278,BEAM0110,40810956.0284278,19640600100165402,BEAM0110
-42.6797468014384,-11.8346151692213,40810957.7060753,BEAM0110,40810957.7060753,19640600100165602,BEAM0110
-42.6174693201119,-11.7514582127177,40810959.3589864,BEAM0110,40810959.3589864,19640600100165802,BEAM0110
-42.5552660570875,-11.6682801367248,40810961.0118975,BEAM0110,40810961.0118975,19640600100166002,BEAM0110
-42.4928338837446,-11.5846303588309,40810962.6730171,BEAM0110,40810962.6730171,19640600100166202,BEAM0110
-42.4306881812679,-11.5013990812657,40810964.3259281,BEAM0110,40810964.3259281,19640600100166402,BEAM0110
-42.3685376274719,-11.4181237850813,40810965.9788392,BEAM0110,40810965.9788392,19640600100166602,BEAM0110
-42.3064380690744,-11.3348254903934,40810967.6316948,BEAM0110,40810967.6316948,19640600100166802,BEAM0110
-42.2444547713299,-11.2516161584259,40810969.2846059,BEAM0110,40810969.2846059,19640600100167002,BEAM0110
-42.1824343060228,-11.1682842083058,40810970.9375114,BEAM0110,40810970.9375114,19640600100167202,BEAM0110
-42.1205594857851,-11.085003711971,40810972.5903725,BEAM0110,40810972.5903725,19640600100167402,BEAM0110
-42.0586644358787,-11.0016486265575,40810974.2432835,BEAM0110,40810974.2432835,19640600100167602,BEAM0110
-41.9955712019785,-10.9166724558406,40810975.9292431,BEAM0110,40810975.9292431,19640600100167802,BEAM0110
-41.9331856395617,-10.8324694211229,40810977.5986342,BEAM0110,40810977.5986342,19640600100168002,BEAM0110
-41.8714282860121,-10.7490894219136,40810979.2515453,BEAM0110,40810979.2515453,19640600100168202,BEAM0110
-41.8096493682854,-10.6657268295281,40810980.9044429,BEAM0110,40810980.9044429,19640600100168402,BEAM0110
-41.7473209996963,-10.5815264284882,40810982.57384,BEAM0110,40810982.57384,19640600100168602,BEAM0110
-41.6857070324343,-10.4981148132476,40810984.226751,BEAM0110,40810984.226751,19640600100168802,BEAM0110
-41.6241183468478,-10.4146740157767,40810985.8796426,BEAM0110,40810985.8796426,19640600100169002,BEAM0110
-41.5625671209425,-10.331236011363,40810987.5325177,BEAM0110,40810987.5325177,19640600100169202,BEAM0110
-41.5010478525816,-10.2477825141964,40810989.1854288,BEAM0110,40810989.1854288,19640600100169402,BEAM0110
-41.4388271245158,-10.163414380607,40810990.8548423,BEAM0110,40810990.8548423,19640600100169602,BEAM0110
-41.3772671857233,-10.0799091445047,40810992.5077234,BEAM0110,40810992.5077234,19640600100169802,BEAM0110
-41.3152010398521,-9.9956005111052,40810994.1771624,BEAM0110,40810994.1771624,19640600100170002,BEAM0110
-41.2531425808807,-9.91118382541933,40810995.846574,BEAM0110,40810995.846574,19640600100170202,BEAM0110
-41.1917795598412,-9.82759248605354,40810997.4994571,BEAM0110,40810997.4994571,19640600100170402,BEAM0110
-41.1305203267282,-9.74393195893688,40810999.1523682,BEAM0110,40810999.1523682,19640600100170602,BEAM0110
-41.0691871543451,-9.66038881798754,40811000.8052418,BEAM0110,40811000.8052418,19640600100170802,BEAM0110
-41.0072498895066,-9.57596523343629,40811002.4746629,BEAM0110,40811002.4746629,19640600100171002,BEAM0110
-40.9459593177858,-9.49234896115953,40811004.1275739,BEAM0110,40811004.1275739,19640600100171202,BEAM0110
-40.8847079754051,-9.40874898283532,40811005.7804414,BEAM0110,40811005.7804414,19640600100171402,BEAM0110
-40.8229268541158,-9.3242566269104,40811007.4498686,BEAM0110,40811007.4498686,19640600100171602,BEAM0110
-40.761186085262,-9.23970175192802,40811009.1193077,BEAM0110,40811009.1193077,19640600100171802,BEAM0110
-40.7001071397949,-9.15602003452883,40811010.7721732,BEAM0110,40811010.7721732,19640600100172002,BEAM0110
-40.6389930182636,-9.07234461757655,40811012.4250743,BEAM0110,40811012.4250743,19640600100172202,BEAM0110
-40.5778851734689,-8.9886432808077,40811014.0779854,BEAM0110,40811014.0779854,19640600100172402,BEAM0110
-40.5169276046965,-8.90492914993865,40811015.7308409,BEAM0110,40811015.7308409,19640600100172602,BEAM0110
-40.4559281183591,-8.82117953337526,40811017.383752,BEAM0110,40811017.383752,19640600100172802,BEAM0110
-40.3943627180361,-8.73661560315214,40811019.0531911,BEAM0110,40811019.0531911,19640600100173002,BEAM0110
-40.3321848283217,-8.65118302600429,40811020.7391047,BEAM0110,40811020.7391047,19640600100173202,BEAM0110
-40.2706268369705,-8.56665130662582,40811022.4085417,BEAM0110,40811022.4085417,19640600100173402,BEAM0110
-40.2103861113515,-8.48437084921951,40811024.0614529,BEAM0110,40811024.0614529,19640600100173602,BEAM0110
-40.1477753911362,-8.39758220654498,40811025.7473683,BEAM0110,40811025.7473683,19640600100173802,BEAM0110
-40.0863095474977,-8.31273803989404,40811027.4168035,BEAM0110,40811027.4168035,19640600100174002,BEAM0110
-40.0255335793658,-8.2288711546844,40811029.0697146,BEAM0110,40811029.0697146,19640600100174202,BEAM0110
-39.9647343473698,-8.14510877966612,40811030.7225701,BEAM0110,40811030.7225701,19640600100174402,BEAM0110
-39.9040456403136,-8.0612245389131,40811032.3754812,BEAM0110,40811032.3754812,19640600100174602,BEAM0110
-39.8433632376263,-7.97769094660838,40811034.0283923,BEAM0110,40811034.0283923,19640600100174802,BEAM0110
-39.7828154547892,-7.89397340207577,40811035.6812478,BEAM0110,40811035.6812478,19640600100175002,BEAM0110
-39.7220077542075,-7.80966801874945,40811037.3341589,BEAM0110,40811037.3341589,19640600100175202,BEAM0110
-39.6609146063118,-7.72534554474784,40811039.003598,BEAM0110,40811039.003598,19640600100175402,BEAM0110
-39.6002795448264,-7.64135238138989,40811040.6564536,BEAM0110,40811040.6564536,19640600100175602,BEAM0110
-39.5395574906454,-7.5571777138667,40811042.3093646,BEAM0110,40811042.3093646,19640600100175802,BEAM0110
-39.4790349567612,-7.47344499428761,40811043.9622757,BEAM0110,40811043.9622757,19640600100176002,BEAM0110
-39.4184977446153,-7.38946548933586,40811045.6151312,BEAM0110,40811045.6151312,19640600100176202,BEAM0110
-39.3580952553061,-7.30550600520486,40811047.2680423,BEAM0110,40811047.2680423,19640600100176402,BEAM0110
-39.2975844593529,-7.22160090117715,40811048.9209439,BEAM0110,40811048.9209439,19640600100176602,BEAM0110
-39.2370798920613,-7.13768603751425,40811050.573809,BEAM0110,40811050.573809,19640600100176802,BEAM0110
-39.176657139263,-7.05372386086263,40811052.2267201,BEAM0110,40811052.2267201,19640600100177002,BEAM0110
-39.1159453589366,-6.96932807242505,40811053.8878776,BEAM0110,40811053.8878776,19640600100177202,BEAM0110
-39.0554635938226,-6.88509978547244,40811055.5407507,BEAM0110,40811055.5407507,19640600100177402,BEAM0110
-38.9951386622896,-6.8010379991468,40811057.1936618,BEAM0110,40811057.1936618,19640600100177602,BEAM0110
-38.934201153597,-6.71620695757041,40811058.8630773,BEAM0110,40811058.8630773,19640600100177802,BEAM0110
-38.8738434278685,-6.6321977501393,40811060.5159564,BEAM0110,40811060.5159564,19640600100178002,BEAM0110
-38.8135931046394,-6.54817491790136,40811062.1688676,BEAM0110,40811062.1688676,19640600100178202,BEAM0110
-38.7532758470864,-6.46416226674034,40811063.8217451,BEAM0110,40811063.8217451,19640600100178402,BEAM0110
-38.6930381407338,-6.38010345121328,40811065.4746341,BEAM0110,40811065.4746341,19640600100178602,BEAM0110
-38.6322140722776,-6.29529774206059,40811067.1440732,BEAM0110,40811067.1440732,19640600100178802,BEAM0110
-38.5713964962056,-6.21033728974849,40811068.8134768,BEAM0110,40811068.8134768,19640600100179002,BEAM0110
-38.5100731823864,-6.12454613786821,40811070.4994239,BEAM0110,40811070.4994239,19640600100179202,BEAM0110
-38.4492881748926,-6.03962087486896,40811072.168863,BEAM0110,40811072.168863,19640600100179402,BEAM0110
-38.3891550398336,-5.95545867786123,40811073.8217405,BEAM0110,40811073.8217405,19640600100179602,BEAM0110
-38.3283320310129,-5.87059886340692,40811075.4911576,BEAM0110,40811075.4911576,19640600100179802,BEAM0110
-38.2682605527954,-5.78648962984188,40811077.1440687,BEAM0110,40811077.1440687,19640600100180002,BEAM0110
-38.2081726226649,-5.70235728422959,40811078.7969403,BEAM0110,40811078.7969403,19640600100180202,BEAM0110
-38.147847933694,-5.61775908831841,40811080.4580994,BEAM0110,40811080.4580994,19640600100180402,BEAM0110
-38.0865783333264,-5.53200764540387,40811082.1440665,BEAM0110,40811082.1440665,19640600100180602,BEAM0110
-38.0250534421181,-5.44570008078793,40811083.8382679,BEAM0110,40811083.8382679,19640600100180802,BEAM0110
-37.9645040079603,-5.36071649072289,40811085.507681,BEAM0110,40811085.507681,19640600100181002,BEAM0110
-37.9038163288897,-5.27572282815833,40811087.1771201,BEAM0110,40811087.1771201,19640600100181202,BEAM0110
-37.8433051666495,-5.19070616430688,40811088.8465317,BEAM0110,40811088.8465317,19640600100181402,BEAM0110
-37.7827077818848,-5.10570456392083,40811090.5159428,BEAM0110,40811090.5159428,19640600100181602,BEAM0110
-37.7227836656639,-5.02152323024703,40811092.1688539,BEAM0110,40811092.1688539,19640600100181802,BEAM0110
-37.6628422196316,-4.93736202670846,40811093.8217314,BEAM0110,40811093.8217314,19640600100182002,BEAM0110
-37.6029540163763,-4.85311845707585,40811095.4746205,BEAM0110,40811095.4746205,19640600100182202,BEAM0110
-37.5431051181009,-4.76894268046339,40811097.1275316,BEAM0110,40811097.1275316,19640600100182402,BEAM0110
-37.4832384852981,-4.68469699311619,40811098.7803992,BEAM0110,40811098.7803992,19640600100182602,BEAM0110
-37.4237074325217,-4.60112673909351,40811100.4332983,BEAM0110,40811100.4332983,19640600100182802,BEAM0110
-37.3628900087438,-4.51546855869839,40811102.1027373,BEAM0110,40811102.1027373,19640600100183002,BEAM0110
-37.3025463551013,-4.43052819817068,40811103.7721308,BEAM0110,40811103.7721308,19640600100183202,BEAM0110
-37.2420323138965,-4.34530251777366,40811105.4415599,BEAM0110,40811105.4415599,19640600100183402,BEAM0110
-37.1822509205973,-4.26105922777945,40811107.0944711,BEAM0110,40811107.0944711,19640600100183602,BEAM0110
-37.1224212049354,-4.17682842995556,40811108.7473306,BEAM0110,40811108.7473306,19640600100183802,BEAM0110
-37.0621710439753,-4.09169107765604,40811110.4167657,BEAM0110,40811110.4167657,19640600100184002,BEAM0110
-37.0018396564838,-4.00672200917714,40811112.0862047,BEAM0110,40811112.0862047,19640600100184202,BEAM0110
-36.9414691704525,-3.92149144456376,40811113.7555943,BEAM0110,40811113.7555943,19640600100184402,BEAM0110
-36.8818170726883,-3.83713060660624,40811115.4084994,BEAM0110,40811115.4084994,19640600100184602,BEAM0110
-36.8221037593614,-3.75290545784224,40811117.0614105,BEAM0110,40811117.0614105,19640600100184802,BEAM0110
-36.7620444678957,-3.66822092122064,40811118.7225301,BEAM0110,40811118.7225301,19640600100185002,BEAM0110
-36.7023754049533,-3.58395500860844,40811120.3754411,BEAM0110,40811120.3754411,19640600100185202,BEAM0110
-36.6427168446373,-3.49965972028875,40811122.0283522,BEAM0110,40811122.0283522,19640600100185402,BEAM0110
-36.582639529576,-3.41498986116687,40811123.6894718,BEAM0110,40811123.6894718,19640600100185602,BEAM0110
-36.5227758699793,-3.33059341043515,40811125.3589109,BEAM0110,40811125.3589109,19640600100185802,BEAM0110
-36.4622623543009,-3.24459231718828,40811127.0283499,BEAM0110,40811127.0283499,19640600100186002,BEAM0110
-36.4027456707478,-3.16066809373663,40811128.6812055,BEAM0110,40811128.6812055,19640600100186202,BEAM0110
-36.3423613225948,-3.07521167793528,40811130.3506445,BEAM0110,40811130.3506445,19640600100186402,BEAM0110
-36.282196511084,-2.98998208855234,40811132.0200837,BEAM0110,40811132.0200837,19640600100186602,BEAM0110
-36.2222797417364,-2.90527644130897,40811133.6812032,BEAM0110,40811133.6812032,19640600100186802,BEAM0110
-36.1620803695342,-2.82010376536063,40811135.3506423,BEAM0110,40811135.3506423,19640600100187002,BEAM0110
-36.1025454501851,-2.73579222121118,40811137.0035534,BEAM0110,40811137.0035534,19640600100187202,BEAM0110
-36.0429145620238,-2.65148430257879,40811138.656409,BEAM0110,40811138.656409,19640600100187402,BEAM0110
-35.9834631129484,-2.5670734544219,40811140.30932,BEAM0110,40811140.30932,19640600100187602,BEAM0110
-35.9238835226709,-2.48270195133039,40811141.9622311,BEAM0110,40811141.9622311,19640600100187802,BEAM0110
-35.8636854581836,-2.39756470365014,40811143.6316147,BEAM0110,40811143.6316147,19640600100188002,BEAM0110
-35.8041500513363,-2.31317539171532,40811145.2845258,BEAM0110,40811145.2845258,19640600100188202,BEAM0110
-35.7445540205652,-2.22889158825094,40811146.9374313,BEAM0110,40811146.9374313,19640600100188402,BEAM0110
-35.6854287053052,-2.14546668525029,40811148.5902924,BEAM0110,40811148.5902924,19640600100188602,BEAM0110
-35.6253540454412,-2.06021137018992,40811150.2597315,BEAM0110,40811150.2597315,19640600100188802,BEAM0110
-35.5659891493347,-1.9761666541553,40811151.912631,BEAM0110,40811151.912631,19640600100189002,BEAM0110
-35.5065362494514,-1.89202119611953,40811153.5654981,BEAM0110,40811153.5654981,19640600100189202,BEAM0110
-35.4470439420899,-1.80758370671068,40811155.2184092,BEAM0110,40811155.2184092,19640600100189402,BEAM0110
-35.3869371958203,-1.721745098616,40811156.8712988,BEAM0110,40811156.8712988,19640600100189602,BEAM0110
-35.3274279920187,-1.63733558859759,40811158.5241758,BEAM0110,40811158.5241758,19640600100189802,BEAM0110
-35.2673048283588,-1.55206770051723,40811160.1936149,BEAM0110,40811160.1936149,19640600100190002,BEAM0110
-35.2078063600433,-1.46766576284617,40811161.8464985,BEAM0110,40811161.8464985,19640600100190202,BEAM0110
-35.1482986248355,-1.38329531905075,40811163.4993815,BEAM0110,40811163.4993815,19640600100190402,BEAM0110
-35.0888933613872,-1.29886167330115,40811165.1522926,BEAM0110,40811165.1522926,19640600100190602,BEAM0110
-35.0294175812452,-1.21445898279054,40811166.8051662,BEAM0110,40811166.8051662,19640600100190802,BEAM0110
-34.9699648778403,-1.13012050481715,40811168.4580592,BEAM0110,40811168.4580592,19640600100191002,BEAM0110
-34.9098416301257,-1.04486612333885,40811170.1274984,BEAM0110,40811170.1274984,19640600100191202,BEAM0110
-34.8503368846149,-0.960517011762748,40811171.7803659,BEAM0110,40811171.7803659,19640600100191402,BEAM0110
-34.7897386299141,-0.8743948930678,40811173.466321,BEAM0110,40811173.466321,19640600100191602,BEAM0110
-34.7300781660481,-0.789531562326604,40811175.1274961,BEAM0110,40811175.1274961,19640600100191802,BEAM0110
-34.670015472073,-0.704298158271826,40811176.7968956,BEAM0110,40811176.7968956,19640600100192002,BEAM0110
-34.6102846174407,-0.619497800043041,40811178.4580547,BEAM0110,40811178.4580547,19640600100192202,BEAM0110
-34.5502614951845,-0.534223173472956,40811180.1274938,BEAM0110,40811180.1274938,19640600100192402,BEAM0110
-34.4910667054641,-0.450326759417536,40811181.7803613,BEAM0110,40811181.7803613,19640600100192602,BEAM0110
-34.4313728706668,-0.365434354141055,40811183.4332605,BEAM0110,40811183.4332605,19640600100192802,BEAM0110
-34.3713886955716,-0.280429591910007,40811185.1026995,BEAM0110,40811185.1026995,19640600100193002,BEAM0110
-34.3112908002529,-0.194847561363775,40811186.772093,BEAM0110,40811186.772093,19640600100193202,BEAM0110
-34.2520324585766,-0.110953424907539,40811188.4249941,BEAM0110,40811188.4249941,19640600100193402,BEAM0110
-34.1925339353337,-0.0265644503770324,40811190.0779053,BEAM0110,40811190.0779053,19640600100193602,BEAM0110
-34.132947707568,0.0583181145163847,40811191.7307608,BEAM0110,40811191.7307608,19640600100193802,BEAM0110
-97.4023983352202,-49.7275024125735,40810014.65279,BEAM1000,40810014.65279,19640800100000054,BEAM1000
-97.3264565477446,-49.7117510352959,40810015.4875095,BEAM1000,40810015.4875095,19640800100000254,BEAM1000
-97.2512603238296,-49.6960285923495,40810016.3139651,BEAM1000,40810016.3139651,19640800100000454,BEAM1000
-97.1761623114456,-49.6803497167422,40810017.1404207,BEAM1000,40810017.1404207,19640800100000654,BEAM1000
-97.1011568881062,-49.6647087013407,40810017.9668762,BEAM1000,40810017.9668762,19640800100000854,BEAM1000
-97.0261258610905,-49.6490257382868,40810018.7932912,BEAM1000,40810018.7932912,19640800100001054,BEAM1000
-96.9509308904002,-49.6332337117351,40810019.6197317,BEAM1000,40810019.6197317,19640800100001254,BEAM1000
-96.8321598081956,-49.6080458105845,40810020.9296792,BEAM1000,40810020.9296792,19640800100001454,BEAM1000
-96.6811867978507,-49.5756045125367,40810022.5990703,BEAM1000,40810022.5990703,19640800100001654,BEAM1000
-96.5317695498316,-49.5434124950672,40810024.2519813,BEAM1000,40810024.2519813,19640800100001854,BEAM1000
-96.3796999079162,-49.5102977087727,40810025.9379429,BEAM1000,40810025.9379429,19640800100002054,BEAM1000
-96.2291418159086,-49.4773970702466,40810027.607332,BEAM1000,40810027.607332,19640800100002254,BEAM1000
-96.0802967169475,-49.4446728513415,40810029.2602431,BEAM1000,40810029.2602431,19640800100002454,BEAM1000
-95.9317740464176,-49.4115943040075,40810030.9131426,BEAM1000,40810030.9131426,19640800100002654,BEAM1000
-95.7805739666788,-49.3776625689477,40810032.5990657,BEAM1000,40810032.5990657,19640800100002854,BEAM1000
-95.6294186858001,-49.343521713095,40810034.2850327,BEAM1000,40810034.2850327,19640800100003054,BEAM1000
-95.4814624024905,-49.3099276534924,40810035.9379382,BEAM1000,40810035.9379382,19640800100003254,BEAM1000
-95.3337591015186,-49.275963334619,40810037.5907994,BEAM1000,40810037.5907994,19640800100003454,BEAM1000
-95.1848335789087,-49.24159874327,40810039.2602384,BEAM1000,40810039.2602384,19640800100003654,BEAM1000
-95.0360536045601,-49.2069732057691,40810040.9296699,BEAM1000,40810040.9296699,19640800100003854,BEAM1000
-94.8889894905983,-49.1724233174238,40810042.582533,BEAM1000,40810042.582533,19640800100004054,BEAM1000
-94.7392240554912,-49.1370762615663,40810044.2685001,BEAM1000,40810044.2685001,19640800100004254,BEAM1000
-94.5925813189153,-49.1021615151544,40810045.9214016,BEAM1000,40810045.9214016,19640800100004454,BEAM1000
-94.4461721295819,-49.0671119967018,40810047.5742666,BEAM1000,40810047.5742666,19640800100004654,BEAM1000
-94.3000033947431,-49.031754179587,40810049.2271777,BEAM1000,40810049.2271777,19640800100004854,BEAM1000
-94.1526213434054,-48.9958706241649,40810050.8966013,BEAM1000,40810050.8966013,19640800100005054,BEAM1000
-94.0068020566135,-48.9601830663089,40810052.5494723,BEAM1000,40810052.5494723,19640800100005254,BEAM1000
-93.8591779033823,-48.9236417954835,40810054.2271754,BEAM1000,40810054.2271754,19640800100005454,BEAM1000
-93.7138317646878,-48.8874838199966,40810055.880067,BEAM1000,40810055.880067,19640800100005654,BEAM1000
-93.5665682373493,-48.8506994865394,40810057.557734,BEAM1000,40810057.557734,19640800100005854,BEAM1000
-93.4216932980283,-48.8141726170256,40810059.2106451,BEAM1000,40810059.2106451,19640800100006054,BEAM1000
-93.277036919982,-48.7773624366189,40810060.8635326,BEAM1000,40810060.8635326,19640800100006254,BEAM1000
-93.1324982271904,-48.7404723994919,40810062.5164117,BEAM1000,40810062.5164117,19640800100006454,BEAM1000
-92.986149507253,-48.7026891517052,40810064.1941148,BEAM1000,40810064.1941148,19640800100006654,BEAM1000
-92.8408003924699,-48.6650112266323,40810065.8635304,BEAM1000,40810065.8635304,19640800100006854,BEAM1000
-92.6962747088324,-48.627355196978,40810067.5246734,BEAM1000,40810067.5246734,19640800100007054,BEAM1000
-92.5512298150556,-48.5893011133206,40810069.1941124,BEAM1000,40810069.1941124,19640800100007254,BEAM1000
-92.4078937604146,-48.5513457368442,40810070.8469959,BEAM1000,40810070.8469959,19640800100007454,BEAM1000
-92.2648914156884,-48.513188089445,40810072.499879,BEAM1000,40810072.499879,19640800100007654,BEAM1000
-92.1205867036674,-48.4744607964429,40810074.1693182,BEAM1000,40810074.1693182,19640800100007854,BEAM1000
-91.9779864719053,-48.4360024417166,40810075.8221956,BEAM1000,40810075.8221956,19640800100008054,BEAM1000
-91.8320431259428,-48.3962209725838,40810077.5164048,BEAM1000,40810077.5164048,19640800100008254,BEAM1000
-91.689280061935,-48.3570374588529,40810079.1775798,BEAM1000,40810079.1775798,19640800100008454,BEAM1000
-91.5471373691433,-48.317979935558,40810080.8304593,BEAM1000,40810080.8304593,19640800100008654,BEAM1000
-91.4055992977961,-48.2787314432175,40810082.4833464,BEAM1000,40810082.4833464,19640800100008854,BEAM1000
-91.2626496564637,-48.2388007119265,40810084.1527854,BEAM1000,40810084.1527854,19640800100009054,BEAM1000
-91.1214421489773,-48.1991458222783,40810085.805659,BEAM1000,40810085.805659,19640800100009254,BEAM1000
-90.977505837967,-48.1584386222045,40810087.4916081,BEAM1000,40810087.4916081,19640800100009454,BEAM1000
-90.8367981764751,-48.118345611714,40810089.1445192,BEAM1000,40810089.1445192,19640800100009654,BEAM1000
-90.6961482200716,-48.0781107740089,40810090.7973907,BEAM1000,40810090.7973907,19640800100009854,BEAM1000
-90.5558031740107,-48.0376417851464,40810092.4502858,BEAM1000,40810092.4502858,19640800100010054,BEAM1000
-90.4157620672948,-47.9970064094007,40810094.1031968,BEAM1000,40810094.1031968,19640800100010254,BEAM1000
-90.2758771406575,-47.9561124891709,40810095.7560584,BEAM1000,40810095.7560584,19640800100010454,BEAM1000
-90.1362617669419,-47.9151745697274,40810097.4089635,BEAM1000,40810097.4089635,19640800100010654,BEAM1000
-89.99269251616,-47.8725503516841,40810099.1114585,BEAM1000,40810099.1114585,19640800100010854,BEAM1000
-89.8535513515491,-47.8312774417482,40810100.764322,BEAM1000,40810100.764322,19640800100011054,BEAM1000
-89.7144411829774,-47.789722522781,40810102.4172251,BEAM1000,40810102.4172251,19640800100011254,BEAM1000
-89.575867155222,-47.7479896571199,40810104.0701362,BEAM1000,40810104.0701362,19640800100011454,BEAM1000
-89.4358646723233,-47.705484087844,40810105.7395217,BEAM1000,40810105.7395217,19640800100011654,BEAM1000
-89.2976388869381,-47.6634951051735,40810107.3924308,BEAM1000,40810107.3924308,19640800100011854,BEAM1000
-89.1595021512732,-47.6212426301856,40810109.0453418,BEAM1000,40810109.0453418,19640800100012054,BEAM1000
-89.0217864901345,-47.5787986074218,40810110.6981974,BEAM1000,40810110.6981974,19640800100012254,BEAM1000
-88.8842251672938,-47.535971465028,40810112.3511084,BEAM1000,40810112.3511084,19640800100012454,BEAM1000
-88.7469681516315,-47.4931506365593,40810114.0040196,BEAM1000,40810114.0040196,19640800100012654,BEAM1000
-88.6098033557538,-47.4501329181091,40810115.6568751,BEAM1000,40810115.6568751,19640800100012854,BEAM1000
-88.4715037336995,-47.4066266659828,40810117.3263142,BEAM1000,40810117.3263142,19640800100013054,BEAM1000
-88.3347730544325,-47.363309444556,40810118.9792253,BEAM1000,40810118.9792253,19640800100013254,BEAM1000
-88.1984995826654,-47.3196084579676,40810120.6320807,BEAM1000,40810120.6320807,19640800100013454,BEAM1000
-88.0623219625472,-47.2757783851337,40810122.2849918,BEAM1000,40810122.2849918,19640800100013654,BEAM1000
-87.9249664175625,-47.2315334688811,40810123.9544293,BEAM1000,40810123.9544293,19640800100013854,BEAM1000
-87.7880456111017,-47.1869046390648,40810125.6238144,BEAM1000,40810125.6238144,19640800100014054,BEAM1000
-87.6511988170935,-47.1421983797522,40810127.2932535,BEAM1000,40810127.2932535,19640800100014254,BEAM1000
-87.5140454272257,-47.0969696493899,40810128.9709566,BEAM1000,40810128.9709566,19640800100014454,BEAM1000
-87.3790685018831,-47.0523616755103,40810130.6238121,BEAM1000,40810130.6238121,19640800100014654,BEAM1000
-87.2428690753436,-47.007262255179,40810132.2932512,BEAM1000,40810132.2932512,19640800100014854,BEAM1000
-87.108379815035,-46.9621924632998,40810133.9461587,BEAM1000,40810133.9461587,19640800100015054,BEAM1000
-86.9741320573162,-46.9170258742326,40810135.5990178,BEAM1000,40810135.5990178,19640800100015254,BEAM1000
-86.8381218276674,-46.8708896685893,40810137.2767209,BEAM1000,40810137.2767209,19640800100015454,BEAM1000
-86.7043119550522,-46.8253886081225,40810138.9296244,BEAM1000,40810138.9296244,19640800100015654,BEAM1000
-86.5693270407431,-46.7793259331773,40810140.5990155,BEAM1000,40810140.5990155,19640800100015854,BEAM1000
-86.4361287538966,-46.7333951130046,40810142.2519265,BEAM1000,40810142.2519265,19640800100016054,BEAM1000
-86.3010420341735,-46.6865221399602,40810143.929622,BEAM1000,40810143.929622,19640800100016254,BEAM1000
-86.1681068851198,-46.6405772784169,40810145.5824851,BEAM1000,40810145.5824851,19640800100016454,BEAM1000
-86.0340856305862,-46.5936399711413,40810147.2519242,BEAM1000,40810147.2519242,19640800100016654,BEAM1000
-85.9005554353071,-46.5466461740644,40810148.9213538,BEAM1000,40810148.9213538,19640800100016854,BEAM1000
-85.768387375017,-46.4997655104831,40810150.5742189,BEAM1000,40810150.5742189,19640800100017054,BEAM1000
-85.6359327727665,-46.4526895589399,40810152.2353939,BEAM1000,40810152.2353939,19640800100017254,BEAM1000
-85.5029921002504,-46.4049801470384,40810153.9048195,BEAM1000,40810153.9048195,19640800100017454,BEAM1000
-85.3716184002369,-46.3578050401224,40810155.5576885,BEAM1000,40810155.5576885,19640800100017654,BEAM1000
-85.2391443783052,-46.3099059668912,40810157.2271276,BEAM1000,40810157.2271276,19640800100017854,BEAM1000
-85.1069021510622,-46.2618692086311,40810158.8965511,BEAM1000,40810158.8965511,19640800100018054,BEAM1000
-84.9762224990963,-46.2141186113498,40810160.5494222,BEAM1000,40810160.5494222,19640800100018254,BEAM1000
-84.8451840309483,-46.165839047202,40810162.2105972,BEAM1000,40810162.2105972,19640800100018454,BEAM1000
-84.7150212248245,-46.1178493653378,40810163.8634848,BEAM1000,40810163.8634848,19640800100018654,BEAM1000
-84.5836027567973,-46.0692180260196,40810165.5328919,BEAM1000,40810165.5328919,19640800100018854,BEAM1000
-84.453257258728,-46.0206892713815,40810167.194067,BEAM1000,40810167.194067,19640800100019054,BEAM1000
-84.323646704746,-45.9722448317568,40810168.8469505,BEAM1000,40810168.8469505,19640800100019254,BEAM1000
-84.1925124802227,-45.9228846068415,40810170.5246256,BEAM1000,40810170.5246256,19640800100019454,BEAM1000
-84.0636213508831,-45.8738308364928,40810172.1775367,BEAM1000,40810172.1775367,19640800100019654,BEAM1000
-83.9351562283547,-45.8248455132772,40810173.8304162,BEAM1000,40810173.8304162,19640800100019854,BEAM1000
-83.8066662388129,-45.7757027723144,40810175.4833034,BEAM1000,40810175.4833034,19640800100020054,BEAM1000
-83.6771946043479,-45.7257730079103,40810177.1527424,BEAM1000,40810177.1527424,19640800100020254,BEAM1000
-83.5491413812509,-45.6762599924492,40810178.8056159,BEAM1000,40810178.8056159,19640800100020454,BEAM1000
-83.4187952108689,-45.6256164018736,40810180.4915651,BEAM1000,40810180.4915651,19640800100020654,BEAM1000
-83.2913355487066,-45.5757418896225,40810182.1444761,BEAM1000,40810182.1444761,19640800100020854,BEAM1000
-83.1627794422023,-45.5251817295457,40810183.8138796,BEAM1000,40810183.8138796,19640800100021054,BEAM1000
-83.0356801160874,-45.4750943386497,40810185.4667708,BEAM1000,40810185.4667708,19640800100021254,BEAM1000
-82.9074956915894,-45.4243469556751,40810187.1362099,BEAM1000,40810187.1362099,19640800100021454,BEAM1000
-82.7810831946312,-45.3736477570466,40810188.7890794,BEAM1000,40810188.7890794,19640800100021654,BEAM1000
-82.6546920082632,-45.3230241390856,40810190.4419765,BEAM1000,40810190.4419765,19640800100021854,BEAM1000
-82.5284525861782,-45.272322645069,40810192.0948875,BEAM1000,40810192.0948875,19640800100022054,BEAM1000
-82.4025130134197,-45.2214161693967,40810193.7477471,BEAM1000,40810193.7477471,19640800100022254,BEAM1000
-82.2757272612975,-45.1697356552703,40810195.4171822,BEAM1000,40810195.4171822,19640800100022454,BEAM1000
-82.1490486861501,-45.1177889374314,40810197.0866213,BEAM1000,40810197.0866213,19640800100022654,BEAM1000
-82.0237884727206,-45.0664437374942,40810198.7394788,BEAM1000,40810198.7394788,19640800100022854,BEAM1000
-81.899012919712,-45.0148434400892,40810200.3923879,BEAM1000,40810200.3923879,19640800100023054,BEAM1000
-81.7742933105841,-44.9631205071918,40810202.045299,BEAM1000,40810202.045299,19640800100023254,BEAM1000
-81.6497867743461,-44.9113791140437,40810203.6981545,BEAM1000,40810203.6981545,19640800100023454,BEAM1000
-81.5253421925643,-44.8593130393872,40810205.3510657,BEAM1000,40810205.3510657,19640800100023654,BEAM1000
-81.4002729023801,-44.8066665910817,40810207.0205047,BEAM1000,40810207.0205047,19640800100023854,BEAM1000
-81.2765946585507,-44.7541585602027,40810208.6733603,BEAM1000,40810208.6733603,19640800100024054,BEAM1000
-81.1530863955917,-44.7017615346284,40810210.3262713,BEAM1000,40810210.3262713,19640800100024254,BEAM1000
-81.0271704765973,-44.6481904027427,40810212.0122384,BEAM1000,40810212.0122384,19640800100024454,BEAM1000
-80.9005014192688,-44.593797258132,40810213.714678,BEAM1000,40810213.714678,19640800100024654,BEAM1000
-80.7776574581922,-44.5408255100853,40810215.367589,BEAM1000,40810215.367589,19640800100024854,BEAM1000
-80.6550144600582,-44.4878339200293,40810217.0205001,BEAM1000,40810217.0205001,19640800100025054,BEAM1000
-80.5301517085239,-44.4334800390412,40810218.7064117,BEAM1000,40810218.7064117,19640800100025254,BEAM1000
-80.4056889984002,-44.3789984932039,40810220.3923787,BEAM1000,40810220.3923787,19640800100025454,BEAM1000
-80.2836195519142,-44.3254435193785,40810222.0452899,BEAM1000,40810222.0452899,19640800100025654,BEAM1000
-80.1597046784905,-44.2707632949089,40810223.7312014,BEAM1000,40810223.7312014,19640800100025854,BEAM1000
-80.0371245947078,-44.2163260124398,40810225.4006405,BEAM1000,40810225.4006405,19640800100026054,BEAM1000
-79.9157118984893,-44.1623597714595,40810227.0535515,BEAM1000,40810227.0535515,19640800100026254,BEAM1000
-79.7935299047642,-44.1078386751506,40810228.7229351,BEAM1000,40810228.7229351,19640800100026454,BEAM1000
-79.6721860987722,-44.0531682223915,40810230.3841102,BEAM1000,40810230.3841102,19640800100026654,BEAM1000
-79.5518428665167,-43.9988919328791,40810232.0370212,BEAM1000,40810232.0370212,19640800100026854,BEAM1000
-79.43151400573,-43.9441996284989,40810233.6898768,BEAM1000,40810233.6898768,19640800100027054,BEAM1000
-79.3116620494379,-43.8895868315984,40810235.3427879,BEAM1000,40810235.3427879,19640800100027254,BEAM1000
-79.1892901514738,-43.8337255308899,40810237.028755,BEAM1000,40810237.028755,19640800100027454,BEAM1000
-79.0675176864199,-43.7777881063023,40810238.7146665,BEAM1000,40810238.7146665,19640800100027654,BEAM1000
-78.9470284091885,-43.7220315244555,40810240.3841056,BEAM1000,40810240.3841056,19640800100027854,BEAM1000
-78.8279401041438,-43.6667653989906,40810242.0370166,BEAM1000,40810242.0370166,19640800100028054,BEAM1000
-78.7073667516347,-43.6104631248902,40810243.7146643,BEAM1000,40810243.7146643,19640800100028254,BEAM1000
-78.5874534469209,-43.5543769552222,40810245.3841033,BEAM1000,40810245.3841033,19640800100028454,BEAM1000
-78.4690915126484,-43.4988154831411,40810247.0370144,BEAM1000,40810247.0370144,19640800100028654,BEAM1000
-78.3507361803041,-43.4428152192984,40810248.6898699,BEAM1000,40810248.6898699,19640800100028854,BEAM1000
-78.2304178280927,-43.3858046868952,40810250.375837,BEAM1000,40810250.375837,19640800100029054,BEAM1000
-78.1125137756037,-43.3296343632509,40810252.0287481,BEAM1000,40810252.0287481,19640800100029254,BEAM1000
-77.9951204946748,-43.2735067670005,40810253.6816036,BEAM1000,40810253.6816036,19640800100029454,BEAM1000
-77.8765530157311,-43.21643264204,40810255.3510427,BEAM1000,40810255.3510427,19640800100029654,BEAM1000
-77.7595294988108,-43.1599549900602,40810257.0039538,BEAM1000,40810257.0039538,19640800100029854,BEAM1000
-77.6427115681611,-43.1032928026612,40810258.6568094,BEAM1000,40810258.6568094,19640800100030054,BEAM1000
-77.5262438930674,-43.0464859964165,40810260.3097205,BEAM1000,40810260.3097205,19640800100030254,BEAM1000
-77.4088067374303,-42.9891225292878,40810261.9791595,BEAM1000,40810261.9791595,19640800100030454,BEAM1000
-77.2914631018674,-42.9314458024658,40810263.6485431,BEAM1000,40810263.6485431,19640800100030654,BEAM1000
-77.1746336760348,-42.8737092963555,40810265.3179822,BEAM1000,40810265.3179822,19640800100030854,BEAM1000
-77.0589108295424,-42.8164219884466,40810266.9708932,BEAM1000,40810266.9708932,19640800100031054,BEAM1000
-76.9423729967256,-42.7584047512673,40810268.6402768,BEAM1000,40810268.6402768,19640800100031254,BEAM1000
-76.8271333750753,-42.7007905711872,40810270.2931878,BEAM1000,40810270.2931878,19640800100031454,BEAM1000
-76.7115339135288,-42.6428358976984,40810271.9543613,BEAM1000,40810271.9543613,19640800100031654,BEAM1000
-76.5968432226718,-42.5850510483582,40810273.6072185,BEAM1000,40810273.6072185,19640800100031854,BEAM1000
-76.4825110669617,-42.5269377486085,40810275.2601295,BEAM1000,40810275.2601295,19640800100032054,BEAM1000
-76.367610293988,-42.4685808533577,40810276.9212951,BEAM1000,40810276.9212951,19640800100032254,BEAM1000
-76.2535267768208,-42.41052486822,40810278.5741602,BEAM1000,40810278.5741602,19640800100032454,BEAM1000
-76.1390218050732,-42.3518889109277,40810280.2353353,BEAM1000,40810280.2353353,19640800100032654,BEAM1000
-76.0253543296932,-42.293474338156,40810281.8882288,BEAM1000,40810281.8882288,19640800100032854,BEAM1000
-75.9115189422555,-42.2344829810196,40810283.5493659,BEAM1000,40810283.5493659,19640800100033054,BEAM1000
-75.7983066553972,-42.1757508850382,40810285.202277,BEAM1000,40810285.202277,19640800100033254,BEAM1000
-75.6853734161147,-42.1169132320352,40810286.8551625,BEAM1000,40810286.8551625,19640800100033454,BEAM1000
-75.5727156667292,-42.0578755632803,40810288.5080436,BEAM1000,40810288.5080436,19640800100033654,BEAM1000
-75.4579279563346,-41.9975699387595,40810290.1940107,BEAM1000,40810290.1940107,19640800100033854,BEAM1000
-75.3444712216684,-41.9377900606713,40810291.8634263,BEAM1000,40810291.8634263,19640800100034054,BEAM1000
-75.2296153920347,-41.8770534612644,40810293.5576253,BEAM1000,40810293.5576253,19640800100034254,BEAM1000
-75.1178541302101,-41.8174070614072,40810295.2105364,BEAM1000,40810295.2105364,19640800100034454,BEAM1000
-75.0061027685539,-41.7579282066323,40810296.8634239,BEAM1000,40810296.8634239,19640800100034654,BEAM1000
-74.8937020928452,-41.697610528117,40810298.532831,BEAM1000,40810298.532831,19640800100034854,BEAM1000
-74.7820041456951,-41.6374152849177,40810300.1940061,BEAM1000,40810300.1940061,19640800100035054,BEAM1000
-74.669961356907,-41.5767432217012,40810301.8634216,BEAM1000,40810301.8634216,19640800100035254,BEAM1000
-74.5591780206454,-41.5167575222045,40810303.5163008,BEAM1000,40810303.5163008,19640800100035454,BEAM1000
-74.4474960829375,-41.4558952260039,40810305.1857398,BEAM1000,40810305.1857398,19640800100035654,BEAM1000
-74.3361305131954,-41.3950336404349,40810306.8551534,BEAM1000,40810306.8551534,19640800100035854,BEAM1000
-74.2260257204059,-41.3345191772003,40810308.5080344,BEAM1000,40810308.5080344,19640800100036054,BEAM1000
-74.1151708968903,-41.2732491279457,40810310.1774735,BEAM1000,40810310.1774735,19640800100036254,BEAM1000
-74.0055054493187,-41.2126021211446,40810311.830353,BEAM1000,40810311.830353,19640800100036454,BEAM1000
-73.8949129896489,-41.1512521519217,40810313.4997681,BEAM1000,40810313.4997681,19640800100036654,BEAM1000
-73.7858502417844,-41.0903741086513,40810315.1526792,BEAM1000,40810315.1526792,19640800100036854,BEAM1000
-73.6757888386959,-41.0287237146993,40810316.8220848,BEAM1000,40810316.8220848,19640800100037054,BEAM1000
-73.5666829406428,-40.9672497436037,40810318.4915019,BEAM1000,40810318.4915019,19640800100037254,BEAM1000
-73.4570011479346,-40.9053752340642,40810320.160941,BEAM1000,40810320.160941,19640800100037454,BEAM1000
-73.3463999468019,-40.8428483035254,40810321.8468805,BEAM1000,40810321.8468805,19640800100037654,BEAM1000
-73.2382750971548,-40.7812276410973,40810323.4997636,BEAM1000,40810323.4997636,19640800100037854,BEAM1000
-73.1296807942081,-40.7192994258169,40810325.1526746,BEAM1000,40810325.1526746,19640800100038054,BEAM1000
-73.0203639820983,-40.6566400045087,40810326.8303462,BEAM1000,40810326.8303462,19640800100038254,BEAM1000
-72.9129949623903,-40.5946904485219,40810328.4832333,BEAM1000,40810328.4832333,19640800100038454,BEAM1000
-72.8056483941345,-40.5327646552708,40810330.1361443,BEAM1000,40810330.1361443,19640800100038654,BEAM1000
-72.6969011484815,-40.4698358723846,40810331.8138119,BEAM1000,40810331.8138119,19640800100038854,BEAM1000
-72.5894782462618,-40.4073403125272,40810333.474967,BEAM1000,40810333.474967,19640800100039054,BEAM1000
-72.4828317969173,-40.3450335229376,40810335.1278781,BEAM1000,40810335.1278781,19640800100039254,BEAM1000
-72.3753670176397,-40.2819092765032,40810336.7972776,BEAM1000,40810336.7972776,19640800100039454,BEAM1000
-72.269104575291,-40.2193809473254,40810338.4501727,BEAM1000,40810338.4501727,19640800100039654,BEAM1000
-72.163172068384,-40.1567421989554,40810340.1030838,BEAM1000,40810340.1030838,19640800100039854,BEAM1000
-72.0573777454295,-40.0939078587686,40810341.7559453,BEAM1000,40810341.7559453,19640800100040054,BEAM1000
-71.9516161634886,-40.0310358448723,40810343.4088504,BEAM1000,40810343.4088504,19640800100040254,BEAM1000
-71.8462966232947,-39.9680973878328,40810345.0617615,BEAM1000,40810345.0617615,19640800100040454,BEAM1000
-71.740994557613,-39.904982890526,40810346.714617,BEAM1000,40810346.714617,19640800100040654,BEAM1000
-71.6339588595689,-39.8405548682926,40810348.4005841,BEAM1000,40810348.4005841,19640800100040854,BEAM1000
-71.5271440728148,-39.7759061331411,40810350.0865512,BEAM1000,40810350.0865512,19640800100041054,BEAM1000
-71.4220635245597,-39.712282690082,40810351.7476747,BEAM1000,40810351.7476747,19640800100041254,BEAM1000
-71.31662076382,-39.6480379814861,40810353.4171099,BEAM1000,40810353.4171099,19640800100041454,BEAM1000
-71.2124694318919,-39.5845183176662,40810355.070021,BEAM1000,40810355.070021,19640800100041654,BEAM1000
-71.107457342836,-39.5201384037069,40810356.7394065,BEAM1000,40810356.7394065,19640800100041854,BEAM1000
-71.0017023626206,-39.4549570376668,40810358.4253715,BEAM1000,40810358.4253715,19640800100042054,BEAM1000
-70.8959362924092,-39.3896894949618,40810360.1113387,BEAM1000,40810360.1113387,19640800100042254,BEAM1000
-70.7921121857977,-39.3255188626157,40810361.7724681,BEAM1000,40810361.7724681,19640800100042454,BEAM1000
-70.6878640848718,-39.2606326105854,40810363.4418973,BEAM1000,40810363.4418973,19640800100042654,BEAM1000
-70.5828523744687,-39.1950163769353,40810365.1278644,BEAM1000,40810365.1278644,19640800100042854,BEAM1000
-70.4790688538064,-39.1299764892811,40810366.7972639,BEAM1000,40810366.7972639,19640800100043054,BEAM1000
-70.3754189785949,-39.0648478374878,40810368.466687,BEAM1000,40810368.466687,19640800100043254,BEAM1000
-70.2731548162771,-39.0002692666137,40810370.1195981,BEAM1000,40810370.1195981,19640800100043454,BEAM1000
-70.1708759191172,-38.93554485921,40810371.7724636,BEAM1000,40810371.7724636,19640800100043654,BEAM1000
-70.0668708650005,-38.8695711591768,40810373.4584207,BEAM1000,40810373.4584207,19640800100043854,BEAM1000
-69.9650427728192,-38.8046368436004,40810375.1113318,BEAM1000,40810375.1113318,19640800100044054,BEAM1000
-69.8624892158836,-38.7390783527089,40810376.7807273,BEAM1000,40810376.7807273,19640800100044254,BEAM1000
-69.7611257384984,-38.673839201117,40810378.4336265,BEAM1000,40810378.4336265,19640800100044454,BEAM1000
-69.659878210456,-38.6087146357344,40810380.0865375,BEAM1000,40810380.0865375,19640800100044654,BEAM1000
-69.5589321536833,-38.5434319726371,40810381.7393951,BEAM1000,40810381.7393951,19640800100044854,BEAM1000
-69.4572376233998,-38.4771181479656,40810383.4088321,BEAM1000,40810383.4088321,19640800100045054,BEAM1000
-69.3556140500619,-38.4111042477086,40810385.0782712,BEAM1000,40810385.0782712,19640800100045254,BEAM1000
-69.2552333432584,-38.3455249137111,40810386.7311267,BEAM1000,40810386.7311267,19640800100045454,BEAM1000
-69.1551116870277,-38.2797657157545,40810388.3840378,BEAM1000,40810388.3840378,19640800100045654,BEAM1000
-69.0540892057699,-38.2132081972329,40810390.053477,BEAM1000,40810390.053477,19640800100045854,BEAM1000
-68.9542814445596,-38.1472989331499,40810391.7063325,BEAM1000,40810391.7063325,19640800100046054,BEAM1000
-68.8546649792004,-38.0812927582922,40810393.3592435,BEAM1000,40810393.3592435,19640800100046254,BEAM1000
-68.7553097022123,-38.0151339680872,40810395.0121547,BEAM1000,40810395.0121547,19640800100046454,BEAM1000
-68.655530738164,-37.9485865726451,40810396.6815382,BEAM1000,40810396.6815382,19640800100046654,BEAM1000
-68.5561760620411,-37.8819169194346,40810398.3344492,BEAM1000,40810398.3344492,19640800100046854,BEAM1000
-68.4572621987815,-37.8155729298285,40810399.9873604,BEAM1000,40810399.9873604,19640800100047054,BEAM1000
-68.3585524197145,-37.7491129254785,40810401.6402158,BEAM1000,40810401.6402158,19640800100047254,BEAM1000
-68.260155267604,-37.6824396972411,40810403.293127,BEAM1000,40810403.293127,19640800100047454,BEAM1000
-68.1608136533009,-37.6151466629765,40810404.9625661,BEAM1000,40810404.9625661,19640800100047654,BEAM1000
-68.0627180164532,-37.5484313459526,40810406.6154216,BEAM1000,40810406.6154216,19640800100047854,BEAM1000
-67.9648704054335,-37.4815586945358,40810408.2683327,BEAM1000,40810408.2683327,19640800100048054,BEAM1000
-67.8661159051253,-37.4139640812271,40810409.9377662,BEAM1000,40810409.9377662,19640800100048254,BEAM1000
-67.7676614534321,-37.346150950971,40810411.6071553,BEAM1000,40810411.6071553,19640800100048454,BEAM1000
-67.6693593919988,-37.2783422929146,40810413.2765945,BEAM1000,40810413.2765945,19640800100048654,BEAM1000
-67.5721539564142,-37.2111784799162,40810414.929498,BEAM1000,40810414.929498,19640800100048854,BEAM1000
-67.4742564919256,-37.1430452052783,40810416.5988891,BEAM1000,40810416.5988891,19640800100049054,BEAM1000
-67.3764954585815,-37.0749664015028,40810418.2683282,BEAM1000,40810418.2683282,19640800100049254,BEAM1000
-67.2797785419355,-37.0074853935314,40810419.9212297,BEAM1000,40810419.9212297,19640800100049454,BEAM1000
-67.1813562914671,-36.9385732607601,40810421.6071508,BEAM1000,40810421.6071508,19640800100049654,BEAM1000
-67.0850550641147,-36.8708479274969,40810423.2600619,BEAM1000,40810423.2600619,19640800100049854,BEAM1000
-66.9890666255597,-36.8030029016713,40810424.9129614,BEAM1000,40810424.9129614,19640800100050054,BEAM1000
-66.8921653952311,-36.7344594189458,40810426.5823565,BEAM1000,40810426.5823565,19640800100050254,BEAM1000
-66.7965097450327,-36.6665392674485,40810428.2352676,BEAM1000,40810428.2352676,19640800100050454,BEAM1000
-66.7001812903358,-36.5976720750746,40810429.9046931,BEAM1000,40810429.9046931,19640800100050654,BEAM1000
-66.6037970898802,-36.5287772203873,40810431.5740902,BEAM1000,40810431.5740902,19640800100050854,BEAM1000
-66.5086054729795,-36.4606369719105,40810433.2270013,BEAM1000,40810433.2270013,19640800100051054,BEAM1000
-66.4125920988915,-36.3916316373908,40810434.8964248,BEAM1000,40810434.8964248,19640800100051254,BEAM1000
-66.3168299650861,-36.322621291034,40810436.565824,BEAM1000,40810436.565824,19640800100051454,BEAM1000
-66.2222227165833,-36.2539586949192,40810438.218735,BEAM1000,40810438.218735,19640800100051654,BEAM1000
-66.1268690684744,-36.1846883602491,40810439.8881565,BEAM1000,40810439.8881565,19640800100051854,BEAM1000
-66.0326079241226,-36.115999089287,40810441.5410296,BEAM1000,40810441.5410296,19640800100052054,BEAM1000
-65.9384885846996,-36.0472641519208,40810443.1939408,BEAM1000,40810443.1939408,19640800100052254,BEAM1000
-65.8436470678462,-35.9777423891864,40810444.8633562,BEAM1000,40810444.8633562,19640800100052454,BEAM1000
-65.7499144294793,-35.9088006590053,40810446.5162354,BEAM1000,40810446.5162354,19640800100052654,BEAM1000
-65.6563705591176,-35.8397760968697,40810448.1691465,BEAM1000,40810448.1691465,19640800100052854,BEAM1000
-65.5628782745834,-35.7706736861277,40810449.822024,BEAM1000,40810449.822024,19640800100053054,BEAM1000
-65.4689072511799,-35.700737523803,40810451.4914411,BEAM1000,40810451.4914411,19640800100053254,BEAM1000
-65.3758065136541,-35.6314258588491,40810453.1443522,BEAM1000,40810453.1443522,19640800100053454,BEAM1000
-65.2829093887831,-35.5621137731003,40810454.7972237,BEAM1000,40810454.7972237,19640800100053654,BEAM1000
-65.1892601965918,-35.4919126506013,40810456.4666468,BEAM1000,40810456.4666468,19640800100053854,BEAM1000
-65.0957962319713,-35.4217275808157,40810458.1360859,BEAM1000,40810458.1360859,19640800100054054,BEAM1000
-65.0024854766255,-35.3514031439503,40810459.8054875,BEAM1000,40810459.8054875,19640800100054254,BEAM1000
-64.9086126676598,-35.2801923855761,40810461.4914365,BEAM1000,40810461.4914365,19640800100054454,BEAM1000
-64.8155722386069,-35.209733686953,40810463.1608756,BEAM1000,40810463.1608756,19640800100054654,BEAM1000
-64.7226907115783,-35.1392717710802,40810464.8302832,BEAM1000,40810464.8302832,19640800100054854,BEAM1000
-64.6301556198245,-35.0687069761993,40810466.4996983,BEAM1000,40810466.4996983,19640800100055054,BEAM1000
-64.5387866796779,-34.9986126528432,40810468.1526093,BEAM1000,40810468.1526093,19640800100055254,BEAM1000
-64.4466033909408,-34.927919612061,40810469.8220149,BEAM1000,40810469.8220149,19640800100055454,BEAM1000
-64.3554945904618,-34.8577739112015,40810471.474904,BEAM1000,40810471.474904,19640800100055654,BEAM1000
-64.2647272986415,-34.7873792190336,40810473.1278151,BEAM1000,40810473.1278151,19640800100055854,BEAM1000
-64.17284499069,-34.716452302472,40810474.7972146,BEAM1000,40810474.7972146,19640800100056054,BEAM1000
-64.0820164687289,-34.6462108643533,40810476.4501097,BEAM1000,40810476.4501097,19640800100056254,BEAM1000
-63.9906891928874,-34.5749245165037,40810478.1195488,BEAM1000,40810478.1195488,19640800100056454,BEAM1000
-63.9003534692727,-34.5043571247782,40810479.7724143,BEAM1000,40810479.7724143,19640800100056654,BEAM1000
-63.8093900338644,-34.4329592773183,40810481.4418434,BEAM1000,40810481.4418434,19640800100056854,BEAM1000
-63.7193523806488,-34.362231319975,40810483.0947545,BEAM1000,40810483.0947545,19640800100057054,BEAM1000
-63.6294088763585,-34.291468148518,40810484.747614,BEAM1000,40810484.747614,19640800100057254,BEAM1000
-63.5398106391654,-34.2204887189903,40810486.4005212,BEAM1000,40810486.4005212,19640800100057454,BEAM1000
-63.4502706460877,-34.1495208182361,40810488.0534323,BEAM1000,40810488.0534323,19640800100057654,BEAM1000
-63.3608751187179,-34.0785075067006,40810489.7062877,BEAM1000,40810489.7062877,19640800100057854,BEAM1000
-63.2706924334752,-34.0066539570313,40810491.3757269,BEAM1000,40810491.3757269,19640800100058054,BEAM1000
-63.1812445925556,-33.9350928288615,40810493.036902,BEAM1000,40810493.036902,19640800100058254,BEAM1000
-63.0922299885596,-33.8638548348021,40810494.6897575,BEAM1000,40810494.6897575,19640800100058454,BEAM1000
-63.0034541142879,-33.7924996141106,40810496.3426686,BEAM1000,40810496.3426686,19640800100058654,BEAM1000
-62.9149783715065,-33.7209578616065,40810497.9955797,BEAM1000,40810497.9955797,19640800100058854,BEAM1000
-62.8265810582289,-33.6494282250594,40810499.6484352,BEAM1000,40810499.6484352,19640800100059054,BEAM1000
-62.7364163439028,-33.5765052897348,40810501.3344023,BEAM1000,40810501.3344023,19640800100059254,BEAM1000
-62.6482505069696,-33.5048328435741,40810502.9873135,BEAM1000,40810502.9873135,19640800100059454,BEAM1000
-62.5602664264782,-33.4331757696848,40810504.640169,BEAM1000,40810504.640169,19640800100059654,BEAM1000
-62.4715274847008,-33.3606901280183,40810506.3096081,BEAM1000,40810506.3096081,19640800100059854,BEAM1000
-62.3821695884303,-33.287317042954,40810507.9955751,BEAM1000,40810507.9955751,19640800100060054,BEAM1000
-62.2946818509427,-33.2154291522049,40810509.6484307,BEAM1000,40810509.6484307,19640800100060254,BEAM1000
-62.2074630130602,-33.1435529990276,40810511.3013418,BEAM1000,40810511.3013418,19640800100060454,BEAM1000
-62.1194769579795,-33.0707201790559,40810512.9707809,BEAM1000,40810512.9707809,19640800100060654,BEAM1000
-62.032249264631,-32.9983795888583,40810514.6236364,BEAM1000,40810514.6236364,19640800100060854,BEAM1000
-61.9435269349602,-32.924766364295,40810516.3096035,BEAM1000,40810516.3096035,19640800100061054,BEAM1000
-61.8567349850572,-32.8524701004973,40810517.9625146,BEAM1000,40810517.9625146,19640800100061254,BEAM1000
-61.7701617420133,-32.7800665991216,40810519.6153702,BEAM1000,40810519.6153702,19640800100061454,BEAM1000
-61.6828775120839,-32.7068629810793,40810521.2848092,BEAM1000,40810521.2848092,19640800100061654,BEAM1000
-61.5966886406161,-32.6342350255057,40810522.9377147,BEAM1000,40810522.9377147,19640800100061854,BEAM1000
-61.5103608079259,-32.5617732614056,40810524.5905759,BEAM1000,40810524.5905759,19640800100062054,BEAM1000
-61.424351462211,-32.4890756064923,40810526.243487,BEAM1000,40810526.243487,19640800100062254,BEAM1000
-61.3368827720602,-32.4148374466444,40810527.9294465,BEAM1000,40810527.9294465,19640800100062454,BEAM1000
-61.2511009328245,-32.342009948518,40810529.5823096,BEAM1000,40810529.5823096,19640800100062654,BEAM1000
-61.1656058958701,-32.269058358123,40810531.2352207,BEAM1000,40810531.2352207,19640800100062854,BEAM1000
-61.0798148396957,-32.1956836613873,40810532.8963802,BEAM1000,40810532.8963802,19640800100063054,BEAM1000
-60.9936514636951,-32.1219561272408,40810534.5657793,BEAM1000,40810534.5657793,19640800100063254,BEAM1000
-60.9085908894083,-32.0488114818871,40810536.2186905,BEAM1000,40810536.2186905,19640800100063454,BEAM1000
-60.823575028821,-31.9756524308112,40810537.87158,BEAM1000,40810537.87158,19640800100063654,BEAM1000
-60.7387095729109,-31.9023968413502,40810539.5244571,BEAM1000,40810539.5244571,19640800100063854,BEAM1000
-60.652356749101,-31.8276282771283,40810541.2104241,BEAM1000,40810541.2104241,19640800100064054,BEAM1000
-60.5677912412157,-31.75422952307,40810542.8633117,BEAM1000,40810542.8633117,19640800100064254,BEAM1000
-60.4826489618367,-31.6799866713166,40810544.5327187,BEAM1000,40810544.5327187,19640800100064454,BEAM1000
-60.3983764326197,-31.6065302301402,40810546.1856299,BEAM1000,40810546.1856299,19640800100064654,BEAM1000
-60.3141984991964,-31.5329518689389,40810547.8385114,BEAM1000,40810547.8385114,19640800100064854,BEAM1000
-60.2302841884458,-31.4592392546059,40810549.4913965,BEAM1000,40810549.4913965,19640800100065054,BEAM1000
-60.1464137737831,-31.3854894093047,40810551.1443076,BEAM1000,40810551.1443076,19640800100065254,BEAM1000
-60.0626756395822,-31.3117554378248,40810552.7971791,BEAM1000,40810552.7971791,19640800100065454,BEAM1000
-59.9777977033505,-31.23680971447,40810554.4748662,BEAM1000,40810554.4748662,19640800100065654,BEAM1000
-59.89377758292,-31.1621358378566,40810556.1443053,BEAM1000,40810556.1443053,19640800100065854,BEAM1000
-59.8088839928338,-31.0866480485214,40810557.8302409,BEAM1000,40810557.8302409,19640800100066054,BEAM1000
-59.7258485986392,-31.0126666089251,40810559.4831279,BEAM1000,40810559.4831279,19640800100066254,BEAM1000
-59.6413165685728,-30.9371070742208,40810561.169095,BEAM1000,40810561.169095,19640800100066454,BEAM1000
-59.5568129851186,-30.8615311649081,40810562.8550366,BEAM1000,40810562.8550366,19640800100066654,BEAM1000
-59.4741322786465,-30.7873327605507,40810564.5079177,BEAM1000,40810564.5079177,19640800100066854,BEAM1000
-59.3914621294707,-30.7130275644569,40810566.1608288,BEAM1000,40810566.1608288,19640800100067054,BEAM1000
-59.3090690996788,-30.6386348136639,40810567.8137043,BEAM1000,40810567.8137043,19640800100067254,BEAM1000
-59.2269655827077,-30.5641439520181,40810569.4665954,BEAM1000,40810569.4665954,19640800100067454,BEAM1000
-59.1445332273772,-30.4892864308013,40810571.1277705,BEAM1000,40810571.1277705,19640800100067654,BEAM1000
-59.0625356696621,-30.4147536497557,40810572.7806381,BEAM1000,40810572.7806381,19640800100067854,BEAM1000
-58.979767125066,-30.3395332822478,40810574.4500651,BEAM1000,40810574.4500651,19640800100068054,BEAM1000
-58.8971363949711,-30.2641826961639,40810576.1195043,BEAM1000,40810576.1195043,19640800100068254,BEAM1000
-58.8148018207519,-30.1886350608437,40810577.7889018,BEAM1000,40810577.7889018,19640800100068454,BEAM1000
-58.732079955954,-30.1128255835905,40810579.4665909,BEAM1000,40810579.4665909,19640800100068654,BEAM1000
-58.6483468293695,-30.0356952215056,40810581.1690859,BEAM1000,40810581.1690859,19640800100068854,BEAM1000
-58.567222400513,-29.9607707461769,40810582.8219635,BEAM1000,40810582.8219635,19640800100069054,BEAM1000
-58.4861380400668,-29.8858314908654,40810584.4748526,BEAM1000,40810584.4748526,19640800100069254,BEAM1000
-58.4043511557751,-29.8101009885182,40810586.1442917,BEAM1000,40810586.1442917,19640800100069454,BEAM1000
-58.3235128919716,-29.7351263291089,40810587.7971633,BEAM1000,40810587.7971633,19640800100069654,BEAM1000
-58.2427928826223,-29.6599112265679,40810589.4500584,BEAM1000,40810589.4500584,19640800100069854,BEAM1000
-58.1616956397837,-29.5838081018647,40810591.1194974,BEAM1000,40810591.1194974,19640800100070054,BEAM1000
-58.0813159639444,-29.5086297095329,40810592.7723629,BEAM1000,40810592.7723629,19640800100070254,BEAM1000
-58.0001591005362,-29.4326548406494,40810594.441792,BEAM1000,40810594.441792,19640800100070454,BEAM1000
-57.919950477121,-29.3573116834704,40810596.0947032,BEAM1000,40810596.0947032,19640800100070654,BEAM1000
-57.8382654421341,-29.2804403628419,40810597.7806267,BEAM1000,40810597.7806267,19640800100070854,BEAM1000
-57.7579459010035,-29.2046091035134,40810599.4417898,BEAM1000,40810599.4417898,19640800100071054,BEAM1000
-57.6773584324572,-29.1282917828863,40810601.1112289,BEAM1000,40810601.1112289,19640800100071254,BEAM1000
-57.5970248866343,-29.0519235365637,40810602.7806245,BEAM1000,40810602.7806245,19640800100071454,BEAM1000
-57.516029681815,-28.9746555095917,40810604.4665796,BEAM1000,40810604.4665796,19640800100071654,BEAM1000
-57.435810007932,-28.8981727195759,40810606.1360186,BEAM1000,40810606.1360186,19640800100071854,BEAM1000
-57.3553230393722,-28.8213673887067,40810607.8136861,BEAM1000,40810607.8136861,19640800100072054,BEAM1000
-57.2756100440495,-28.745205107636,40810609.4748413,BEAM1000,40810609.4748413,19640800100072254,BEAM1000
-57.1965834283271,-28.6693833654592,40810611.1277523,BEAM1000,40810611.1277523,19640800100072454,BEAM1000
-57.1178332259394,-28.5933395675377,40810612.7806199,BEAM1000,40810612.7806199,19640800100072654,BEAM1000
-57.0391102486075,-28.5173554664583,40810614.433519,BEAM1000,40810614.433519,19640800100072854,BEAM1000
-56.9596878674413,-28.4406245065359,40810616.1029581,BEAM1000,40810616.1029581,19640800100073054,BEAM1000
-56.881064220565,-28.3645857547916,40810617.7558197,BEAM1000,40810617.7558197,19640800100073254,BEAM1000
-56.802746667154,-28.2885312368313,40810619.4087247,BEAM1000,40810619.4087247,19640800100073454,BEAM1000
-56.7246513503033,-28.2123662369441,40810621.0616358,BEAM1000,40810621.0616358,19640800100073654,BEAM1000
-56.645710395841,-28.1355374150038,40810622.7310194,BEAM1000,40810622.7310194,19640800100073854,BEAM1000
-56.5676913244785,-28.059149276582,40810624.3839304,BEAM1000,40810624.3839304,19640800100074054,BEAM1000
-56.4889549920092,-27.9821359500941,40810626.0533695,BEAM1000,40810626.0533695,19640800100074254,BEAM1000
-56.4111463328615,-27.9057656868,40810627.706225,BEAM1000,40810627.706225,19640800100074454,BEAM1000
-56.331867835236,-27.8277580124109,40810629.3921922,BEAM1000,40810629.3921922,19640800100074654,BEAM1000
-56.2542170750452,-27.751366849966,40810631.0451033,BEAM1000,40810631.0451033,19640800100074854,BEAM1000
-56.1765023216365,-27.6742908510109,40810632.7062228,BEAM1000,40810632.7062228,19640800100075054,BEAM1000
-56.0984695164384,-27.5968249238408,40810634.3756619,BEAM1000,40810634.3756619,19640800100075254,BEAM1000
-56.0201050856018,-27.5189788617482,40810636.053365,BEAM1000,40810636.053365,19640800100075454,BEAM1000
-55.9429974576769,-27.4422894708471,40810637.7062206,BEAM1000,40810637.7062206,19640800100075654,BEAM1000
-55.8660679240778,-27.3654599468645,40810639.3591316,BEAM1000,40810639.3591316,19640800100075854,BEAM1000
-55.7891568379713,-27.2886452344467,40810641.0120427,BEAM1000,40810641.0120427,19640800100076054,BEAM1000
-55.7115760283804,-27.2110247794145,40810642.6814263,BEAM1000,40810642.6814263,19640800100076254,BEAM1000
-55.6342513657891,-27.133248789217,40810644.3508654,BEAM1000,40810644.3508654,19640800100076454,BEAM1000
-55.5559340728572,-27.0542509175448,40810646.0450964,BEAM1000,40810646.0450964,19640800100076654,BEAM1000
-55.4787692206189,-26.9763514557634,40810647.71448,BEAM1000,40810647.71448,19640800100076854,BEAM1000
-55.4024780100364,-26.8992943328322,40810649.3673911,BEAM1000,40810649.3673911,19640800100077054,BEAM1000
-55.3247581761635,-26.8206061621691,40810651.0533582,BEAM1000,40810651.0533582,19640800100077254,BEAM1000
-55.2486438775633,-26.7434102223367,40810652.7062138,BEAM1000,40810652.7062138,19640800100077454,BEAM1000
-55.1719909209807,-26.6653680869377,40810654.3756528,BEAM1000,40810654.3756528,19640800100077654,BEAM1000
-55.0961464189706,-26.5880519950801,40810656.0285639,BEAM1000,40810656.0285639,19640800100077854,BEAM1000
-55.0197175645794,-26.5098806694265,40810657.6979475,BEAM1000,40810657.6979475,19640800100078054,BEAM1000
-54.9441644194545,-26.4324214626627,40810659.3508585,BEAM1000,40810659.3508585,19640800100078254,BEAM1000
-54.8686781847455,-26.3549846846868,40810661.0037696,BEAM1000,40810661.0037696,19640800100078454,BEAM1000
-54.7924585422227,-26.2767343541966,40810662.6731532,BEAM1000,40810662.6731532,19640800100078654,BEAM1000
-54.7166559185314,-26.1988458960144,40810664.3343283,BEAM1000,40810664.3343283,19640800100078854,BEAM1000
-54.6414530168806,-26.1212823397777,40810665.9872394,BEAM1000,40810665.9872394,19640800100079054,BEAM1000
-54.5645021980625,-26.041660265728,40810667.6814149,BEAM1000,40810667.6814149,19640800100079254,BEAM1000
-54.4891717885633,-25.9635309185398,40810669.34259,BEAM1000,40810669.34259,19640800100079454,BEAM1000
-54.4143735355653,-25.885756841151,40810670.9955011,BEAM1000,40810670.9955011,19640800100079654,BEAM1000
-54.3396073806356,-25.8080012260987,40810672.6483566,BEAM1000,40810672.6483566,19640800100079854,BEAM1000
-54.264989757164,-25.7301180781041,40810674.3012678,BEAM1000,40810674.3012678,19640800100080054,BEAM1000
-54.190450527186,-25.6522408896169,40810675.9541773,BEAM1000,40810675.9541773,19640800100080254,BEAM1000
-54.1152194254495,-25.5736087451248,40810677.6235624,BEAM1000,40810677.6235624,19640800100080454,BEAM1000
-54.0407947157834,-25.4956663484633,40810679.2764734,BEAM1000,40810679.2764734,19640800100080654,BEAM1000
-53.9665215488325,-25.4176402390852,40810680.929377,BEAM1000,40810680.929377,19640800100080854,BEAM1000
-53.8924831685618,-25.339558808206,40810682.5822402,BEAM1000,40810682.5822402,19640800100081054,BEAM1000
-53.818575520352,-25.2613497114467,40810684.2351512,BEAM1000,40810684.2351512,19640800100081254,BEAM1000
-53.7437553638215,-25.1825054832253,40810685.9045768,BEAM1000,40810685.9045768,19640800100081454,BEAM1000
-53.6699716785427,-25.1043377671257,40810687.5574458,BEAM1000,40810687.5574458,19640800100081654,BEAM1000
-53.5961708209283,-25.0261457632939,40810689.210357,BEAM1000,40810689.210357,19640800100081854,BEAM1000
-53.5226737948095,-24.9477614314841,40810690.8632445,BEAM1000,40810690.8632445,19640800100082054,BEAM1000
-53.4492553494811,-24.8693400224044,40810692.5161235,BEAM1000,40810692.5161235,19640800100082254,BEAM1000
-53.3750741397404,-24.7901671516198,40810694.1855626,BEAM1000,40810694.1855626,19640800100082454,BEAM1000
-53.3017040127102,-24.7117579525359,40810695.8384442,BEAM1000,40810695.8384442,19640800100082654,BEAM1000
-53.2284521744234,-24.6332951521491,40810697.4913293,BEAM1000,40810697.4913293,19640800100082854,BEAM1000
-53.1554235992553,-24.5547168146918,40810699.1442404,BEAM1000,40810699.1442404,19640800100083054,BEAM1000
-53.0822390686383,-24.4756045159827,40810700.805378,BEAM1000,40810700.805378,19640800100083254,BEAM1000
-53.0093355092447,-24.3969468767883,40810702.458271,BEAM1000,40810702.458271,19640800100083454,BEAM1000
-52.935765710908,-24.3175003781865,40810704.1277102,BEAM1000,40810704.1277102,19640800100083654,BEAM1000
-52.8629851623494,-24.2388559036101,40810705.7805777,BEAM1000,40810705.7805777,19640800100083854,BEAM1000
-52.7885178745261,-24.1581849485759,40810707.4747968,BEAM1000,40810707.4747968,19640800100084054,BEAM1000
-52.7153948940161,-24.0785439195996,40810709.1442358,BEAM1000,40810709.1442358,19640800100084254,BEAM1000
-52.6423140903845,-23.998921748965,40810710.8136394,BEAM1000,40810710.8136394,19640800100084454,BEAM1000
-52.5700286919127,-23.9200478916907,40810712.4665305,BEAM1000,40810712.4665305,19640800100084654,BEAM1000
-52.4978280812826,-23.8411304960686,40810714.1194416,BEAM1000,40810714.1194416,19640800100084854,BEAM1000
-52.4256559121687,-23.7622272894308,40810715.7723071,BEAM1000,40810715.7723071,19640800100085054,BEAM1000
-52.3534780220703,-23.6832740475188,40810717.4252083,BEAM1000,40810717.4252083,19640800100085254,BEAM1000
-52.280105345519,-23.6026356171809,40810719.1111753,BEAM1000,40810719.1111753,19640800100085454,BEAM1000
-52.2061279300669,-23.5211440266813,40810720.8136348,BEAM1000,40810720.8136348,19640800100085654,BEAM1000
-52.1341035782525,-23.4416482412391,40810722.4747899,BEAM1000,40810722.4747899,19640800100085854,BEAM1000
-52.0624987133273,-23.3625005247456,40810724.1277011,BEAM1000,40810724.1277011,19640800100086054,BEAM1000
-51.9892179348417,-23.2812894927199,40810725.8218986,BEAM1000,40810725.8218986,19640800100086254,BEAM1000
-51.9177412367137,-23.2020460722414,40810727.4747877,BEAM1000,40810727.4747877,19640800100086454,BEAM1000
-51.8456089886308,-23.1220266414874,40810729.1442268,BEAM1000,40810729.1442268,19640800100086654,BEAM1000
-51.7735539660213,-23.041925066085,40810730.8136303,BEAM1000,40810730.8136303,19640800100086854,BEAM1000
-51.7017061375408,-22.9618087214823,40810732.4830495,BEAM1000,40810732.4830495,19640800100087054,BEAM1000
-51.6306771914243,-22.8823315616056,40810734.1359606,BEAM1000,40810734.1359606,19640800100087254,BEAM1000
-51.5582567051646,-22.8012600503327,40810735.8218941,BEAM1000,40810735.8218941,19640800100087454,BEAM1000
-51.4869930474534,-22.7214822395724,40810737.4830472,BEAM1000,40810737.4830472,19640800100087654,BEAM1000
-51.4161327071281,-22.6419692041364,40810739.1359582,BEAM1000,40810739.1359582,19640800100087854,BEAM1000
-51.3454322367508,-22.5624207040605,40810740.7888278,BEAM1000,40810740.7888278,19640800100088054,BEAM1000
-51.2748736664533,-22.4827441993241,40810742.4417249,BEAM1000,40810742.4417249,19640800100088254,BEAM1000
-51.2043196306728,-22.4031389951262,40810744.0946359,BEAM1000,40810744.0946359,19640800100088454,BEAM1000
-51.1339275353182,-22.323423501509,40810745.7474955,BEAM1000,40810745.7474955,19640800100088654,BEAM1000
-51.0635403663388,-22.2437165896646,40810747.4004026,BEAM1000,40810747.4004026,19640800100088854,BEAM1000
-50.9925014202916,-22.163190824767,40810749.0698417,BEAM1000,40810749.0698417,19640800100089054,BEAM1000
-50.9219097697593,-22.0830593113522,40810750.7309613,BEAM1000,40810750.7309613,19640800100089254,BEAM1000
-50.8517350759007,-22.0032424558369,40810752.3838723,BEAM1000,40810752.3838723,19640800100089454,BEAM1000
-50.7810434987868,-21.922613317478,40810754.0533114,BEAM1000,40810754.0533114,19640800100089654,BEAM1000
-50.7098347935875,-21.8410605436942,40810755.7392249,BEAM1000,40810755.7392249,19640800100089854,BEAM1000
-50.6398889348551,-21.7611898063469,40810757.392134,BEAM1000,40810757.392134,19640800100090054,BEAM1000
-50.5693235052102,-21.6804819873772,40810759.0615731,BEAM1000,40810759.0615731,19640800100090254,BEAM1000
-50.4975289538944,-21.5981290041858,40810760.7640207,BEAM1000,40810760.7640207,19640800100090454,BEAM1000
-50.4272594010565,-21.5173132635945,40810762.4334518,BEAM1000,40810762.4334518,19640800100090654,BEAM1000
-50.3578792364815,-21.4371333281109,40810764.0863629,BEAM1000,40810764.0863629,19640800100090854,BEAM1000
-50.2880726509041,-21.3566487648358,40810765.7474864,BEAM1000,40810765.7474864,19640800100091054,BEAM1000
-50.2187084888869,-21.2764993115114,40810767.4003935,BEAM1000,40810767.4003935,19640800100091254,BEAM1000
-50.1494024723744,-21.1964332488285,40810769.0533047,BEAM1000,40810769.0533047,19640800100091454,BEAM1000
-50.079410078247,-21.1155216245284,40810770.7226882,BEAM1000,40810770.7226882,19640800100091654,BEAM1000
-50.00936206137,-21.0339742910721,40810772.4003913,BEAM1000,40810772.4003913,19640800100091854,BEAM1000
-49.9383071365382,-20.9513259773616,40810774.1028863,BEAM1000,40810774.1028863,19640800100092054,BEAM1000
-49.8687539337347,-20.8701602175052,40810775.7722799,BEAM1000,40810775.7722799,19640800100092254,BEAM1000
-49.7995122509159,-20.7894319755622,40810777.433445,BEAM1000,40810777.433445,19640800100092454,BEAM1000
-49.7299930863418,-20.708312339133,40810779.1028841,BEAM1000,40810779.1028841,19640800100092654,BEAM1000
-49.6613257696338,-20.6278796994097,40810780.7557457,BEAM1000,40810780.7557457,19640800100092854,BEAM1000
-49.5920717886109,-20.5465849881331,40810782.4251788,BEAM1000,40810782.4251788,19640800100093054,BEAM1000
-49.523558035692,-20.4661018491841,40810784.0780898,BEAM1000,40810784.0780898,19640800100093254,BEAM1000
-49.4540245833304,-20.3843956122697,40810785.7557433,BEAM1000,40810785.7557433,19640800100093454,BEAM1000
-49.3855825358528,-20.3038712281257,40810787.4086485,BEAM1000,40810787.4086485,19640800100093654,BEAM1000
-49.3172075916246,-20.2233350158389,40810789.0615595,BEAM1000,40810789.0615595,19640800100093854,BEAM1000
-49.2489933924197,-20.1427225828969,40810790.7144151,BEAM1000,40810790.7144151,19640800100094054,BEAM1000
-49.1795533819666,-20.0604508571291,40810792.4003822,BEAM1000,40810792.4003822,19640800100094254,BEAM1000
-49.1114582678122,-19.9797671336494,40810794.0532932,BEAM1000,40810794.0532932,19640800100094454,BEAM1000
-49.0427146606172,-19.898285559957,40810795.7226768,BEAM1000,40810795.7226768,19640800100094654,BEAM1000
-48.9741422879605,-19.8167560708087,40810797.3921159,BEAM1000,40810797.3921159,19640800100094854,BEAM1000
-48.9064321680301,-19.7358811083331,40810799.045027,BEAM1000,40810799.045027,19640800100095054,BEAM1000
-48.8382884923468,-19.6546684934906,40810800.7061466,BEAM1000,40810800.7061466,19640800100095254,BEAM1000
-48.7691961490751,-19.5722978547169,40810802.3921136,BEAM1000,40810802.3921136,19640800100095454,BEAM1000
-48.7015856577252,-19.4914392473104,40810804.0450248,BEAM1000,40810804.0450248,19640800100095654,BEAM1000
-48.6320849821087,-19.4080357063625,40810805.7474682,BEAM1000,40810805.7474682,19640800100095854,BEAM1000
-48.5646183851096,-19.3271446140429,40810807.4003754,BEAM1000,40810807.4003754,19640800100096054,BEAM1000
-48.4971348250469,-19.2462157333255,40810809.0532865,BEAM1000,40810809.0532865,19640800100096254,BEAM1000
-48.4297092929091,-19.1652902290961,40810810.706142,BEAM1000,40810810.706142,19640800100096454,BEAM1000
-48.3618715501748,-19.0834301621042,40810812.3755811,BEAM1000,40810812.3755811,19640800100096654,BEAM1000
-48.2948445787424,-19.0023558798028,40810814.0284922,BEAM1000,40810814.0284922,19640800100096854,BEAM1000
-48.2278030730268,-18.9213567711741,40810815.6813478,BEAM1000,40810815.6813478,19640800100097054,BEAM1000
-48.1607976036955,-18.8403067173216,40810817.3342588,BEAM1000,40810817.3342588,19640800100097254,BEAM1000
-48.0931669683738,-18.7584375713547,40810819.0036979,BEAM1000,40810819.0036979,19640800100097454,BEAM1000
-48.0262584257243,-18.6773415953064,40810820.6565534,BEAM1000,40810820.6565534,19640800100097654,BEAM1000
-47.9588710928905,-18.5952797951834,40810822.3259926,BEAM1000,40810822.3259926,19640800100097854,BEAM1000
-47.890707291337,-18.5124807148813,40810824.0119597,BEAM1000,40810824.0119597,19640800100098054,BEAM1000
-47.8233363044555,-18.4304298099957,40810825.6813432,BEAM1000,40810825.6813432,19640800100098254,BEAM1000
-47.7561138786076,-18.3483705513788,40810827.3507823,BEAM1000,40810827.3507823,19640800100098454,BEAM1000
-47.6889377266957,-18.266191676627,40810829.0202213,BEAM1000,40810829.0202213,19640800100098654,BEAM1000
-47.6222151708697,-18.1844036741294,40810830.6813409,BEAM1000,40810830.6813409,19640800100098854,BEAM1000
-47.5557955160898,-18.1030667934107,40810832.334252,BEAM1000,40810832.334252,19640800100099054,BEAM1000
-47.4895909044251,-18.0219099531636,40810833.9871631,BEAM1000,40810833.9871631,19640800100099254,BEAM1000
-47.4228949735549,-17.9397355580378,40810835.6482826,BEAM1000,40810835.6482826,19640800100099454,BEAM1000
-47.3563089371564,-17.8578524212388,40810837.3094577,BEAM1000,40810837.3094577,19640800100099654,BEAM1000
-47.2901741342631,-17.7763455720252,40810838.9623689,BEAM1000,40810838.9623689,19640800100099854,BEAM1000
-47.2241150910048,-17.6948074165097,40810840.6152244,BEAM1000,40810840.6152244,19640800100100054,BEAM1000
-47.1575355815446,-17.6123497485736,40810842.2846635,BEAM1000,40810842.2846635,19640800100100254,BEAM1000
-47.0915703596893,-17.5307810440468,40810843.937569,BEAM1000,40810843.937569,19640800100100454,BEAM1000
-47.024974381895,-17.448332723123,40810845.6069581,BEAM1000,40810845.6069581,19640800100100654,BEAM1000
-46.9587993884453,-17.3662664334592,40810847.2681332,BEAM1000,40810847.2681332,19640800100100854,BEAM1000
-46.8929778064258,-17.284669040405,40810848.9210348,BEAM1000,40810848.9210348,19640800100101054,BEAM1000
-46.8265848583745,-17.2021412565475,40810850.5904278,BEAM1000,40810850.5904278,19640800100101254,BEAM1000
-46.7603814708941,-17.1195025592406,40810852.2598669,BEAM1000,40810852.2598669,19640800100101454,BEAM1000
-46.6944699817901,-17.0373059243143,40810853.9210325,BEAM1000,40810853.9210325,19640800100101654,BEAM1000
-46.6282878346122,-16.9547217895702,40810855.5904256,BEAM1000,40810855.5904256,19640800100101854,BEAM1000
-46.5622504343661,-16.8720050230514,40810857.2598646,BEAM1000,40810857.2598646,19640800100102054,BEAM1000
-46.4961836129242,-16.7893830860969,40810858.9292962,BEAM1000,40810858.9292962,19640800100102254,BEAM1000
-46.4301256461103,-16.706752051383,40810860.5986873,BEAM1000,40810860.5986873,19640800100102454,BEAM1000
-46.3649180891502,-16.6248343667735,40810862.2515984,BEAM1000,40810862.2515984,19640800100102654,BEAM1000
-46.2997751984273,-16.5428925513771,40810863.9044959,BEAM1000,40810863.9044959,19640800100102854,BEAM1000
-46.2336680382027,-16.4597021002095,40810865.582157,BEAM1000,40810865.582157,19640800100103054,BEAM1000
-46.1685377564958,-16.3777360005445,40810867.2350681,BEAM1000,40810867.2350681,19640800100103254,BEAM1000
-46.1035063926276,-16.2957290998798,40810868.8879616,BEAM1000,40810868.8879616,19640800100103454,BEAM1000
-46.0387367555514,-16.2138117560151,40810870.5408347,BEAM1000,40810870.5408347,19640800100103654,BEAM1000
-45.9737626733384,-16.1314672305053,40810872.1937459,BEAM1000,40810872.1937459,19640800100103854,BEAM1000
-45.908856408876,-16.0494865184523,40810873.8466294,BEAM1000,40810873.8466294,19640800100104054,BEAM1000
-45.8440272972578,-15.9673677641311,40810875.4995125,BEAM1000,40810875.4995125,19640800100104254,BEAM1000
-45.7792917611041,-15.8852401074055,40810877.1524236,BEAM1000,40810877.1524236,19640800100104454,BEAM1000
-45.7145725723016,-15.803122180776,40810878.8052971,BEAM1000,40810878.8052971,19640800100104654,BEAM1000
-45.649663964842,-15.7205134171235,40810880.4664542,BEAM1000,40810880.4664542,19640800100104854,BEAM1000
-45.5844738957307,-15.6374483984473,40810882.1358933,BEAM1000,40810882.1358933,19640800100105054,BEAM1000
-45.5177580186917,-15.5523378189557,40810883.8466249,BEAM1000,40810883.8466249,19640800100105254,BEAM1000
-45.4520028302291,-15.4684556563911,40810885.5325639,BEAM1000,40810885.5325639,19640800100105454,BEAM1000
-45.3875706121286,-15.3862027879867,40810887.1854751,BEAM1000,40810887.1854751,19640800100105654,BEAM1000
-45.3232861809098,-15.3038805761832,40810888.8383566,BEAM1000,40810888.8383566,19640800100105854,BEAM1000
-45.2586623183682,-15.2211570167202,40810890.4995057,BEAM1000,40810890.4995057,19640800100106054,BEAM1000
-45.19438934672,-15.1388332479117,40810892.1524167,BEAM1000,40810892.1524167,19640800100106254,BEAM1000
-45.1299570060318,-15.0560412082788,40810893.8135563,BEAM1000,40810893.8135563,19640800100106454,BEAM1000
-45.0660286793203,-14.9738561339508,40810895.4664474,BEAM1000,40810895.4664474,19640800100106654,BEAM1000
-45.0008994324354,-14.8899185867297,40810897.1441505,BEAM1000,40810897.1441505,19640800100106854,BEAM1000
-44.9368915227461,-14.8075061554166,40810898.797022,BEAM1000,40810898.797022,19640800100107054,BEAM1000
-44.8722846976666,-14.7242053040276,40810900.4664451,BEAM1000,40810900.4664451,19640800100107254,BEAM1000
-44.8077503732847,-14.640924634211,40810902.1358842,BEAM1000,40810902.1358842,19640800100107454,BEAM1000
-44.7439053542619,-14.5583855238508,40810903.7887537,BEAM1000,40810903.7887537,19640800100107654,BEAM1000
-44.680167523057,-14.4758313676061,40810905.4416509,BEAM1000,40810905.4416509,19640800100107854,BEAM1000
-44.6164212995577,-14.3932596176274,40810907.0945619,BEAM1000,40810907.0945619,19640800100108054,BEAM1000
-44.5520910824902,-14.309857418464,40810908.7639534,BEAM1000,40810908.7639534,19640800100108254,BEAM1000
-44.4885447598311,-14.2272292620649,40810910.4168565,BEAM1000,40810910.4168565,19640800100108454,BEAM1000
-44.4249641945602,-14.1446191290401,40810912.0697676,BEAM1000,40810912.0697676,19640800100108654,BEAM1000
-44.3610286910731,-14.0616330593588,40810913.7308872,BEAM1000,40810913.7308872,19640800100108854,BEAM1000
-44.2975432347707,-13.9790000243401,40810915.3837983,BEAM1000,40810915.3837983,19640800100109054,BEAM1000
-44.233847708625,-13.8958794824228,40810917.0449734,BEAM1000,40810917.0449734,19640800100109254,BEAM1000
-44.1701357988204,-13.8127755259189,40810918.706093,BEAM1000,40810918.706093,19640800100109454,BEAM1000
-44.1068288973613,-13.7300300911728,40810920.3590041,BEAM1000,40810920.3590041,19640800100109654,BEAM1000
-44.0426301198509,-13.6460360579086,40810922.0367071,BEAM1000,40810922.0367071,19640800100109854,BEAM1000
-43.9793665174021,-13.563246375155,40810923.6895626,BEAM1000,40810923.6895626,19640800100110054,BEAM1000
-43.9161568158124,-13.4804859853182,40810925.3424738,BEAM1000,40810925.3424738,19640800100110254,BEAM1000
-43.8517350492853,-13.3960158297117,40810927.0284408,BEAM1000,40810927.0284408,19640800100110454,BEAM1000
-43.7879887218106,-13.3123542598998,40810928.6978244,BEAM1000,40810928.6978244,19640800100110654,BEAM1000
-43.725022826663,-13.2294549934112,40810930.3507355,BEAM1000,40810930.3507355,19640800100110854,BEAM1000
-43.6617208081569,-13.1461720859567,40810932.0119106,BEAM1000,40810932.0119106,19640800100111054,BEAM1000
-43.5987471487311,-13.063308501484,40810933.6647661,BEAM1000,40810933.6647661,19640800100111254,BEAM1000
-43.5355023898433,-12.9799747215133,40810935.3259412,BEAM1000,40810935.3259412,19640800100111454,BEAM1000
-43.4719807632616,-12.8962696420776,40810936.9953803,BEAM1000,40810936.9953803,19640800100111654,BEAM1000
-43.4078971797312,-12.8116737916538,40810938.6812918,BEAM1000,40810938.6812918,19640800100111854,BEAM1000
-43.3445382535092,-12.7278397715665,40810940.3507309,BEAM1000,40810940.3507309,19640800100112054,BEAM1000
-43.2818579018841,-12.6448292754529,40810942.003642,BEAM1000,40810942.003642,19640800100112254,BEAM1000
-43.2185440256784,-12.5609990080231,40810943.6730256,BEAM1000,40810943.6730256,19640800100112454,BEAM1000
-43.1555223056653,-12.4775859392918,40810945.3342007,BEAM1000,40810945.3342007,19640800100112654,BEAM1000
-43.0925922076767,-12.3941806205465,40810946.9953758,BEAM1000,40810946.9953758,19640800100112854,BEAM1000
-43.0301150851059,-12.3110950638439,40810948.6482313,BEAM1000,40810948.6482313,19640800100113054,BEAM1000
-42.9676593725336,-12.2279827675551,40810950.3011424,BEAM1000,40810950.3011424,19640800100113254,BEAM1000
-42.9045419959421,-12.1440074591963,40810951.9705815,BEAM1000,40810951.9705815,19640800100113454,BEAM1000
-42.84212788582,-12.0608943592585,40810953.623437,BEAM1000,40810953.623437,19640800100113654,BEAM1000
-42.7797424543767,-11.9778487613774,40810955.2763481,BEAM1000,40810955.2763481,19640800100113854,BEAM1000
-42.7152000603555,-11.8917468407702,40810956.9871072,BEAM1000,40810956.9871072,19640800100114054,BEAM1000
-42.6528891443134,-11.8085893074788,40810958.6399628,BEAM1000,40810958.6399628,19640800100114254,BEAM1000
-42.5906219900463,-11.7254313515538,40810960.2928738,BEAM1000,40810960.2928738,19640800100114454,BEAM1000
-42.5285224984995,-11.6422420610056,40810961.9457814,BEAM1000,40810961.9457814,19640800100114654,BEAM1000
-42.4663423733164,-11.5589851571861,40810963.5986405,BEAM1000,40810963.5986405,19640800100114854,BEAM1000
-42.4041910530607,-11.4757577173575,40810965.2515516,BEAM1000,40810965.2515516,19640800100115054,BEAM1000
-42.3420669704252,-11.3924619082887,40810966.9044491,BEAM1000,40810966.9044491,19640800100115254,BEAM1000
-42.2784421598928,-11.307115830026,40810968.5986382,BEAM1000,40810968.5986382,19640800100115454,BEAM1000
-42.2164654991538,-11.2238152278547,40810970.2515493,BEAM1000,40810970.2515493,19640800100115654,BEAM1000
-42.153855640871,-11.1397327023724,40810971.9209788,BEAM1000,40810971.9209788,19640800100115854,BEAM1000
-42.0919980341483,-11.0563866262228,40810973.5738439,BEAM1000,40810973.5738439,19640800100116054,BEAM1000
-42.0301263794679,-10.9730678491285,40810975.226755,BEAM1000,40810975.226755,19640800100116254,BEAM1000
-41.9676645412952,-10.8889112369819,40810976.8961786,BEAM1000,40810976.8961786,19640800100116454,BEAM1000
-41.9053513390384,-10.8046470912584,40810978.5655777,BEAM1000,40810978.5655777,19640800100116654,BEAM1000
-41.8416528972912,-10.7188147882768,40810980.2680727,BEAM1000,40810980.2680727,19640800100116854,BEAM1000
-41.7799020670379,-10.6354494784734,40810981.9209743,BEAM1000,40810981.9209743,19640800100117054,BEAM1000
-41.7182576707936,-10.5520886414576,40810983.5738394,BEAM1000,40810983.5738394,19640800100117254,BEAM1000
-41.6566592415144,-10.468605079139,40810985.2267505,BEAM1000,40810985.2267505,19640800100117454,BEAM1000
-41.5950548383067,-10.3852023125088,40810986.879642,BEAM1000,40810986.879642,19640800100117654,BEAM1000
-41.5335643461956,-10.3016985035542,40810988.532517,BEAM1000,40810988.532517,19640800100117854,BEAM1000
-41.4719606007131,-10.2182375646345,40810990.1854281,BEAM1000,40810990.1854281,19640800100118054,BEAM1000
-41.410386118694,-10.134744513481,40810991.8383097,BEAM1000,40810991.8383097,19640800100118254,BEAM1000
-41.3488476435037,-10.0512089368094,40810993.4911948,BEAM1000,40810993.4911948,19640800100118454,BEAM1000
-41.2862072734917,-9.96602450004964,40810995.1771619,BEAM1000,40810995.1771619,19640800100118654,BEAM1000
-41.2247763308029,-9.88245766436604,40810996.8300415,BEAM1000,40810996.8300415,19640800100118854,BEAM1000
-41.1628795784983,-9.79796892524902,40810998.4994565,BEAM1000,40810998.4994565,19640800100119054,BEAM1000
-41.1009299673461,-9.71353663841068,40811000.1688956,BEAM1000,40811000.1688956,19640800100119254,BEAM1000
-41.0396302462218,-9.63001329680918,40811001.8217732,BEAM1000,40811001.8217732,19640800100119454,BEAM1000
-40.9783026178304,-9.5463877195047,40811003.4746623,BEAM1000,40811003.4746623,19640800100119654,BEAM1000
-40.9164282802119,-9.46194130157063,40811005.1441014,BEAM1000,40811005.1441014,19640800100119854,BEAM1000
-40.8552384479004,-9.37829866660732,40811006.796973,BEAM1000,40811006.796973,19640800100120054,BEAM1000
-40.793426398839,-9.29379120764269,40811008.466396,BEAM1000,40811008.466396,19640800100120254,BEAM1000
-40.732366004973,-9.21006861489579,40811010.119307,BEAM1000,40811010.119307,19640800100120454,BEAM1000
-40.6706132460574,-9.12558451900083,40811011.7887046,BEAM1000,40811011.7887046,19640800100120654,BEAM1000
-40.6083156976796,-9.04019052944431,40811013.4746577,BEAM1000,40811013.4746577,19640800100120854,BEAM1000
-40.5466266738722,-8.955693385783,40811015.1440968,BEAM1000,40811015.1440968,19640800100121054,BEAM1000
-40.4856922530694,-8.87190943193672,40811016.7969683,BEAM1000,40811016.7969683,19640800100121254,BEAM1000
-40.4247001302698,-8.78819657061734,40811018.4498634,BEAM1000,40811018.4498634,19640800100121454,BEAM1000
-40.363418220758,-8.70403078980766,40811020.1110386,BEAM1000,40811020.1110386,19640800100121654,BEAM1000
-40.3025046051588,-8.62028582478904,40811021.7639021,BEAM1000,40811021.7639021,19640800100121854,BEAM1000
-40.2408965448623,-8.53574208309535,40811023.4333332,BEAM1000,40811023.4333332,19640800100122054,BEAM1000
-40.1806013792979,-8.45291039781585,40811025.0862443,BEAM1000,40811025.0862443,19640800100122254,BEAM1000
-40.1190725602679,-8.36799588542878,40811026.7473679,BEAM1000,40811026.7473679,19640800100122454,BEAM1000
-40.0583092594423,-8.28396124496713,40811028.4002749,BEAM1000,40811028.4002749,19640800100122654,BEAM1000
-39.9974842349835,-8.20025481452384,40811030.0531859,BEAM1000,40811030.0531859,19640800100122854,BEAM1000
-39.9366630367317,-8.11618551751073,40811031.7060415,BEAM1000,40811031.7060415,19640800100123054,BEAM1000
-39.8752770503757,-8.03155804693021,40811033.3754806,BEAM1000,40811033.3754806,19640800100123254,BEAM1000
-39.8147285438106,-7.94798772491605,40811035.0283917,BEAM1000,40811035.0283917,19640800100123454,BEAM1000
-39.7539795173895,-7.86379460634423,40811036.6812473,BEAM1000,40811036.6812473,19640800100123654,BEAM1000
-39.6927233792232,-7.77909823152078,40811038.3506863,BEAM1000,40811038.3506863,19640800100123854,BEAM1000
-39.632156717165,-7.69541406693584,40811040.0035975,BEAM1000,40811040.0035975,19640800100124054,BEAM1000
-39.5712138522622,-7.61090585690666,40811041.664717,BEAM1000,40811041.664717,19640800100124254,BEAM1000
-39.5100066444251,-7.52626197783768,40811043.3341561,BEAM1000,40811043.3341561,19640800100124454,BEAM1000
-39.4489027703732,-7.44149140729256,40811045.0035951,BEAM1000,40811045.0035951,19640800100124654,BEAM1000
-39.3884072629058,-7.35751201492955,40811046.6564507,BEAM1000,40811046.6564507,19640800100124854,BEAM1000
-39.3279578418886,-7.2736175650194,40811048.3093618,BEAM1000,40811048.3093618,19640800100125054,BEAM1000
-39.2674480082596,-7.18970882702842,40811049.9622729,BEAM1000,40811049.9622729,19640800100125254,BEAM1000
-39.2069761720895,-7.1057878903062,40811051.6151284,BEAM1000,40811051.6151284,19640800100125454,BEAM1000
-39.1465563452101,-7.02176604273154,40811053.2680395,BEAM1000,40811053.2680395,19640800100125654,BEAM1000
-39.0854640806554,-6.93680395950448,40811054.9374731,BEAM1000,40811054.9374731,19640800100125854,BEAM1000
-39.0251546978626,-6.85273559238298,40811056.5903341,BEAM1000,40811056.5903341,19640800100126054,BEAM1000
-38.9647883666521,-6.76872982058389,40811058.2432453,BEAM1000,40811058.2432453,19640800100126254,BEAM1000
-38.9038295418188,-6.68388975604923,40811059.9126728,BEAM1000,40811059.9126728,19640800100126454,BEAM1000
-38.8435443036398,-6.59985200046949,40811061.5655399,BEAM1000,40811061.5655399,19640800100126654,BEAM1000
-38.7832414370786,-6.5158592276672,40811063.2184509,BEAM1000,40811063.2184509,19640800100126854,BEAM1000
-38.7229734028928,-6.43181375902557,40811064.8713405,BEAM1000,40811064.8713405,19640800100127054,BEAM1000
-38.6621097522434,-6.34693624986179,40811066.5407456,BEAM1000,40811066.5407456,19640800100127254,BEAM1000
-38.6019334465389,-6.26291668913923,40811068.1936567,BEAM1000,40811068.1936567,19640800100127454,BEAM1000
-38.5417130521561,-6.1788159233701,40811069.8465403,BEAM1000,40811069.8465403,19640800100127654,BEAM1000
-38.481621308509,-6.09470982537054,40811071.4994233,BEAM1000,40811071.4994233,19640800100127854,BEAM1000
-38.4214426524462,-6.01057667321641,40811073.1523345,BEAM1000,40811073.1523345,19640800100128054,BEAM1000
-38.3603544615789,-5.92524500558453,40811074.830006,BEAM1000,40811074.830006,19640800100128254,BEAM1000
-38.2990166224701,-5.83949069908978,40811076.515949,BEAM1000,40811076.515949,19640800100128454,BEAM1000
-38.2379960133251,-5.75410804215754,40811078.1936521,BEAM1000,40811078.1936521,19640800100128654,BEAM1000
-38.1774056017809,-5.66908630512115,40811079.8630676,BEAM1000,40811079.8630676,19640800100128854,BEAM1000
-38.1173076138913,-5.58499078318497,40811081.5159468,BEAM1000,40811081.5159468,19640800100129054,BEAM1000
-38.0572757570736,-5.50082395397629,40811083.1688578,BEAM1000,40811083.1688578,19640800100129254,BEAM1000
-37.9966502424987,-5.41582845116105,40811084.8382674,BEAM1000,40811084.8382674,19640800100129454,BEAM1000
-37.9366494841403,-5.33170086137022,40811086.4911525,BEAM1000,40811086.4911525,19640800100129654,BEAM1000
-37.8760151476971,-5.2466887531641,40811088.1605916,BEAM1000,40811088.1605916,19640800100129854,BEAM1000
-37.8149017829419,-5.16083736115643,40811089.8465312,BEAM1000,40811089.8465312,19640800100130054,BEAM1000
-37.7549444691667,-5.07664455475328,40811091.4994143,BEAM1000,40811091.4994143,19640800100130254,BEAM1000
-37.6949674156678,-4.99252640493621,40811093.1523253,BEAM1000,40811093.1523253,19640800100130454,BEAM1000
-37.6350909411592,-4.90826696733947,40811094.8051989,BEAM1000,40811094.8051989,19640800100130654,BEAM1000
-37.5751932718993,-4.82409526549651,40811096.458092,BEAM1000,40811096.458092,19640800100130854,BEAM1000
-37.515344624107,-4.73984272511981,40811098.1110031,BEAM1000,40811098.1110031,19640800100131054,BEAM1000
-37.453733185903,-4.65309361662186,40811099.8134626,BEAM1000,40811099.8134626,19640800100131254,BEAM1000
-37.3938007743457,-4.56892542391018,40811101.4663537,BEAM1000,40811101.4663537,19640800100131454,BEAM1000
-37.3341745345158,-4.48525677095227,40811103.1192647,BEAM1000,40811103.1192647,19640800100131654,BEAM1000
-37.2738563882439,-4.40018270778058,40811104.7803963,BEAM1000,40811104.7803963,19640800100131854,BEAM1000
-37.2134587610088,-4.3149507778998,40811106.4498234,BEAM1000,40811106.4498234,19640800100132054,BEAM1000
-37.153620970218,-4.23074607606684,40811108.1027344,BEAM1000,40811108.1027344,19640800100132254,BEAM1000
-37.0938949909086,-4.14644834164149,40811109.755596,BEAM1000,40811109.755596,19640800100132454,BEAM1000
-37.034131914756,-4.06219145303428,40811111.4085011,BEAM1000,40811111.4085011,19640800100132654,BEAM1000
-36.9744077932433,-3.97793754330657,40811113.0614122,BEAM1000,40811113.0614122,19640800100132854,BEAM1000
-36.9146907474923,-3.89362060944168,40811114.7142678,BEAM1000,40811114.7142678,19640800100133054,BEAM1000
-36.8550252447554,-3.80930463141639,40811116.3671788,BEAM1000,40811116.3671788,19640800100133254,BEAM1000
-36.794673454355,-3.72425192893549,40811118.036618,BEAM1000,40811118.036618,19640800100133454,BEAM1000
-36.7349740616887,-3.6399597921426,40811119.6894735,BEAM1000,40811119.6894735,19640800100133654,BEAM1000
-36.6753057069755,-3.55569629914666,40811121.3423845,BEAM1000,40811121.3423845,19640800100133854,BEAM1000
-36.615568069193,-3.4714151767328,40811122.9952957,BEAM1000,40811122.9952957,19640800100134054,BEAM1000
-36.5558824477075,-3.38718126730892,40811124.6481512,BEAM1000,40811124.6481512,19640800100134254,BEAM1000
-36.4964051737031,-3.30287522141052,40811126.3010623,BEAM1000,40811126.3010623,19640800100134454,BEAM1000
-36.4366630375603,-3.21848755559711,40811127.9539718,BEAM1000,40811127.9539718,19640800100134654,BEAM1000
-36.3766989692465,-3.13379505633432,40811129.6150929,BEAM1000,40811129.6150929,19640800100134854,BEAM1000
-36.3165244342627,-3.0485675304504,40811131.284532,BEAM1000,40811131.284532,19640800100135054,BEAM1000
-36.2569291024037,-2.96426251537158,40811132.9374376,BEAM1000,40811132.9374376,19640800100135254,BEAM1000
-36.1967907316826,-2.8792738882449,40811134.6068266,BEAM1000,40811134.6068266,19640800100135454,BEAM1000
-36.1371492461774,-2.79478692157411,40811136.2597377,BEAM1000,40811136.2597377,19640800100135654,BEAM1000
-36.0769514703704,-2.70965433110158,40811137.9291693,BEAM1000,40811137.9291693,19640800100135854,BEAM1000
-36.0174267543291,-2.62527895859715,40811139.5820324,BEAM1000,40811139.5820324,19640800100136054,BEAM1000
-35.9578952596584,-2.54086226703694,40811141.2349435,BEAM1000,40811141.2349435,19640800100136254,BEAM1000
-35.8983647372096,-2.45653105150207,40811142.887837,BEAM1000,40811142.887837,19640800100136454,BEAM1000
-35.8387275204658,-2.37220937606641,40811144.5407101,BEAM1000,40811144.5407101,19640800100136654,BEAM1000
-35.7791994268718,-2.28785656916599,40811146.1936212,BEAM1000,40811146.1936212,19640800100136854,BEAM1000
-35.7195485900886,-2.20357394998422,40811147.8465047,BEAM1000,40811147.8465047,19640800100137054,BEAM1000
-35.6595329222124,-2.11830419116459,40811149.5159158,BEAM1000,40811149.5159158,19640800100137254,BEAM1000
-35.598646445241,-2.03204400998223,40811151.2101469,BEAM1000,40811151.2101469,19640800100137454,BEAM1000
-35.5390950792443,-1.94791184946448,40811152.8713004,BEAM1000,40811152.8713004,19640800100137654,BEAM1000
-35.4790266106533,-1.86279435790793,40811154.5407055,BEAM1000,40811154.5407055,19640800100137854,BEAM1000
-35.4185252581196,-1.77655198379615,40811156.2101446,BEAM1000,40811156.2101446,19640800100138054,BEAM1000
-35.3588100625219,-1.69219415948691,40811157.8795642,BEAM1000,40811157.8795642,19640800100138254,BEAM1000
-35.2988998240339,-1.60690054420853,40811159.5324392,BEAM1000,40811159.5324392,19640800100138454,BEAM1000
-35.2388102041338,-1.52161942598277,40811161.2018783,BEAM1000,40811161.2018783,19640800100138654,BEAM1000
-35.1787465479663,-1.43655096694337,40811162.8712959,BEAM1000,40811162.8712959,19640800100138854,BEAM1000
-35.1192535964198,-1.35201905193041,40811164.524173,BEAM1000,40811164.524173,19640800100139054,BEAM1000
-35.0591996990025,-1.26672685515447,40811166.1936121,BEAM1000,40811166.1936121,19640800100139254,BEAM1000
-34.9991713450976,-1.18154280545285,40811167.8630277,BEAM1000,40811167.8630277,19640800100139454,BEAM1000
-34.939646616842,-1.09716139666021,40811169.5159068,BEAM1000,40811169.5159068,19640800100139654,BEAM1000
-34.8795380067701,-1.0119043831561,40811171.1853457,BEAM1000,40811171.1853457,19640800100139854,BEAM1000
-34.8200608010052,-0.927528636566373,40811172.8382273,BEAM1000,40811172.8382273,19640800100140054,BEAM1000
-34.760416365763,-0.84268120309761,40811174.4993764,BEAM1000,40811174.4993764,19640800100140254,BEAM1000
-34.7003823683885,-0.757374506351255,40811176.1688155,BEAM1000,40811176.1688155,19640800100140454,BEAM1000
-34.6409343505711,-0.673030882393102,40811177.821693,BEAM1000,40811177.821693,19640800100140654,BEAM1000
-34.581296730966,-0.588419751641449,40811179.4828461,BEAM1000,40811179.4828461,19640800100140854,BEAM1000
-34.5219006864529,-0.503975973091912,40811181.1357573,BEAM1000,40811181.1357573,19640800100141054,BEAM1000
-34.4624656864056,-0.419656798954752,40811182.7886268,BEAM1000,40811182.7886268,19640800100141254,BEAM1000
-34.4030226757625,-0.335372108832593,40811184.4415239,BEAM1000,40811184.4415239,19640800100141454,BEAM1000
-34.3431393683905,-0.250075084077335,40811186.102699,BEAM1000,40811186.102699,19640800100141654,BEAM1000
-34.2830918590064,-0.164867848056824,40811187.7720925,BEAM1000,40811187.7720925,19640800100141854,BEAM1000
-34.2237705666096,-0.0807694571039479,40811189.4249936,BEAM1000,40811189.4249936,19640800100142054,BEAM1000
-34.1641838000259,0.00394451329725019,40811191.0779047,BEAM1000,40811191.0779047,19640800100142254,BEAM1000
-34.1048063915544,0.0883785819008949,40811192.7307602,BEAM1000,40811192.7307602,19640800100142454,BEAM1000
-96.7818318650958,-49.6031562746178,40810021.4048668,BEAM1011,40810021.4048668,19641100100000173,BEAM1011
-96.6323138670131,-49.5709961796084,40810023.0577778,BEAM1011,40810023.0577778,19641100100000373,BEAM1011
-96.4829647918533,-49.5387428768627,40810024.7106334,BEAM1011,40810024.7106334,19641100100000573,BEAM1011
-96.3339059331033,-49.5062044673219,40810026.3635444,BEAM1011,40810026.3635444,19641100100000773,BEAM1011
-96.1848625026428,-49.4735913325422,40810028.0164555,BEAM1011,40810028.0164555,19641100100000973,BEAM1011
-96.0360759115392,-49.4407775905811,40810029.6693111,BEAM1011,40810029.6693111,19641100100001173,BEAM1011
-95.8875344847818,-49.4076374531401,40810031.3222222,BEAM1011,40810031.3222222,19641100100001373,BEAM1011
-95.7393284627627,-49.3743078895875,40810032.9751332,BEAM1011,40810032.9751332,19641100100001573,BEAM1011
-95.5897187627781,-49.3404558288502,40810034.6445167,BEAM1011,40810034.6445167,19641100100001773,BEAM1011
-95.4403298589118,-49.3064526783404,40810036.3139558,BEAM1011,40810036.3139558,19641100100001973,BEAM1011
-95.2927047947494,-49.2724461369261,40810037.9668668,BEAM1011,40810037.9668668,19641100100002173,BEAM1011
-95.1452978779404,-49.2383840321883,40810039.6197224,BEAM1011,40810039.6197224,19641100100002373,BEAM1011
-94.9964974076735,-49.2036454567186,40810041.2891615,BEAM1011,40810041.2891615,19641100100002573,BEAM1011
-94.849622623052,-49.1690894028605,40810042.942068,BEAM1011,40810042.942068,19641100100002773,BEAM1011
-94.7026983574413,-49.1343815164342,40810044.5949281,BEAM1011,40810044.5949281,19641100100002973,BEAM1011
-94.5561767586159,-49.0994231841798,40810046.2478392,BEAM1011,40810046.2478392,19641100100003173,BEAM1011
-94.4098365648868,-49.0643114883456,40810047.9007357,BEAM1011,40810047.9007357,19641100100003373,BEAM1011
-94.2635587746348,-49.0288843487704,40810049.5536057,BEAM1011,40810049.5536057,19641100100003573,BEAM1011
-94.1162193985804,-48.9929803968336,40810051.2230449,BEAM1011,40810051.2230449,19641100100003773,BEAM1011
-93.9704288648353,-48.9572001093565,40810052.8759354,BEAM1011,40810052.8759354,19641100100003973,BEAM1011
-93.8251410076393,-48.9211835727384,40810054.5288114,BEAM1011,40810054.5288114,19641100100004173,BEAM1011
-93.6797040744983,-48.8849611147153,40810056.1817224,BEAM1011,40810056.1817224,19641100100004373,BEAM1011
-93.5347495004751,-48.8487129924563,40810057.834603,BEAM1011,40810057.834603,19641100100004573,BEAM1011
-93.3869642565102,-48.8113484361718,40810059.5205451,BEAM1011,40810059.5205451,19641100100004773,BEAM1011
-93.2423809469651,-48.7745359407619,40810061.1734561,BEAM1011,40810061.1734561,19641100100004973,BEAM1011
-93.0979680753108,-48.7375874066576,40810062.8263347,BEAM1011,40810062.8263347,19641100100005173,BEAM1011
-92.9523794810512,-48.6999619315434,40810064.4957508,BEAM1011,40810064.4957508,19641100100005373,BEAM1011
-92.8061957179523,-48.6620063143008,40810066.1734539,BEAM1011,40810066.1734539,19641100100005573,BEAM1011
-92.6623802460233,-48.6245261972355,40810067.8263324,BEAM1011,40810067.8263324,19641100100005773,BEAM1011
-92.5174290875572,-48.5864241894683,40810069.4957485,BEAM1011,40810069.4957485,19641100100005973,BEAM1011
-92.3741484955517,-48.5484010610552,40810071.1486595,BEAM1011,40810071.1486595,19641100100006173,BEAM1011
-92.2304615727532,-48.5100051524227,40810072.809798,BEAM1011,40810072.809798,19641100100006373,BEAM1011
-92.0876316786553,-48.4716564286511,40810074.4626902,BEAM1011,40810074.4626902,19641100100006573,BEAM1011
-91.9449922955896,-48.4330954891885,40810076.1156012,BEAM1011,40810076.1156012,19641100100006773,BEAM1011
-91.8027534444997,-48.3942544873919,40810077.7684658,BEAM1011,40810077.7684658,19641100100006973,BEAM1011
-91.6592811699898,-48.354847624089,40810079.4378958,BEAM1011,40810079.4378958,19641100100007173,BEAM1011
-91.5165030107143,-48.3155757180487,40810081.0990709,BEAM1011,40810081.0990709,19641100100007373,BEAM1011
-91.3750197418326,-48.2762485099578,40810082.7519314,BEAM1011,40810082.7519314,19641100100007573,BEAM1011
-91.2334227997086,-48.236701944585,40810084.4048375,BEAM1011,40810084.4048375,19641100100007773,BEAM1011
-91.0922792114737,-48.1970109023053,40810086.0577486,BEAM1011,40810086.0577486,19641100100007973,BEAM1011
-90.9511989404044,-48.1570328676641,40810087.7106041,BEAM1011,40810087.7106041,19641100100008173,BEAM1011
-90.8105215350851,-48.1169336385225,40810089.3635152,BEAM1011,40810089.3635152,19641100100008373,BEAM1011
-90.669828946192,-48.0766427214112,40810091.0164263,BEAM1011,40810091.0164263,19641100100008573,BEAM1011
-90.5281658698915,-48.0357746735601,40810092.6858098,BEAM1011,40810092.6858098,19641100100008773,BEAM1011
-90.3867237834201,-47.9946275608136,40810094.3552488,BEAM1011,40810094.3552488,19641100100008973,BEAM1011
-90.2468969318723,-47.9537781790679,40810096.0081599,BEAM1011,40810096.0081599,19641100100009173,BEAM1011
-90.1073151714466,-47.9127157737631,40810097.6610155,BEAM1011,40810097.6610155,19641100100009373,BEAM1011
-89.9672672976882,-47.8711490459536,40810099.3221905,BEAM1011,40810099.3221905,19641100100009573,BEAM1011
-89.8281275271875,-47.8298104478102,40810100.9751016,BEAM1011,40810100.9751016,19641100100009773,BEAM1011
-89.6876722088599,-47.7878284871281,40810102.6444851,BEAM1011,40810102.6444851,19641100100009973,BEAM1011
-89.5484192683848,-47.7458078759919,40810104.3056602,BEAM1011,40810104.3056602,19641100100010173,BEAM1011
-89.4098832173276,-47.7037445209082,40810105.9585708,BEAM1011,40810105.9585708,19641100100010373,BEAM1011
-89.2703063614061,-47.6613059728038,40810107.6279548,BEAM1011,40810107.6279548,19641100100010573,BEAM1011
-89.1313832328905,-47.6187711065667,40810109.2891299,BEAM1011,40810109.2891299,19641100100010773,BEAM1011
-88.9937217536242,-47.5762625428304,40810110.9420364,BEAM1011,40810110.9420364,19641100100010973,BEAM1011
-88.8562643883404,-47.5334152157941,40810112.5948965,BEAM1011,40810112.5948965,19641100100011173,BEAM1011
-88.718944582952,-47.4905642974025,40810114.2478075,BEAM1011,40810114.2478075,19641100100011373,BEAM1011
-88.5790643876184,-47.4466395873635,40810115.9337681,BEAM1011,40810115.9337681,19641100100011573,BEAM1011
-88.4422443609974,-47.4035667410893,40810117.5866302,BEAM1011,40810117.5866302,19641100100011773,BEAM1011
-88.3041633631325,-47.3597318150446,40810119.2560692,BEAM1011,40810119.2560692,19641100100011973,BEAM1011
-88.1679945631902,-47.315986772805,40810120.9089678,BEAM1011,40810120.9089678,19641100100012173,BEAM1011
-88.0304711869644,-47.2717537392421,40810122.5783638,BEAM1011,40810122.5783638,19641100100012373,BEAM1011
-87.8944786232234,-47.2278475865763,40810124.2312749,BEAM1011,40810124.2312749,19641100100012573,BEAM1011
-87.7589660191701,-47.1836185541715,40810125.8841674,BEAM1011,40810125.8841674,19641100100012773,BEAM1011
-87.6221196546068,-47.1389042326078,40810127.5535695,BEAM1011,40810127.5535695,19641100100012973,BEAM1011
-87.487050840513,-47.0942619319475,40810129.2064806,BEAM1011,40810129.2064806,19641100100013173,BEAM1011
-87.3520574193284,-47.0496951031912,40810130.8593671,BEAM1011,40810130.8593671,19641100100013373,BEAM1011
-87.2152028631987,-47.0042637733723,40810132.5370392,BEAM1011,40810132.5370392,19641100100013573,BEAM1011
-87.0794677625104,-46.9587268412564,40810134.2064783,BEAM1011,40810134.2064783,19641100100013773,BEAM1011
-86.9452460149221,-46.9135155830931,40810135.8593648,BEAM1011,40810135.8593648,19641100100013973,BEAM1011
-86.8099433822795,-46.8675760767652,40810137.5287729,BEAM1011,40810137.5287729,19641100100014173,BEAM1011
-86.6761266041949,-46.8220590040594,40810139.1816839,BEAM1011,40810139.1816839,19641100100014373,BEAM1011
-86.5398941090037,-46.7754946664359,40810140.8676284,BEAM1011,40810140.8676284,19641100100014573,BEAM1011
-86.4067406637702,-46.7294581078912,40810142.5205065,BEAM1011,40810142.5205065,19641100100014773,BEAM1011
-86.2736532886703,-46.683298100449,40810144.1734176,BEAM1011,40810144.1734176,19641100100014973,BEAM1011
-86.1407208457366,-46.6373210791414,40810145.8262961,BEAM1011,40810145.8262961,19641100100015173,BEAM1011
-86.0081225023735,-46.5908056240638,40810147.4791842,BEAM1011,40810147.4791842,19641100100015373,BEAM1011
-85.8719237939543,-46.5428369904471,40810149.1816793,BEAM1011,40810149.1816793,19641100100015573,BEAM1011
-85.7398125924174,-46.4959012183111,40810150.8345599,BEAM1011,40810150.8345599,19641100100015773,BEAM1011
-85.6067688223295,-46.4485785729603,40810152.5039739,BEAM1011,40810152.5039739,19641100100015973,BEAM1011
-85.4751481440864,-46.4012902435729,40810154.156885,BEAM1011,40810154.156885,19641100100016173,BEAM1011
-85.3438312413983,-46.354118083137,40810155.8097595,BEAM1011,40810155.8097595,19641100100016373,BEAM1011
-85.2126684141419,-46.3066167260896,40810157.4626516,BEAM1011,40810157.4626516,19641100100016573,BEAM1011
-85.0804590957192,-46.2585864132729,40810159.1320906,BEAM1011,40810159.1320906,19641100100016773,BEAM1011
-84.9485352774337,-46.2103019997165,40810160.8014912,BEAM1011,40810160.8014912,19641100100016973,BEAM1011
-84.8181677967634,-46.1622418228682,40810162.4543852,BEAM1011,40810162.4543852,19641100100017173,BEAM1011
-84.6867147848642,-46.1137469630508,40810164.1238243,BEAM1011,40810164.1238243,19641100100017373,BEAM1011
-84.5566509618151,-46.0655502724635,40810165.7766909,BEAM1011,40810165.7766909,19641100100017573,BEAM1011
-84.4269827039759,-46.017252464716,40810167.429591,BEAM1011,40810167.429591,19641100100017773,BEAM1011
-84.2973900832535,-45.9687557437502,40810169.0825021,BEAM1011,40810169.0825021,19641100100017973,BEAM1011
-84.1682897856762,-45.92009205364,40810170.7353586,BEAM1011,40810170.7353586,19641100100018173,BEAM1011
-84.0395110746947,-45.8710115763084,40810172.3882687,BEAM1011,40810172.3882687,19641100100018373,BEAM1011
-83.9109763326817,-45.8220034064171,40810174.0411798,BEAM1011,40810174.0411798,19641100100018573,BEAM1011
-83.7799227615693,-45.7718209888672,40810175.7270913,BEAM1011,40810175.7270913,19641100100018773,BEAM1011
-83.6517818267991,-45.7223649051637,40810177.3800024,BEAM1011,40810177.3800024,19641100100018973,BEAM1011
-83.5236500684484,-45.672790255415,40810179.0329135,BEAM1011,40810179.0329135,19641100100019173,BEAM1011
-83.3960145631585,-45.6231376809738,40810180.6857691,BEAM1011,40810180.6857691,19641100100019373,BEAM1011
-83.2685576655197,-45.5732371083267,40810182.3386801,BEAM1011,40810182.3386801,19641100100019573,BEAM1011
-83.1413047141772,-45.5231489920605,40810183.9915912,BEAM1011,40810183.9915912,19641100100019773,BEAM1011
-83.0142021048229,-45.4730543843721,40810185.6444468,BEAM1011,40810185.6444468,19641100100019973,BEAM1011
-82.8873496472383,-45.4227546758362,40810187.2973579,BEAM1011,40810187.2973579,19641100100020173,BEAM1011
-82.7596886110142,-45.3715110008536,40810188.966797,BEAM1011,40810188.966797,19641100100020373,BEAM1011
-82.6320639555993,-45.3203997303095,40810190.6361805,BEAM1011,40810190.6361805,19641100100020573,BEAM1011
-82.5058465253626,-45.2696517647016,40810192.2890916,BEAM1011,40810192.2890916,19641100100020773,BEAM1011
-82.3799235425801,-45.2187060244591,40810193.9419981,BEAM1011,40810193.9419981,19641100100020973,BEAM1011
-82.2544501484909,-45.1674956363095,40810195.5948582,BEAM1011,40810195.5948582,19641100100021173,BEAM1011
-82.1290280519157,-45.1160643499903,40810197.2477693,BEAM1011,40810197.2477693,19641100100021373,BEAM1011
-82.0039066091289,-45.0647367240828,40810198.9006658,BEAM1011,40810198.9006658,19641100100021573,BEAM1011
-81.8790479991378,-45.0130447654482,40810200.5535359,BEAM1011,40810200.5535359,19641100100021773,BEAM1011
-81.7531255356446,-44.9608272136372,40810202.222975,BEAM1011,40810202.222975,19641100100021973,BEAM1011
-81.6285928951458,-44.9090337196629,40810203.8758655,BEAM1011,40810203.8758655,19641100100022173,BEAM1011
-81.5041743701959,-44.8569628686847,40810205.5287417,BEAM1011,40810205.5287417,19641100100022373,BEAM1011
-81.3791824412595,-44.8042334508586,40810207.1981807,BEAM1011,40810207.1981807,19641100100022573,BEAM1011
-81.2548859967982,-44.7514692527084,40810208.8593312,BEAM1011,40810208.8593312,19641100100022773,BEAM1011
-81.1313882976575,-44.699065692947,40810210.5122113,BEAM1011,40810210.5122113,19641100100022973,BEAM1011
-81.0067421805208,-44.6459645962619,40810212.1816504,BEAM1011,40810212.1816504,19641100100023173,BEAM1011
-80.8831731181807,-44.5928731053659,40810213.842797,BEAM1011,40810213.842797,19641100100023373,BEAM1011
-80.7603247001512,-44.5398940703543,40810215.495681,BEAM1011,40810215.495681,19641100100023573,BEAM1011
-80.6352948171808,-44.4858395483328,40810217.1816481,BEAM1011,40810217.1816481,19641100100023773,BEAM1011
-80.512878323738,-44.4324913683089,40810218.8345287,BEAM1011,40810218.8345287,19641100100023973,BEAM1011
-80.3884596922769,-44.3780196163922,40810220.5204708,BEAM1011,40810220.5204708,19641100100024173,BEAM1011
-80.2634590250622,-44.3231269763887,40810222.2147019,BEAM1011,40810222.2147019,19641100100024373,BEAM1011
-80.1418900745951,-44.269464503527,40810223.8675904,BEAM1011,40810223.8675904,19641100100024573,BEAM1011
-80.0205197164162,-44.2155264025542,40810225.5204684,BEAM1011,40810225.5204684,19641100100024773,BEAM1011
-79.8992292227131,-44.1616157467218,40810227.1733795,BEAM1011,40810227.1733795,19641100100024973,BEAM1011
-79.7758325737529,-44.1064907880598,40810228.8593221,BEAM1011,40810228.8593221,19641100100025173,BEAM1011
-79.6550576110508,-44.0520611705561,40810230.5122022,BEAM1011,40810230.5122022,19641100100025373,BEAM1011
-79.5336345378003,-43.9972636892512,40810232.1816413,BEAM1011,40810232.1816413,19641100100025573,BEAM1011
-79.413191842482,-43.9425011912763,40810233.8345218,BEAM1011,40810233.8345218,19641100100025773,BEAM1011
-79.2935120269146,-43.8879250430695,40810235.4874079,BEAM1011,40810235.4874079,19641100100025973,BEAM1011
-79.1733886772006,-43.8330895595367,40810237.140319,BEAM1011,40810237.140319,19641100100026173,BEAM1011
-79.0540755896609,-43.7782241248852,40810238.7931895,BEAM1011,40810238.7931895,19641100100026373,BEAM1011
-78.9329780391221,-43.7221627557661,40810240.4708776,BEAM1011,40810240.4708776,19641100100026573,BEAM1011
-78.8127280137664,-43.6663490797833,40810242.1403166,BEAM1011,40810242.1403166,19641100100026773,BEAM1011
-78.6939426506699,-43.6108346387185,40810243.7931873,BEAM1011,40810243.7931873,19641100100026973,BEAM1011
-78.5738915845131,-43.5547171665145,40810245.4626113,BEAM1011,40810245.4626113,19641100100027173,BEAM1011
-78.4545022948832,-43.4986021018737,40810247.1320504,BEAM1011,40810247.1320504,19641100100027373,BEAM1011
-78.3349562255117,-43.4420452603327,40810248.801451,BEAM1011,40810248.801451,19641100100027573,BEAM1011
-78.2158407199641,-43.3855742705205,40810250.470873,BEAM1011,40810250.470873,19641100100027773,BEAM1011
-78.097938193897,-43.3293887634998,40810252.1237841,BEAM1011,40810252.1237841,19641100100027973,BEAM1011
-77.9805649781102,-43.273228993281,40810253.7766506,BEAM1011,40810253.7766506,19641100100028173,BEAM1011
-77.8631931458747,-43.2167149369013,40810255.4295507,BEAM1011,40810255.4295507,19641100100028373,BEAM1011
-77.7461857172035,-43.1602363911776,40810257.0824618,BEAM1011,40810257.0824618,19641100100028573,BEAM1011
-77.6282210237454,-43.1029765763342,40810258.7518504,BEAM1011,40810258.7518504,19641100100028773,BEAM1011
-77.5117717479973,-43.0461703753938,40810260.4047564,BEAM1011,40810260.4047564,19641100100028973,BEAM1011
-77.3953590252612,-42.9892818603226,40810262.0576675,BEAM1011,40810262.0576675,19641100100029173,BEAM1011
-77.2793349474797,-42.9322334745335,40810263.710523,BEAM1011,40810263.710523,19641100100029373,BEAM1011
-77.1636872790152,-42.8750494021346,40810265.3634341,BEAM1011,40810265.3634341,19641100100029573,BEAM1011
-77.0468146185184,-42.8171775842154,40810267.0328732,BEAM1011,40810267.0328732,19641100100029773,BEAM1011
-76.9302876565344,-42.7591384817432,40810268.7022567,BEAM1011,40810268.7022567,19641100100029973,BEAM1011
-76.8139107377875,-42.7009413123006,40810270.3716958,BEAM1011,40810270.3716958,19641100100030173,BEAM1011
-76.6965885316949,-42.6421072232044,40810272.0576629,BEAM1011,40810272.0576629,19641100100030373,BEAM1011
-76.5807908440425,-42.5837243119307,40810273.7270465,BEAM1011,40810273.7270465,19641100100030573,BEAM1011
-76.4664522557524,-42.5255954992217,40810275.3799575,BEAM1011,40810275.3799575,19641100100030773,BEAM1011
-76.3504457282723,-42.4666457507473,40810277.0576607,BEAM1011,40810277.0576607,19641100100030973,BEAM1011
-76.2352267055806,-42.4079793583739,40810278.7270442,BEAM1011,40810278.7270442,19641100100031173,BEAM1011
-76.1213105780892,-42.3496091304387,40810280.3799553,BEAM1011,40810280.3799553,19641100100031373,BEAM1011
-76.0076803160079,-42.2911806091357,40810282.0328663,BEAM1011,40810282.0328663,19641100100031573,BEAM1011
-75.8944251866897,-42.2324583537862,40810283.6857219,BEAM1011,40810283.6857219,19641100100031773,BEAM1011
-75.7812311312187,-42.1737224947808,40810285.338633,BEAM1011,40810285.338633,19641100100031973,BEAM1011
-75.6671985426715,-42.1142530182141,40810287.008072,BEAM1011,40810287.008072,19641100100032173,BEAM1011
-75.5538819579922,-42.0548648991515,40810288.6691916,BEAM1011,40810288.6691916,19641100100032373,BEAM1011
-75.4402309831475,-41.9951264252248,40810290.3386307,BEAM1011,40810290.3386307,19641100100032573,BEAM1011
-75.3280517017544,-41.9359750472481,40810291.9915418,BEAM1011,40810291.9915418,19641100100032773,BEAM1011
-75.2154399288471,-41.8764102080052,40810293.6526613,BEAM1011,40810293.6526613,19641100100032973,BEAM1011
-75.1025926010589,-41.8161503281499,40810295.3221004,BEAM1011,40810295.3221004,19641100100033173,BEAM1011
-74.9908329456349,-41.7566698969828,40810296.9750115,BEAM1011,40810296.9750115,19641100100033373,BEAM1011
-74.8796021493428,-41.6969146079958,40810298.627867,BEAM1011,40810298.627867,19641100100033573,BEAM1011
-74.7684394279473,-41.6370071675231,40810300.2807781,BEAM1011,40810300.2807781,19641100100033773,BEAM1011
-74.6564226369585,-41.5763229294644,40810301.9502146,BEAM1011,40810301.9502146,19641100100033973,BEAM1011
-74.5456281070342,-41.5163237502968,40810303.6030728,BEAM1011,40810303.6030728,19641100100034173,BEAM1011
-74.435074606382,-41.4560535367989,40810305.2559838,BEAM1011,40810305.2559838,19641100100034373,BEAM1011
-74.3248284675462,-41.3957793638688,40810306.9088824,BEAM1011,40810306.9088824,19641100100034573,BEAM1011
-74.2130797358799,-41.3343494917253,40810308.5865425,BEAM1011,40810308.5865425,19641100100034773,BEAM1011
-74.1033480094535,-41.2736768885711,40810310.2394535,BEAM1011,40810310.2394535,19641100100034973,BEAM1011
-73.9925811402868,-41.2124066696236,40810311.90888,BEAM1011,40810311.90888,19641100100035173,BEAM1011
-73.8820184985031,-41.1510460252489,40810313.5782761,BEAM1011,40810313.5782761,19641100100035373,BEAM1011
-73.7729691767413,-41.0901428529035,40810315.2311872,BEAM1011,40810315.2311872,19641100100035573,BEAM1011
-73.6647460686407,-41.0294113610961,40810316.8840798,BEAM1011,40810316.8840798,19641100100035773,BEAM1011
-73.5561182475437,-40.9681861058491,40810318.5369539,BEAM1011,40810318.5369539,19641100100035973,BEAM1011
-73.4464181818229,-40.9062905505016,40810320.206393,BEAM1011,40810320.206393,19641100100036173,BEAM1011
-73.3358441102138,-40.8437602742502,40810321.8923435,BEAM1011,40810321.8923435,19641100100036373,BEAM1011
-73.2277577656888,-40.7821442919843,40810323.5452156,BEAM1011,40810323.5452156,19641100100036573,BEAM1011
-73.1179659654295,-40.719613467041,40810325.2146546,BEAM1011,40810325.2146546,19641100100036773,BEAM1011
-73.0102737819849,-40.6578584460441,40810326.8675432,BEAM1011,40810326.8675432,19641100100036973,BEAM1011
-72.9029159516659,-40.5958974206844,40810328.5204213,BEAM1011,40810328.5204213,19641100100037173,BEAM1011
-72.793428191263,-40.5327293142825,40810330.2063883,BEAM1011,40810330.2063883,19641100100037373,BEAM1011
-72.6862992797157,-40.4707129977852,40810331.8592749,BEAM1011,40810331.8592749,19641100100037573,BEAM1011
-72.5783565224547,-40.4078966830261,40810333.528683,BEAM1011,40810333.528683,19641100100037773,BEAM1011
-72.4706461730819,-40.3449520978414,40810335.198122,BEAM1011,40810335.198122,19641100100037973,BEAM1011
-72.3642593032801,-40.2824413030387,40810336.8510066,BEAM1011,40810336.8510066,19641100100038173,BEAM1011
-72.2580080751972,-40.2199064680372,40810338.5038887,BEAM1011,40810338.5038887,19641100100038373,BEAM1011
-72.1520601421278,-40.1572314591269,40810340.1567998,BEAM1011,40810340.1567998,19641100100038573,BEAM1011
-72.0451908535689,-40.0937532404164,40810341.8262064,BEAM1011,40810341.8262064,19641100100038773,BEAM1011
-71.9389786059202,-40.0305952347109,40810343.4873584,BEAM1011,40810343.4873584,19641100100038973,BEAM1011
-71.8320891385133,-39.966674679927,40810345.1650615,BEAM1011,40810345.1650615,19641100100039173,BEAM1011
-71.7252193235944,-39.9026223788928,40810346.842736,BEAM1011,40810346.842736,19641100100039373,BEAM1011
-71.6202819443546,-39.8394092134294,40810348.4956201,BEAM1011,40810348.4956201,19641100100039573,BEAM1011
-71.5155816589148,-39.7760272941308,40810350.1485312,BEAM1011,40810350.1485312,19641100100039773,BEAM1011
-71.4099626104818,-39.7120531829449,40810351.8179358,BEAM1011,40810351.8179358,19641100100039973,BEAM1011
-71.3056145554623,-39.6484660390587,40810353.4708259,BEAM1011,40810353.4708259,19641100100040173,BEAM1011
-71.2014893347186,-39.5849187819267,40810355.1237369,BEAM1011,40810355.1237369,19641100100040373,BEAM1011
-71.0975339040871,-39.5211830993974,40810356.7766035,BEAM1011,40810356.7766035,19641100100040573,BEAM1011
-70.9938330818878,-39.4572625785587,40810358.4295036,BEAM1011,40810358.4295036,19641100100040773,BEAM1011
-70.8901492335143,-39.3932656135423,40810360.0824146,BEAM1011,40810360.0824146,19641100100040973,BEAM1011
-70.7868587539883,-39.3294138754484,40810361.7352711,BEAM1011,40810361.7352711,19641100100041173,BEAM1011
-70.6826014944179,-39.2645220535547,40810363.4047093,BEAM1011,40810363.4047093,19641100100041373,BEAM1011
-70.5786009364617,-39.1995412640156,40810365.0741483,BEAM1011,40810365.0741483,19641100100041573,BEAM1011
-70.4758572180894,-39.1351439914836,40810366.7270039,BEAM1011,40810366.7270039,19641100100041773,BEAM1011
-70.373213542299,-39.070655840662,40810368.379915,BEAM1011,40810368.379915,19641100100041973,BEAM1011
-70.2688935276041,-39.0047793233112,40810370.0658821,BEAM1011,40810370.0658821,19641100100042173,BEAM1011
-70.1666166196576,-38.9400565466491,40810371.7187376,BEAM1011,40810371.7187376,19641100100042373,BEAM1011
-70.0646458157479,-38.8753782956309,40810373.3716487,BEAM1011,40810373.3716487,19641100100042573,BEAM1011
-69.9617910696651,-38.8097894281913,40810375.0410877,BEAM1011,40810375.0410877,19641100100042773,BEAM1011
-69.8602293966851,-38.7448857017886,40810376.6939433,BEAM1011,40810376.6939433,19641100100042973,BEAM1011
-69.7588824132095,-38.6796511433316,40810378.3468544,BEAM1011,40810378.3468544,19641100100043173,BEAM1011
-69.6571162250668,-38.6141820786065,40810380.0080295,BEAM1011,40810380.0080295,19641100100043373,BEAM1011
-69.5556539462423,-38.5485873437011,40810381.669149,BEAM1011,40810381.669149,19641100100043573,BEAM1011
-69.4529322095732,-38.481593817493,40810383.3551161,BEAM1011,40810383.3551161,19641100100043773,BEAM1011
-69.3523416894951,-38.4162326401505,40810385.0080272,BEAM1011,40810385.0080272,19641100100043973,BEAM1011
-69.2519357508052,-38.3506614622077,40810386.6608827,BEAM1011,40810386.6608827,19641100100044173,BEAM1011
-69.151808412872,-38.2848993515726,40810388.3137938,BEAM1011,40810388.3137938,19641100100044373,BEAM1011
-69.0507842201188,-38.2183385724669,40810389.9832329,BEAM1011,40810389.9832329,19641100100044573,BEAM1011
-68.9509667160338,-38.1524219037341,40810391.6360885,BEAM1011,40810391.6360885,19641100100044773,BEAM1011
-68.8513543581828,-38.0864362077572,40810393.2889996,BEAM1011,40810393.2889996,19641100100044973,BEAM1011
-68.7509973936418,-38.0196004880796,40810394.9584381,BEAM1011,40810394.9584381,19641100100045173,BEAM1011
-68.6517730656498,-37.9534010766791,40810396.6112942,BEAM1011,40810396.6112942,19641100100045373,BEAM1011
-68.5528283372885,-37.8870311340327,40810398.2642052,BEAM1011,40810398.2642052,19641100100045573,BEAM1011
-68.4539380509268,-37.8206859658056,40810399.9171058,BEAM1011,40810399.9171058,19641100100045773,BEAM1011
-68.3542335103648,-37.7535637848045,40810401.5864998,BEAM1011,40810401.5864998,19641100100045973,BEAM1011
-68.2548545700891,-37.6862179708884,40810403.255939,BEAM1011,40810403.255939,19641100100046173,BEAM1011
-68.1555192210141,-37.6189243901438,40810404.9253696,BEAM1011,40810404.9253696,19641100100046373,BEAM1011
-68.0574114242707,-37.5521979941181,40810406.5782336,BEAM1011,40810406.5782336,19641100100046573,BEAM1011
-67.9595661498113,-37.4853217982989,40810408.2311447,BEAM1011,40810408.2311447,19641100100046773,BEAM1011
-67.8612991317364,-37.4180580625052,40810409.8923033,BEAM1011,40810409.8923033,19641100100046973,BEAM1011
-67.763829577392,-37.3509272283332,40810411.5451753,BEAM1011,40810411.5451753,19641100100047173,BEAM1011
-67.6664901088369,-37.2837725786998,40810413.1980864,BEAM1011,40810413.1980864,19641100100047373,BEAM1011
-67.5683096752232,-37.2159307935541,40810414.867503,BEAM1011,40810414.867503,19641100100047573,BEAM1011
-67.4713671699559,-37.1484690970984,40810416.520381,BEAM1011,40810416.520381,19641100100047773,BEAM1011
-67.3745682342269,-37.0810564229141,40810418.1732922,BEAM1011,40810418.1732922,19641100100047973,BEAM1011
-67.2778480972335,-37.0135833189653,40810419.8261707,BEAM1011,40810419.8261707,19641100100048173,BEAM1011
-67.1813442385406,-36.9460201455158,40810421.4790588,BEAM1011,40810421.4790588,19641100100048373,BEAM1011
-67.0840715809275,-36.8776274859864,40810423.1484978,BEAM1011,40810423.1484978,19641100100048573,BEAM1011
-66.9880806016616,-36.8097822554361,40810424.8013704,BEAM1011,40810424.8013704,19641100100048773,BEAM1011
-66.8921613983082,-36.7419245138613,40810426.4542645,BEAM1011,40810426.4542645,19641100100048973,BEAM1011
-66.7954984051449,-36.6733036386763,40810428.1237036,BEAM1011,40810428.1237036,19641100100049173,BEAM1011
-66.7001188680958,-36.6051381397971,40810429.7765701,BEAM1011,40810429.7765701,19641100100049373,BEAM1011
-66.6046920298962,-36.5369068600922,40810431.4294702,BEAM1011,40810431.4294702,19641100100049573,BEAM1011
-66.5094690339254,-36.4687617680937,40810433.0823813,BEAM1011,40810433.0823813,19641100100049773,BEAM1011
-66.4144007297887,-36.4004370176879,40810434.7352378,BEAM1011,40810434.7352378,19641100100049973,BEAM1011
-66.3195782000066,-36.3321248577699,40810436.388148,BEAM1011,40810436.388148,19641100100050173,BEAM1011
-66.2249457794673,-36.2634718046453,40810438.041059,BEAM1011,40810438.041059,19641100100050373,BEAM1011
-66.128628799361,-36.193515237433,40810439.7269706,BEAM1011,40810439.7269706,19641100100050573,BEAM1011
-66.034376423409,-36.1248266850025,40810441.3798817,BEAM1011,40810441.3798817,19641100100050773,BEAM1011
-65.9392880472082,-36.0554007355357,40810443.0493207,BEAM1011,40810443.0493207,19641100100050973,BEAM1011
-65.8453945540612,-35.9865663139909,40810444.7021763,BEAM1011,40810444.7021763,19641100100051173,BEAM1011
-65.7516234185868,-35.9176345379405,40810446.3550874,BEAM1011,40810446.3550874,19641100100051373,BEAM1011
-65.658101113891,-35.8486107265058,40810448.0079985,BEAM1011,40810448.0079985,19641100100051573,BEAM1011
-65.5636451915593,-35.7788215301057,40810449.677382,BEAM1011,40810449.677382,19641100100051773,BEAM1011
-65.4705814319783,-35.7095892257213,40810451.3302931,BEAM1011,40810451.3302931,19641100100051973,BEAM1011
-65.3765596881219,-35.6395742956001,40810452.9997321,BEAM1011,40810452.9997321,19641100100052173,BEAM1011
-65.2836381813132,-35.5702629483981,40810454.6525877,BEAM1011,40810454.6525877,19641100100052373,BEAM1011
-65.1899861345684,-35.5000713754431,40810456.3220268,BEAM1011,40810456.3220268,19641100100052573,BEAM1011
-65.0964968289226,-35.4298752023325,40810457.9914659,BEAM1011,40810457.9914659,19641100100052773,BEAM1011
-65.0041102702068,-35.3602535244411,40810459.6443214,BEAM1011,40810459.6443214,19641100100052973,BEAM1011
-64.9120113467444,-35.2904483877499,40810461.2972326,BEAM1011,40810461.2972326,19641100100053173,BEAM1011
-64.819041722691,-35.2199682292061,40810462.9666716,BEAM1011,40810462.9666716,19641100100053373,BEAM1011
-64.7270163335656,-35.150208077532,40810464.6195272,BEAM1011,40810464.6195272,19641100100053573,BEAM1011
-64.6344433064161,-35.0796688162649,40810466.2889663,BEAM1011,40810466.2889663,19641100100053773,BEAM1011
-64.5403254029286,-35.0074755442753,40810467.9914613,BEAM1011,40810467.9914613,19641100100053973,BEAM1011
-64.4490658634223,-34.9374697933276,40810469.6443169,BEAM1011,40810469.6443169,19641100100054173,BEAM1011
-64.3569898173777,-34.8666537604011,40810471.313756,BEAM1011,40810471.313756,19641100100054373,BEAM1011
-64.2662387823311,-34.7962421545318,40810472.966667,BEAM1011,40810472.966667,19641100100054573,BEAM1011
-64.1752854610884,-34.7260054976272,40810474.6195226,BEAM1011,40810474.6195226,19641100100054773,BEAM1011
-64.0844135013885,-34.6557831000642,40810476.2724337,BEAM1011,40810476.2724337,19641100100054973,BEAM1011
-63.9930774869355,-34.58451597625,40810477.9418683,BEAM1011,40810477.9418683,19641100100055173,BEAM1011
-63.9027130461163,-34.513941441078,40810479.5947283,BEAM1011,40810479.5947283,19641100100055373,BEAM1011
-63.8126395821969,-34.4432414996795,40810481.2476395,BEAM1011,40810481.2476395,19641100100055573,BEAM1011
-63.7226071168405,-34.3725174127273,40810482.900536,BEAM1011,40810482.900536,19641100100055773,BEAM1011
-63.6326715505267,-34.3017566414496,40810484.5534061,BEAM1011,40810484.5534061,19641100100055973,BEAM1011
-63.5421062738459,-34.2300949016794,40810486.2228451,BEAM1011,40810486.2228451,19641100100056173,BEAM1011
-63.4516923683006,-34.1583962571372,40810487.8922677,BEAM1011,40810487.8922677,19641100100056373,BEAM1011
-63.3613854750124,-34.0866748510321,40810489.5616677,BEAM1011,40810489.5616677,19641100100056573,BEAM1011
-63.2711918621301,-34.0148352505982,40810491.2311069,BEAM1011,40810491.2311069,19641100100056773,BEAM1011
-63.1821883396789,-33.9436144615133,40810492.8839995,BEAM1011,40810492.8839995,19641100100056973,BEAM1011
-63.0927263512603,-33.8720257880698,40810494.5451375,BEAM1011,40810494.5451375,19641100100057173,BEAM1011
-63.0021452087532,-33.7992412691108,40810496.2311046,BEAM1011,40810496.2311046,19641100100057373,BEAM1011
-62.9136581954129,-33.7277202481752,40810497.8839971,BEAM1011,40810497.8839971,19641100100057573,BEAM1011
-62.8252733226813,-33.6561668422069,40810499.5368712,BEAM1011,40810499.5368712,19641100100057773,BEAM1011
-62.7368719132397,-33.5846764131337,40810501.1897823,BEAM1011,40810501.1897823,19641100100057973,BEAM1011
-62.6486958950329,-33.5130105191431,40810502.8426649,BEAM1011,40810502.8426649,19641100100058173,BEAM1011
-62.5602503381765,-33.44098854631,40810504.503813,BEAM1011,40810504.503813,19641100100058373,BEAM1011
-62.47238912419,-33.3692281287028,40810506.1567241,BEAM1011,40810506.1567241,19641100100058573,BEAM1011
-62.3847507748439,-33.2973009622922,40810507.8095986,BEAM1011,40810507.8095986,19641100100058773,BEAM1011
-62.2972595643871,-33.2254032798772,40810509.4624907,BEAM1011,40810509.4624907,19641100100058973,BEAM1011
-62.2098643864079,-33.1533733066699,40810511.1154018,BEAM1011,40810511.1154018,19641100100059173,BEAM1011
-62.1227133965467,-33.0812543393261,40810512.7682663,BEAM1011,40810512.7682663,19641100100059373,BEAM1011
-62.0356517732824,-33.0090975777673,40810514.4211685,BEAM1011,40810514.4211685,19641100100059573,BEAM1011
-61.9482598387863,-32.9365652877546,40810516.0823435,BEAM1011,40810516.0823435,19641100100059773,BEAM1011
-61.8596969583101,-32.8628259207213,40810517.768264,BEAM1011,40810517.768264,19641100100059973,BEAM1011
-61.7722405555684,-32.7896925731838,40810519.4376941,BEAM1011,40810519.4376941,19641100100060173,BEAM1011
-61.6857890450264,-32.7172632491309,40810521.0906052,BEAM1011,40810521.0906052,19641100100060373,BEAM1011
-61.5978851583169,-32.6431471279813,40810522.7765277,BEAM1011,40810522.7765277,19641100100060573,BEAM1011
-61.5115645281462,-32.5706795335576,40810524.4294279,BEAM1011,40810524.4294279,19641100100060773,BEAM1011
-61.4246613290545,-32.4972621102231,40810526.0988669,BEAM1011,40810526.0988669,19641100100060973,BEAM1011
-61.3388984785151,-32.4244920033046,40810527.7517275,BEAM1011,40810527.7517275,19641100100061173,BEAM1011
-61.2531128108065,-32.3516568682182,40810529.4046336,BEAM1011,40810529.4046336,19641100100061373,BEAM1011
-61.1677886748865,-32.2788681263648,40810531.0575447,BEAM1011,40810531.0575447,19641100100061573,BEAM1011
-61.0813906024599,-32.2049659219876,40810532.7269282,BEAM1011,40810532.7269282,19641100100061773,BEAM1011
-60.9960636420451,-32.1319664333142,40810534.3798393,BEAM1011,40810534.3798393,19641100100061973,BEAM1011
-60.9111732915102,-32.0590084168735,40810536.0327505,BEAM1011,40810536.0327505,19641100100062173,BEAM1011
-60.8259558181517,-31.9856833494707,40810537.6856059,BEAM1011,40810537.6856059,19641100100062373,BEAM1011
-60.7393700102476,-31.9109666309452,40810539.3715731,BEAM1011,40810539.3715731,19641100100062573,BEAM1011
-60.6538621112015,-31.8369176117199,40810541.0410121,BEAM1011,40810541.0410121,19641100100062773,BEAM1011
-60.5692826014881,-31.7635363795609,40810542.6938677,BEAM1011,40810542.6938677,19641100100062973,BEAM1011
-60.4832852206913,-31.6885474667166,40810544.3798347,BEAM1011,40810544.3798347,19641100100063173,BEAM1011
-60.3990170687726,-31.6150989545335,40810546.0327459,BEAM1011,40810546.0327459,19641100100063373,BEAM1011
-60.3148251424942,-31.541524917333,40810547.6856014,BEAM1011,40810547.6856014,19641100100063573,BEAM1011
-60.2300641204087,-31.4670710517976,40810549.3550405,BEAM1011,40810549.3550405,19641100100063773,BEAM1011
-60.1457618015435,-31.3929562881465,40810551.0162156,BEAM1011,40810551.0162156,19641100100063973,BEAM1011
-60.0611902835533,-31.3184806178133,40810552.6855992,BEAM1011,40810552.6855992,19641100100064173,BEAM1011
-59.9775326225955,-31.2446459069239,40810554.3385103,BEAM1011,40810554.3385103,19641100100064373,BEAM1011
-59.8935116863619,-31.1699636788271,40810556.0079493,BEAM1011,40810556.0079493,19641100100064573,BEAM1011
-59.8098678936918,-31.0955981409828,40810557.6690689,BEAM1011,40810557.6690689,19641100100064773,BEAM1011
-59.7268071841051,-31.0216083094419,40810559.3219799,BEAM1011,40810559.3219799,19641100100064973,BEAM1011
-59.6435319985763,-30.9471638499721,40810560.983155,BEAM1011,40810560.983155,19641100100065173,BEAM1011
-59.5606806869476,-30.873063944583,40810562.6360106,BEAM1011,40810562.6360106,19641100100065373,BEAM1011
-59.477977661359,-30.7988824742658,40810564.2889217,BEAM1011,40810564.2889217,19641100100065573,BEAM1011
-59.3948781242183,-30.72421385472,40810565.9500943,BEAM1011,40810565.9500943,19641100100065773,BEAM1011
-59.3116422081448,-30.6490768489241,40810567.6194803,BEAM1011,40810567.6194803,19641100100065973,BEAM1011
-59.2286890285941,-30.5738531098943,40810569.2889194,BEAM1011,40810569.2889194,19641100100066173,BEAM1011
-59.1458558301848,-30.4986106637862,40810570.958358,BEAM1011,40810570.958358,19641100100066373,BEAM1011
-59.063853122631,-30.4240743912319,40810572.6112141,BEAM1011,40810572.6112141,19641100100066573,BEAM1011
-58.9819087913385,-30.3495890344919,40810574.2641252,BEAM1011,40810574.2641252,19641100100066773,BEAM1011
-58.9000723435241,-30.2750095031373,40810575.9170257,BEAM1011,40810575.9170257,19641100100066973,BEAM1011
-58.8177041099752,-30.1994724665515,40810577.5864198,BEAM1011,40810577.5864198,19641100100067173,BEAM1011
-58.7362051522097,-30.1247563774778,40810579.2393309,BEAM1011,40810579.2393309,19641100100067373,BEAM1011
-58.6548824652042,-30.0499064118591,40810580.8922254,BEAM1011,40810580.8922254,19641100100067573,BEAM1011
-58.572941602772,-29.9742097969384,40810582.5616255,BEAM1011,40810582.5616255,19641100100067773,BEAM1011
-58.4918468273139,-29.8992922742573,40810584.2145366,BEAM1011,40810584.2145366,19641100100067973,BEAM1011
-58.4108478863802,-29.8242906780865,40810585.8674251,BEAM1011,40810585.8674251,19641100100068173,BEAM1011
-58.3299885724896,-29.7493394541621,40810587.5203033,BEAM1011,40810587.5203033,19641100100068373,BEAM1011
-58.2492327621776,-29.6741919987598,40810589.1732144,BEAM1011,40810589.1732144,19641100100068573,BEAM1011
-58.1689110078577,-29.5987947289489,40810590.8260929,BEAM1011,40810590.8260929,19641100100068773,BEAM1011
-58.0885557602812,-29.5236104474863,40810592.4789809,BEAM1011,40810592.4789809,19641100100068973,BEAM1011
-58.0081634560241,-29.4483735404615,40810594.131892,BEAM1011,40810594.131892,19641100100069173,BEAM1011
-57.9271497775655,-29.3723012055113,40810595.8012926,BEAM1011,40810595.8012926,19641100100069373,BEAM1011
-57.8470671517176,-29.2969360029529,40810597.4541867,BEAM1011,40810597.4541867,19641100100069573,BEAM1011
-57.7670772547485,-29.2215063226083,40810599.1070978,BEAM1011,40810599.1070978,19641100100069773,BEAM1011
-57.6872847491963,-29.145961785661,40810600.7599604,BEAM1011,40810600.7599604,19641100100069973,BEAM1011
-57.6076915368623,-29.070368703393,40810602.4128644,BEAM1011,40810602.4128644,19641100100070173,BEAM1011
-57.528297841966,-28.994627047857,40810604.0657755,BEAM1011,40810604.0657755,19641100100070373,BEAM1011
-57.4488623376113,-28.9188777520882,40810605.7186311,BEAM1011,40810605.7186311,19641100100070573,BEAM1011
-57.3687816011343,-28.8424466362244,40810607.3880701,BEAM1011,40810607.3880701,19641100100070773,BEAM1011
-57.2894207754364,-28.7666953193682,40810609.0409812,BEAM1011,40810609.0409812,19641100100070973,BEAM1011
-57.2095265628008,-28.6901192999181,40810610.7103648,BEAM1011,40810610.7103648,19641100100071173,BEAM1011
-57.1307274531089,-28.6141289233328,40810612.3632758,BEAM1011,40810612.3632758,19641100100071373,BEAM1011
-57.0520282847897,-28.5381033910408,40810614.016187,BEAM1011,40810614.016187,19641100100071573,BEAM1011
-56.9725705036439,-28.4613652284545,40810615.6855706,BEAM1011,40810615.6855706,19641100100071773,BEAM1011
-56.8939369729057,-28.3853271517372,40810617.3384816,BEAM1011,40810617.3384816,19641100100071973,BEAM1011
-56.8155174620439,-28.309285855971,40810618.9913927,BEAM1011,40810618.9913927,19641100100072173,BEAM1011
-56.737395861976,-28.2331378355801,40810620.6442483,BEAM1011,40810620.6442483,19641100100072373,BEAM1011
-56.6592459993047,-28.1570898350456,40810622.2971594,BEAM1011,40810622.2971594,19641100100072573,BEAM1011
-56.580394874251,-28.0799881052203,40810623.9665984,BEAM1011,40810623.9665984,19641100100072773,BEAM1011
-56.5016947898376,-28.0029279257069,40810625.635982,BEAM1011,40810625.635982,19641100100072973,BEAM1011
-56.4230633963442,-27.9258319094614,40810627.305421,BEAM1011,40810627.305421,19641100100073173,BEAM1011
-56.345307578382,-27.8493584503411,40810628.9583317,BEAM1011,40810628.9583317,19641100100073373,BEAM1011
-56.267271405143,-27.7725789402938,40810630.6194517,BEAM1011,40810630.6194517,19641100100073573,BEAM1011
-56.1898428437165,-27.695951796178,40810632.2723628,BEAM1011,40810632.2723628,19641100100073773,BEAM1011
-56.1118318845292,-27.6184665355956,40810633.9417974,BEAM1011,40810633.9417974,19641100100073973,BEAM1011
-56.0338287095436,-27.5410170372372,40810635.6111855,BEAM1011,40810635.6111855,19641100100074173,BEAM1011
-55.9566867488881,-27.4643167116398,40810637.2640965,BEAM1011,40810637.2640965,19641100100074373,BEAM1011
-55.8789467404293,-27.3867369213989,40810638.9335291,BEAM1011,40810638.9335291,19641100100074573,BEAM1011
-55.80128852163,-27.3091435279087,40810640.6029191,BEAM1011,40810640.6029191,19641100100074773,BEAM1011
-55.7228898511764,-27.2307859791548,40810642.2888863,BEAM1011,40810642.2888863,19641100100074973,BEAM1011
-55.6454815632881,-27.1530312827584,40810643.9583248,BEAM1011,40810643.9583248,19641100100075173,BEAM1011
-55.5675730226587,-27.074422597757,40810645.644237,BEAM1011,40810645.644237,19641100100075373,BEAM1011
-55.4911545000537,-26.9973003876514,40810647.297148,BEAM1011,40810647.297148,19641100100075573,BEAM1011
-55.414855090203,-26.9202203237795,40810648.9500566,BEAM1011,40810648.9500566,19641100100075773,BEAM1011
-55.338638011939,-26.8431069852622,40810650.6029147,BEAM1011,40810650.6029147,19641100100075973,BEAM1011
-55.2617430261208,-26.7651539586243,40810652.2723538,BEAM1011,40810652.2723538,19641100100076173,BEAM1011
-55.1857797892025,-26.6878995319993,40810653.9252563,BEAM1011,40810653.9252563,19641100100076373,BEAM1011
-55.1087910666751,-26.6094349448984,40810655.6029124,BEAM1011,40810655.6029124,19641100100076573,BEAM1011
-55.0330794157311,-26.5320255136145,40810657.2558235,BEAM1011,40810657.2558235,19641100100076773,BEAM1011
-54.956714928195,-26.4538207998072,40810658.925254,BEAM1011,40810658.925254,19641100100076973,BEAM1011
-54.8812825763257,-26.3763485169401,40810660.5781181,BEAM1011,40810660.5781181,19641100100077173,BEAM1011
-54.8042578507278,-26.2973738201426,40810662.2640852,BEAM1011,40810662.2640852,19641100100077373,BEAM1011
-54.7288567385792,-26.2198554225534,40810663.9169858,BEAM1011,40810663.9169858,19641100100077573,BEAM1011
-54.6535630289996,-26.1423251456398,40810665.5698519,BEAM1011,40810665.5698519,19641100100077773,BEAM1011
-54.5777372651919,-26.0638954595481,40810667.239291,BEAM1011,40810667.239291,19641100100077973,BEAM1011
-54.5019996491434,-25.9853516125374,40810668.9087175,BEAM1011,40810668.9087175,19641100100078173,BEAM1011
-54.4267699525029,-25.9072108092589,40810670.5698495,BEAM1011,40810670.5698495,19641100100078373,BEAM1011
-54.3512848989948,-25.8286711536971,40810672.2392887,BEAM1011,40810672.2392887,19641100100078573,BEAM1011
-54.2758518317597,-25.7500359062402,40810673.9087152,BEAM1011,40810673.9087152,19641100100078773,BEAM1011
-54.2013463464591,-25.6721452537016,40810675.5615833,BEAM1011,40810675.5615833,19641100100078973,BEAM1011
-54.1268496286372,-25.5942879855601,40810677.2144943,BEAM1011,40810677.2144943,19641100100079173,BEAM1011
-54.0523899188192,-25.5163622808547,40810678.8673829,BEAM1011,40810678.8673829,19641100100079373,BEAM1011
-53.9780621653176,-25.4383507942526,40810680.520261,BEAM1011,40810680.520261,19641100100079573,BEAM1011
-53.9032640413307,-25.3595074326879,40810682.1897001,BEAM1011,40810682.1897001,19641100100079773,BEAM1011
-53.8282198257723,-25.2801438027552,40810683.8673807,BEAM1011,40810683.8673807,19641100100079973,BEAM1011
-53.75417244909,-25.2020505474891,40810685.5202588,BEAM1011,40810685.5202588,19641100100080173,BEAM1011
-53.6803344850305,-25.1238891413509,40810687.1731698,BEAM1011,40810687.1731698,19641100100080373,BEAM1011
-53.6050612935778,-25.0441474389636,40810688.8591124,BEAM1011,40810688.8591124,19641100100080573,BEAM1011
-53.5315055024636,-24.9657911349853,40810690.5119925,BEAM1011,40810690.5119925,19641100100080773,BEAM1011
-53.4580863888647,-24.8873698988747,40810692.1649036,BEAM1011,40810692.1649036,19641100100080973,BEAM1011
-53.3846515001461,-24.8089762709436,40810693.8177801,BEAM1011,40810693.8177801,19641100100081173,BEAM1011
-53.3112566616486,-24.7305696007919,40810695.4706702,BEAM1011,40810695.4706702,19641100100081373,BEAM1011
-53.2379864408851,-24.6521040078764,40810697.1235813,BEAM1011,40810697.1235813,19641100100081573,BEAM1011
-53.1641433972583,-24.5727888397046,40810698.7929799,BEAM1011,40810698.7929799,19641100100081773,BEAM1011
-53.0913015217884,-24.4940993909829,40810700.4458759,BEAM1011,40810700.4458759,19641100100081973,BEAM1011
-53.0169706680577,-24.4138344229695,40810702.131843,BEAM1011,40810702.131843,19641100100082173,BEAM1011
-52.943396680459,-24.3343767551969,40810703.8012435,BEAM1011,40810703.8012435,19641100100082373,BEAM1011
-52.869881955683,-24.2549439862844,40810705.4706657,BEAM1011,40810705.4706657,19641100100082573,BEAM1011
-52.7972124143124,-24.1762353631211,40810707.1235768,BEAM1011,40810707.1235768,19641100100082773,BEAM1011
-52.724748973662,-24.097416689961,40810708.7764433,BEAM1011,40810708.7764433,19641100100082973,BEAM1011
-52.6509557965829,-24.0169958928603,40810710.4623994,BEAM1011,40810710.4623994,19641100100083173,BEAM1011
-52.5786396015333,-23.9381521249772,40810712.1153105,BEAM1011,40810712.1153105,19641100100083373,BEAM1011
-52.5057074302564,-23.8584376375832,40810713.784707,BEAM1011,40810713.784707,19641100100083573,BEAM1011
-52.4335423742493,-23.7795218479643,40810715.4376051,BEAM1011,40810715.4376051,19641100100083773,BEAM1011
-52.361355940961,-23.7005838118366,40810717.0905162,BEAM1011,40810717.0905162,19641100100083973,BEAM1011
-52.2893823323765,-23.6215462858487,40810718.7433748,BEAM1011,40810718.7433748,19641100100084173,BEAM1011
-52.2168303412994,-23.5416341074319,40810720.4128108,BEAM1011,40810720.4128108,19641100100084373,BEAM1011
-52.1429657229337,-23.460152835281,40810722.115306,BEAM1011,40810722.115306,19641100100084573,BEAM1011
-52.0713702841534,-23.3810174689165,40810723.7681705,BEAM1011,40810723.7681705,19641100100084773,BEAM1011
-51.99981622875,-23.301812734524,40810725.4210726,BEAM1011,40810725.4210726,19641100100084973,BEAM1011
-51.927651332151,-23.2217624200914,40810727.0905117,BEAM1011,40810727.0905117,19641100100085173,BEAM1011
-51.8548112640531,-23.1409610517203,40810728.7764342,BEAM1011,40810728.7764342,19641100100085373,BEAM1011
-51.7827110039335,-23.0608564017594,40810730.4458623,BEAM1011,40810730.4458623,19641100100085573,BEAM1011
-51.7115246686701,-22.9815297000918,40810732.0987735,BEAM1011,40810732.0987735,19641100100085773,BEAM1011
-51.6405081201254,-22.9021006182568,40810733.751634,BEAM1011,40810733.751634,19641100100085973,BEAM1011
-51.5687592523511,-22.8217864118127,40810735.421068,BEAM1011,40810735.421068,19641100100086173,BEAM1011
-51.4974920009019,-22.7419982540199,40810737.0822431,BEAM1011,40810737.0822431,19641100100086373,BEAM1011
-51.426630442795,-22.6625296994917,40810738.7350997,BEAM1011,40810738.7350997,19641100100086573,BEAM1011
-51.3558745326181,-22.5829981553385,40810740.3880098,BEAM1011,40810740.3880098,19641100100086773,BEAM1011
-51.2853255142259,-22.5033440262544,40810742.0409209,BEAM1011,40810742.0409209,19641100100086973,BEAM1011
-51.2140498379003,-22.4228993189385,40810743.7103044,BEAM1011,40810743.7103044,19641100100087173,BEAM1011
-51.1436153501592,-22.3432242654932,40810745.3632155,BEAM1011,40810745.3632155,19641100100087373,BEAM1011
-51.0732382581714,-22.2635152484664,40810747.0161266,BEAM1011,40810747.0161266,19641100100087573,BEAM1011
-51.0028963785276,-22.1837749976493,40810748.6689821,BEAM1011,40810748.6689821,19641100100087773,BEAM1011
-50.9319397386145,-22.1032494140956,40810750.3384213,BEAM1011,40810750.3384213,19641100100087973,BEAM1011
-50.8617419543893,-22.0234506393606,40810751.9913324,BEAM1011,40810751.9913324,19641100100088173,BEAM1011
-50.79170265672,-21.9436205411579,40810753.6441879,BEAM1011,40810753.6441879,19641100100088373,BEAM1011
-50.7211780504191,-21.8628795194708,40810755.313627,BEAM1011,40810755.313627,19641100100088573,BEAM1011
-50.6498623620698,-21.781408043405,40810756.999594,BEAM1011,40810756.999594,19641100100088773,BEAM1011
-50.5799697084279,-21.7014959488021,40810758.6524496,BEAM1011,40810758.6524496,19641100100088973,BEAM1011
-50.5095182437795,-21.6207431279709,40810760.3218887,BEAM1011,40810760.3218887,19641100100089173,BEAM1011
-50.4399436305356,-21.5407700400536,40810761.9747998,BEAM1011,40810761.9747998,19641100100089373,BEAM1011
-50.3704880829597,-21.4606055614679,40810763.6276553,BEAM1011,40810763.6276553,19641100100089573,BEAM1011
-50.3003753915287,-21.3796903923732,40810765.2970944,BEAM1011,40810765.2970944,19641100100089773,BEAM1011
-50.2306341816846,-21.2991746062883,40810766.9582689,BEAM1011,40810766.9582689,19641100100089973,BEAM1011
-50.1613463849458,-21.2190532204318,40810768.6111251,BEAM1011,40810768.6111251,19641100100090173,BEAM1011
-50.0913123626617,-21.1381804706397,40810770.2805642,BEAM1011,40810770.2805642,19641100100090373,BEAM1011
-50.0222144816106,-21.0578872325855,40810771.9334688,BEAM1011,40810771.9334688,19641100100090573,BEAM1011
-49.952579180878,-20.9768060834368,40810773.6028588,BEAM1011,40810773.6028588,19641100100090773,BEAM1011
-49.8836623534904,-20.8964853011898,40810775.2557699,BEAM1011,40810775.2557699,19641100100090973,BEAM1011
-49.8141040594606,-20.8153159881036,40810776.9252004,BEAM1011,40810776.9252004,19641100100091173,BEAM1011
-49.7421612365898,-20.7313903663318,40810778.6524405,BEAM1011,40810778.6524405,19641100100091373,BEAM1011
-49.6723841167017,-20.6498096255394,40810780.3301437,BEAM1011,40810780.3301437,19641100100091573,BEAM1011
-49.6038003865173,-20.5693184625652,40810781.9830548,BEAM1011,40810781.9830548,19641100100091773,BEAM1011
-49.5353048867052,-20.488821893394,40810783.6359103,BEAM1011,40810783.6359103,19641100100091973,BEAM1011
-49.4654314288019,-20.4067224821247,40810785.3218774,BEAM1011,40810785.3218774,19641100100092173,BEAM1011
-49.3969746087102,-20.3261822142063,40810786.9747885,BEAM1011,40810786.9747885,19641100100092373,BEAM1011
-49.328565285262,-20.2456733671696,40810788.627644,BEAM1011,40810788.627644,19641100100092573,BEAM1011
-49.2592947362442,-20.1638676967212,40810790.3053471,BEAM1011,40810790.3053471,19641100100092773,BEAM1011
-49.1911728198257,-20.0832033102479,40810791.9582577,BEAM1011,40810791.9582577,19641100100092973,BEAM1011
-49.1231390586711,-20.0025120056003,40810793.6111137,BEAM1011,40810793.6111137,19641100100093173,BEAM1011
-49.0550247914913,-19.9218442980282,40810795.2640248,BEAM1011,40810795.2640248,19641100100093373,BEAM1011
-48.987090276096,-19.8411243533696,40810796.9169253,BEAM1011,40810796.9169253,19641100100093573,BEAM1011
-48.9193412025821,-19.760292712435,40810798.5697915,BEAM1011,40810798.5697915,19641100100093773,BEAM1011
-48.851579609099,-19.6794461068315,40810800.2227026,BEAM1011,40810800.2227026,19641100100093973,BEAM1011
-48.7838122423414,-19.598702648782,40810801.8755931,BEAM1011,40810801.8755931,19641100100094173,BEAM1011
-48.7161583883307,-19.5178941105078,40810803.5284692,BEAM1011,40810803.5284692,19641100100094373,BEAM1011
-48.6486628415645,-19.4369040261388,40810805.1813803,BEAM1011,40810805.1813803,19641100100094573,BEAM1011
-48.5795194009224,-19.3539658656815,40810806.8755908,BEAM1011,40810806.8755908,19641100100094773,BEAM1011
-48.5109957137802,-19.2718326580125,40810808.5532589,BEAM1011,40810808.5532589,19641100100094973,BEAM1011
-48.4428920238164,-19.1901043837582,40810810.222698,BEAM1011,40810810.222698,19641100100095173,BEAM1011
-48.3742796209469,-19.107485225928,40810811.9086526,BEAM1011,40810811.9086526,19641100100095373,BEAM1011
-48.3072363731691,-19.0264089344873,40810813.5615207,BEAM1011,40810813.5615207,19641100100095573,BEAM1011
-48.23953488742,-18.944554952141,40810815.2309597,BEAM1011,40810815.2309597,19641100100095773,BEAM1011
-48.171533762546,-18.8623338014351,40810816.9086503,BEAM1011,40810816.9086503,19641100100095973,BEAM1011
-48.1042503306251,-18.7808350466203,40810818.5697823,BEAM1011,40810818.5697823,19641100100096173,BEAM1011
-48.0372837810736,-18.6997744564274,40810820.2226935,BEAM1011,40810820.2226935,19641100100096373,BEAM1011
-47.9705773657861,-18.6185438113678,40810821.875584,BEAM1011,40810821.875584,19641100100096573,BEAM1011
-47.9037471098798,-18.5373379498136,40810823.5284601,BEAM1011,40810823.5284601,19641100100096773,BEAM1011
-47.8371670111612,-18.4563050555618,40810825.1813712,BEAM1011,40810825.1813712,19641100100096973,BEAM1011
-47.769729014849,-18.374085915076,40810826.8507838,BEAM1011,40810826.8507838,19641100100097173,BEAM1011
-47.7025595742803,-18.2919317890645,40810828.5201938,BEAM1011,40810828.5201938,19641100100097373,BEAM1011
-47.6357286426067,-18.2100422172804,40810830.1896329,BEAM1011,40810830.1896329,19641100100097573,BEAM1011
-47.5690560859707,-18.1283847827277,40810831.8425155,BEAM1011,40810831.8425155,19641100100097773,BEAM1011
-47.502027683594,-18.0461587570525,40810833.5119276,BEAM1011,40810833.5119276,19641100100097973,BEAM1011
-47.4359267242323,-17.9648604301108,40810835.1648387,BEAM1011,40810835.1648387,19641100100098173,BEAM1011
-47.3685536169939,-17.8819791677992,40810836.8425132,BEAM1011,40810836.8425132,19641100100098373,BEAM1011
-47.3020275337342,-17.8000783091961,40810838.5036613,BEAM1011,40810838.5036613,19641100100098573,BEAM1011
-47.2352767831573,-17.7177327100628,40810840.1731004,BEAM1011,40810840.1731004,19641100100098773,BEAM1011
-47.1670582283402,-17.6332262352896,40810841.8838409,BEAM1011,40810841.8838409,19641100100098973,BEAM1011
-47.1011015260469,-17.5516377663742,40810843.536715,BEAM1011,40810843.536715,19641100100099173,BEAM1011
-47.0351276546713,-17.4700362968384,40810845.1896261,BEAM1011,40810845.1896261,19641100100099373,BEAM1011
-46.9692890427716,-17.3883677598483,40810846.8425086,BEAM1011,40810846.8425086,19641100100099573,BEAM1011
-46.9034665772163,-17.3067780121104,40810848.4953927,BEAM1011,40810848.4953927,19641100100099773,BEAM1011
-46.8367140313246,-17.2238607930614,40810850.1730958,BEAM1011,40810850.1730958,19641100100099973,BEAM1011
-46.7711281845905,-17.1420778569068,40810851.8259744,BEAM1011,40810851.8259744,19641100100100173,BEAM1011
-46.7052376897761,-17.0598380195873,40810853.4871264,BEAM1011,40810853.4871264,19641100100100373,BEAM1011
-46.6393607164959,-16.9776873829487,40810855.1483015,BEAM1011,40810855.1483015,19641100100100573,BEAM1011
-46.5739398921905,-16.8958046191021,40810856.8011741,BEAM1011,40810856.8011741,19641100100100773,BEAM1011
-46.5062638108398,-16.8110953250174,40810858.5119162,BEAM1011,40810858.5119162,19641100100100973,BEAM1011
-46.440833195934,-16.729300108342,40810860.1648273,BEAM1011,40810860.1648273,19641100100101173,BEAM1011
-46.3749363473175,-16.6465740807329,40810861.8342359,BEAM1011,40810861.8342359,19641100100101373,BEAM1011
-46.3097783358188,-16.5646462857478,40810863.4871219,BEAM1011,40810863.4871219,19641100100101573,BEAM1011
-46.244658057698,-16.4826850132984,40810865.140033,BEAM1011,40810865.140033,19641100100101773,BEAM1011
-46.1795238275041,-16.4007317385736,40810866.7929035,BEAM1011,40810866.7929035,19641100100101973,BEAM1011
-46.1146003547818,-16.3188898208412,40810868.4457997,BEAM1011,40810868.4457997,19641100100102173,BEAM1011
-46.0495276514556,-16.2366203652326,40810870.0987108,BEAM1011,40810870.0987108,19641100100102373,BEAM1011
-45.984854079888,-16.1547013928855,40810871.7515713,BEAM1011,40810871.7515713,19641100100102573,BEAM1011
-45.9198098461616,-16.0724545541872,40810873.4044774,BEAM1011,40810873.4044774,19641100100102773,BEAM1011
-45.8542883599363,-15.9895623287679,40810875.0739165,BEAM1011,40810875.0739165,19641100100102973,BEAM1011
-45.7885645944949,-15.9061910009247,40810876.751569,BEAM1011,40810876.751569,19641100100103173,BEAM1011
-45.723835876449,-15.8240949274596,40810878.4044751,BEAM1011,40810878.4044751,19641100100103373,BEAM1011
-45.6589194636355,-15.7414906599781,40810880.0656502,BEAM1011,40810880.0656502,19641100100103573,BEAM1011
-45.5937227709439,-15.6584346556371,40810881.7350348,BEAM1011,40810881.7350348,19641100100103773,BEAM1011
-45.529220747379,-15.5762076055584,40810883.3879448,BEAM1011,40810883.3879448,19641100100103973,BEAM1011
-45.4647878277568,-15.4939343596564,40810885.040856,BEAM1011,40810885.040856,19641100100104173,BEAM1011
-45.3996925967346,-15.4108673863216,40810886.7102395,BEAM1011,40810886.7102395,19641100100104373,BEAM1011
-45.3353422047251,-15.3285665430679,40810888.3631506,BEAM1011,40810888.3631506,19641100100104573,BEAM1011
-45.2710796737454,-15.2462427390609,40810890.0160617,BEAM1011,40810890.0160617,19641100100104773,BEAM1011
-45.2056783834852,-15.162564257748,40810891.7019733,BEAM1011,40810891.7019733,19641100100104973,BEAM1011
-45.1408878945945,-15.0793778173233,40810893.3714123,BEAM1011,40810893.3714123,19641100100105173,BEAM1011
-45.0766431657722,-14.9966958674346,40810895.0243234,BEAM1011,40810895.0243234,19641100100105373,BEAM1011
-45.0127797345655,-14.9144684670299,40810896.6771789,BEAM1011,40810896.6771789,19641100100105573,BEAM1011
-44.9473152290883,-14.8301559086846,40810898.363146,BEAM1011,40810898.363146,19641100100105773,BEAM1011
-44.8833354012407,-14.7477038263213,40810900.0160571,BEAM1011,40810900.0160571,19641100100105973,BEAM1011
-44.8194199727225,-14.6652414546874,40810901.6689127,BEAM1011,40810901.6689127,19641100100106173,BEAM1011
-44.7548959062343,-14.5818992219845,40810903.3383517,BEAM1011,40810903.3383517,19641100100106373,BEAM1011
-44.6905182244971,-14.4985153470426,40810905.0077908,BEAM1011,40810905.0077908,19641100100106573,BEAM1011
-44.6261499688174,-14.4151284231488,40810906.6771744,BEAM1011,40810906.6771744,19641100100106773,BEAM1011
-44.5617862911429,-14.3317150306253,40810908.3466135,BEAM1011,40810908.3466135,19641100100106973,BEAM1011
-44.4982261713344,-14.2490890428141,40810909.9995245,BEAM1011,40810909.9995245,19641100100107173,BEAM1011
-44.4343424155094,-14.1660665922385,40810911.6606441,BEAM1011,40810911.6606441,19641100100107373,BEAM1011
-44.3707251816848,-14.0834862311434,40810913.3135552,BEAM1011,40810913.3135552,19641100100107573,BEAM1011
-44.3065619014301,-14.0000351554121,40810914.9829943,BEAM1011,40810914.9829943,19641100100107773,BEAM1011
-44.2431758017588,-13.9173486403596,40810916.6358499,BEAM1011,40810916.6358499,19641100100107973,BEAM1011
-44.1788299797846,-13.8334070040171,40810918.313553,BEAM1011,40810918.313553,19641100100108173,BEAM1011
-44.1148693913407,-13.7498651028568,40810919.9829921,BEAM1011,40810919.9829921,19641100100108373,BEAM1011
-44.0509949864197,-13.6662641389113,40810921.6523756,BEAM1011,40810921.6523756,19641100100108573,BEAM1011
-43.9877322716095,-13.5835045963508,40810923.3052867,BEAM1011,40810923.3052867,19641100100108773,BEAM1011
-43.9232394596807,-13.4990581609447,40810924.9912538,BEAM1011,40810924.9912538,19641100100108973,BEAM1011
-43.8588040359851,-13.4146058833245,40810926.6771653,BEAM1011,40810926.6771653,19641100100109173,BEAM1011
-43.7956826625099,-13.3317659190139,40810928.3300764,BEAM1011,40810928.3300764,19641100100109373,BEAM1011
-43.7326955159415,-13.2488833044624,40810929.9829875,BEAM1011,40810929.9829875,19641100100109573,BEAM1011
-43.668446917729,-13.1643457653095,40810931.668899,BEAM1011,40810931.668899,19641100100109773,BEAM1011
-43.605470695649,-13.0814871266449,40810933.3218101,BEAM1011,40810933.3218101,19641100100109973,BEAM1011
-43.5425270316675,-12.9985742355934,40810934.9747212,BEAM1011,40810934.9747212,19641100100110173,BEAM1011
-43.4796268635414,-12.9156744980828,40810936.6275768,BEAM1011,40810936.6275768,19641100100110373,BEAM1011
-43.4167886359603,-12.8327577153669,40810938.2804878,BEAM1011,40810938.2804878,19641100100110573,BEAM1011
-43.354020165242,-12.7497841185232,40810939.9333924,BEAM1011,40810939.9333924,19641100100110773,BEAM1011
-43.2913738800604,-12.6667500617048,40810941.5862544,BEAM1011,40810941.5862544,19641100100110973,BEAM1011
-43.2286673956069,-12.5837564394738,40810943.2391656,BEAM1011,40810943.2391656,19641100100111173,BEAM1011
-43.1653693971102,-12.4999041740963,40810944.9085921,BEAM1011,40810944.9085921,19641100100111373,BEAM1011
-43.1027020510092,-12.416958831221,40810946.5614602,BEAM1011,40810946.5614602,19641100100111573,BEAM1011
-43.0395789169282,-12.3330244450709,40810948.2308993,BEAM1011,40810948.2308993,19641100100111773,BEAM1011
-42.9765009108152,-12.2491206155708,40810949.9003239,BEAM1011,40810949.9003239,19641100100111973,BEAM1011
-42.9133743900129,-12.1651276517983,40810951.5697219,BEAM1011,40810951.5697219,19641100100112173,BEAM1011
-42.8509577926457,-12.081991815574,40810953.222633,BEAM1011,40810953.222633,19641100100112373,BEAM1011
-42.788553738531,-11.9989505845742,40810954.8755236,BEAM1011,40810954.8755236,19641100100112573,BEAM1011
-42.726210731548,-11.9158105052247,40810956.5283996,BEAM1011,40810956.5283996,19641100100112773,BEAM1011
-42.6638798542054,-11.8326197214773,40810958.1813108,BEAM1011,40810958.1813108,19641100100112973,BEAM1011
-42.6015966993912,-11.7494735254862,40810959.8341913,BEAM1011,40810959.8341913,19641100100113173,BEAM1011
-42.5394562030239,-11.6662518148327,40810961.4870774,BEAM1011,40810961.4870774,19641100100113373,BEAM1011
-42.4769804687477,-11.5826015696842,40810963.1482524,BEAM1011,40810963.1482524,19641100100113573,BEAM1011
-42.4148481149882,-11.4993725325459,40810964.801125,BEAM1011,40810964.801125,19641100100113773,BEAM1011
-42.3526972247264,-11.4161067170667,40810966.4540191,BEAM1011,40810966.4540191,19641100100113973,BEAM1011
-42.2906078259545,-11.332812701029,40810968.1069302,BEAM1011,40810968.1069302,19641100100114173,BEAM1011
-42.2286325240828,-11.2495487213695,40810969.7597928,BEAM1011,40810969.7597928,19641100100114373,BEAM1011
-42.1665942774069,-11.1662818903856,40810971.4126968,BEAM1011,40810971.4126968,19641100100114573,BEAM1011
-42.1047475320283,-11.0829432402302,40810973.0656079,BEAM1011,40810973.0656079,19641100100114773,BEAM1011
-42.0428643599737,-10.999618695184,40810974.7184635,BEAM1011,40810974.7184635,19641100100114973,BEAM1011
-41.9809963321874,-10.9162989767058,40810976.3713745,BEAM1011,40810976.3713745,19641100100115173,BEAM1011
-41.9192666442479,-10.8329160832257,40810978.0242857,BEAM1011,40810978.0242857,19641100100115373,BEAM1011
-41.8568674803379,-10.74871449729,40810979.6936692,BEAM1011,40810979.6936692,19641100100115573,BEAM1011
-41.7950983796862,-10.6653525154875,40810981.3465803,BEAM1011,40810981.3465803,19641100100115773,BEAM1011
-41.7333955596229,-10.5819645690464,40810982.9994914,BEAM1011,40810982.9994914,19641100100115973,BEAM1011
-41.6717966864832,-10.4985516239344,40810984.6523469,BEAM1011,40810984.6523469,19641100100116173,BEAM1011
-41.6089555831342,-10.4134535901858,40810986.3383141,BEAM1011,40810986.3383141,19641100100116373,BEAM1011
-41.5474399501571,-10.3299486575683,40810987.9912251,BEAM1011,40810987.9912251,19641100100116573,BEAM1011
-41.4852633831314,-10.245679967261,40810989.6606086,BEAM1011,40810989.6606086,19641100100116773,BEAM1011
-41.4236612251873,-10.1621554494041,40810991.3135197,BEAM1011,40810991.3135197,19641100100116973,BEAM1011
-41.3614903838576,-10.0778279803886,40810992.9829588,BEAM1011,40810992.9829588,19641100100117173,BEAM1011
-41.3000672033899,-9.99432041143754,40810994.6358143,BEAM1011,40810994.6358143,19641100100117373,BEAM1011
-41.2386381586885,-9.91078994720325,40810996.2887255,BEAM1011,40810996.2887255,19641100100117573,BEAM1011
-41.1769779246985,-9.82671897272368,40810997.949898,BEAM1011,40810997.949898,19641100100117773,BEAM1011
-41.1156852596516,-9.74308664646642,40810999.6027561,BEAM1011,40810999.6027561,19641100100117973,BEAM1011
-41.0543827568325,-9.65956405518503,40811001.2556672,BEAM1011,40811001.2556672,19641100100118173,BEAM1011
-40.9930439436694,-9.57594279929478,40811002.9085658,BEAM1011,40811002.9085658,19641100100118373,BEAM1011
-40.9311480959352,-9.49148790897376,40811004.5779618,BEAM1011,40811004.5779618,19641100100118573,BEAM1011
-40.8690284864234,-9.40660382671844,40811006.255665,BEAM1011,40811006.255665,19641100100118773,BEAM1011
-40.807821586675,-9.32296588462125,40811007.9085635,BEAM1011,40811007.9085635,19641100100118973,BEAM1011
-40.7467268472783,-9.23923189625055,40811009.5614315,BEAM1011,40811009.5614315,19641100100119173,BEAM1011
-40.6849842800186,-9.15473041061115,40811011.2308706,BEAM1011,40811011.2308706,19641100100119373,BEAM1011
-40.6229913763128,-9.06977523951342,40811012.9085611,BEAM1011,40811012.9085611,19641100100119573,BEAM1011
-40.5612570325691,-8.98527601489489,40811014.5779573,BEAM1011,40811014.5779573,19641100100119773,BEAM1011
-40.4997322658242,-8.90065597668599,40811016.2473963,BEAM1011,40811016.2473963,19641100100119973,BEAM1011
-40.4381197305482,-8.816099994267,40811017.9168249,BEAM1011,40811017.9168249,19641100100120173,BEAM1011
-40.3771460537226,-8.73236951015867,40811019.569691,BEAM1011,40811019.569691,19641100100120373,BEAM1011
-40.3155958185545,-8.64776409075495,40811021.2391301,BEAM1011,40811021.2391301,19641100100120573,BEAM1011
-40.2546143374714,-8.56408233131496,40811022.8920247,BEAM1011,40811022.8920247,19641100100120773,BEAM1011
-40.1938198720406,-8.48026096250495,40811024.5448968,BEAM1011,40811024.5448968,19641100100120973,BEAM1011
-40.1329308296458,-8.39650046457841,40811026.1978078,BEAM1011,40811026.1978078,19641100100121173,BEAM1011
-40.0723511614053,-8.31287047797348,40811027.8506924,BEAM1011,40811027.8506924,19641100100121373,BEAM1011
-40.0115053321323,-8.22901000058223,40811029.5035744,BEAM1011,40811029.5035744,19641100100121573,BEAM1011
-39.9500067760477,-8.14414678472267,40811031.1730135,BEAM1011,40811031.1730135,19641100100121773,BEAM1011
-39.8892831577059,-8.06029686081638,40811032.8258921,BEAM1011,40811032.8258921,19641100100121973,BEAM1011
-39.8279196462675,-7.97564872909305,40811034.4953082,BEAM1011,40811034.4953082,19641100100122173,BEAM1011
-39.7674790635046,-7.89204167439552,40811036.1482192,BEAM1011,40811036.1482192,19641100100122373,BEAM1011
-39.7066670184858,-7.80788354960397,40811037.8010918,BEAM1011,40811037.8010918,19641100100122573,BEAM1011
-39.6458151213691,-7.72378612953621,40811039.4622499,BEAM1011,40811039.4622499,19641100100122773,BEAM1011
-39.5846422763726,-7.63901758690201,40811041.131689,BEAM1011,40811041.131689,19641100100122973,BEAM1011
-39.5240454560289,-7.55521765643489,40811042.7845576,BEAM1011,40811042.7845576,19641100100123173,BEAM1011
-39.4634674754267,-7.47130093297957,40811044.4374556,BEAM1011,40811044.4374556,19641100100123373,BEAM1011
-39.4022716920277,-7.38628171649014,40811046.1068947,BEAM1011,40811046.1068947,19641100100123573,BEAM1011
-39.3418848602955,-7.30238327625899,40811047.7597573,BEAM1011,40811047.7597573,19641100100123773,BEAM1011
-39.2812691538982,-7.21833994417265,40811049.4126614,BEAM1011,40811049.4126614,19641100100123973,BEAM1011
-39.2208475949965,-7.13455776263247,40811051.0655724,BEAM1011,40811051.0655724,19641100100124173,BEAM1011
-39.1604502514664,-7.0505825996544,40811052.7184279,BEAM1011,40811052.7184279,19641100100124373,BEAM1011
-39.0993037569013,-6.96561700728579,40811054.387867,BEAM1011,40811054.387867,19641100100124573,BEAM1011
-39.0391029669697,-6.88177520203363,40811056.0407782,BEAM1011,40811056.0407782,19641100100124773,BEAM1011
-38.9787560741175,-6.79774212092583,40811057.6936337,BEAM1011,40811057.6936337,19641100100124973,BEAM1011
-38.9183112378518,-6.71355615491972,40811059.3465448,BEAM1011,40811059.3465448,19641100100125173,BEAM1011
-38.8573559898192,-6.62866080235897,40811061.0159839,BEAM1011,40811061.0159839,19641100100125373,BEAM1011
-38.7964835572338,-6.54383046308491,40811062.6853674,BEAM1011,40811062.6853674,19641100100125573,BEAM1011
-38.7361762336486,-6.45979641236019,40811064.3382785,BEAM1011,40811064.3382785,19641100100125773,BEAM1011
-38.6753640545111,-6.37494049437387,40811066.0077176,BEAM1011,40811066.0077176,19641100100125973,BEAM1011
-38.6151392870845,-6.29090838072128,40811067.6605731,BEAM1011,40811067.6605731,19641100100126173,BEAM1011
-38.5549023269129,-6.20680169682506,40811069.3134843,BEAM1011,40811069.3134843,19641100100126373,BEAM1011
-38.4942091418556,-6.12181218597688,40811070.9829233,BEAM1011,40811070.9829233,19641100100126573,BEAM1011
-38.4334047457704,-6.03690233104945,40811072.6523069,BEAM1011,40811072.6523069,19641100100126773,BEAM1011
-38.3732829474982,-5.95278046039443,40811074.305218,BEAM1011,40811074.305218,19641100100126973,BEAM1011
-38.3130692896378,-5.86874269879704,40811075.9581285,BEAM1011,40811075.9581285,19641100100127173,BEAM1011
-38.252388854231,-5.78379258529105,40811077.6275126,BEAM1011,40811077.6275126,19641100100127373,BEAM1011
-38.1923552902014,-5.69963725819002,40811079.2804237,BEAM1011,40811079.2804237,19641100100127573,BEAM1011
-38.1322711938082,-5.61549794692621,40811080.9333282,BEAM1011,40811080.9333282,19641100100127773,BEAM1011
-38.0716570783377,-5.53054286856554,40811082.6027183,BEAM1011,40811082.6027183,19641100100127973,BEAM1011
-38.0110013279941,-5.44550037233299,40811084.2721574,BEAM1011,40811084.2721574,19641100100128173,BEAM1011
-37.9504456956309,-5.36053402908857,40811085.9415919,BEAM1011,40811085.9415919,19641100100128373,BEAM1011
-37.8903575489493,-5.27639452875473,40811087.5944521,BEAM1011,40811087.5944521,19641100100128573,BEAM1011
-37.8304640673029,-5.19221538323756,40811089.2473631,BEAM1011,40811089.2473631,19641100100128773,BEAM1011
-37.769273491445,-5.10635612832342,40811090.9333237,BEAM1011,40811090.9333237,19641100100128973,BEAM1011
-37.708729126847,-5.02136383874271,40811092.6027138,BEAM1011,40811092.6027138,19641100100129173,BEAM1011
-37.6488351105235,-4.93714366737754,40811094.2556249,BEAM1011,40811094.2556249,19641100100129373,BEAM1011
-37.5883023087378,-4.85209113259002,40811095.9250554,BEAM1011,40811095.9250554,19641100100129573,BEAM1011
-37.5278706778325,-4.76704054941826,40811097.5944475,BEAM1011,40811097.5944475,19641100100129773,BEAM1011
-37.4680211937423,-4.68279977578691,40811099.2473586,BEAM1011,40811099.2473586,19641100100129973,BEAM1011
-37.4081488817509,-4.59861642117827,40811100.9002552,BEAM1011,40811100.9002552,19641100100130173,BEAM1011
-37.3476432996734,-4.51359770515102,40811102.5696532,BEAM1011,40811102.5696532,19641100100130373,BEAM1011
-37.2878328881445,-4.42934269000928,40811104.2225643,BEAM1011,40811104.2225643,19641100100130573,BEAM1011
-37.2280004432834,-4.34508301570594,40811105.8754549,BEAM1011,40811105.8754549,19641100100130773,BEAM1011
-37.1676334967722,-4.26001734401627,40811107.5448589,BEAM1011,40811107.5448589,19641100100130973,BEAM1011
-37.1069696680266,-4.17450011094463,40811109.222562,BEAM1011,40811109.222562,19641100100131173,BEAM1011
-37.0472527237026,-4.09020214168098,40811110.8754525,BEAM1011,40811110.8754525,19641100100131373,BEAM1011
-36.9876551762905,-4.00624728046455,40811112.5283287,BEAM1011,40811112.5283287,19641100100131573,BEAM1011
-36.9265451726158,-3.92001575332991,40811114.2142957,BEAM1011,40811114.2142957,19641100100131773,BEAM1011
-36.8668952849265,-3.83564415941501,40811115.8671843,BEAM1011,40811115.8671843,19641100100131973,BEAM1011
-36.8071555086085,-3.7514407796371,40811117.5200624,BEAM1011,40811117.5200624,19641100100132173,BEAM1011
-36.7474130090268,-3.66716072262592,40811119.1729735,BEAM1011,40811119.1729735,19641100100132373,BEAM1011
-36.68715907367,-3.58205557169979,40811120.8423841,BEAM1011,40811120.8423841,19641100100132573,BEAM1011
-36.6274729971107,-3.49775142041521,40811122.4952681,BEAM1011,40811122.4952681,19641100100132773,BEAM1011
-36.5677878381242,-3.4136128175261,40811124.1481792,BEAM1011,40811124.1481792,19641100100132973,BEAM1011
-36.5071899157969,-3.32781022391163,40811125.8341158,BEAM1011,40811125.8341158,19641100100133173,BEAM1011
-36.4464558673608,-3.24187069775904,40811127.5117939,BEAM1011,40811127.5117939,19641100100133373,BEAM1011
-36.386286025385,-3.15690365578675,40811129.181233,BEAM1011,40811129.181233,19641100100133573,BEAM1011
-36.3259892388214,-3.07156196010018,40811130.8506455,BEAM1011,40811130.8506455,19641100100133773,BEAM1011
-36.2663943184721,-2.98723795962682,40811132.5035276,BEAM1011,40811132.5035276,19641100100133973,BEAM1011
-36.2061693323592,-2.90209726871454,40811134.1729666,BEAM1011,40811134.1729666,19641100100134173,BEAM1011
-36.1465812088486,-2.81777661736995,40811135.8258452,BEAM1011,40811135.8258452,19641100100134373,BEAM1011
-36.08642685712,-2.7326384821824,40811137.4952613,BEAM1011,40811137.4952613,19641100100134573,BEAM1011
-36.0262581514206,-2.64744082587191,40811139.1647004,BEAM1011,40811139.1647004,19641100100134773,BEAM1011
-35.9667785490368,-2.56302975870651,40811140.8175769,BEAM1011,40811140.8175769,19641100100134973,BEAM1011
-35.9060300268472,-2.47698844462737,40811142.503523,BEAM1011,40811142.503523,19641100100135173,BEAM1011
-35.8464225137007,-2.39267761209166,40811144.1564341,BEAM1011,40811144.1564341,19641100100135373,BEAM1011
-35.7868903472924,-2.3082903547723,40811145.8093086,BEAM1011,40811145.8093086,19641100100135573,BEAM1011
-35.7272472444334,-2.22404595894662,40811147.4622007,BEAM1011,40811147.4622007,19641100100135773,BEAM1011
-35.6678052557825,-2.13961937256227,40811149.1151118,BEAM1011,40811149.1151118,19641100100135973,BEAM1011
-35.6084170017269,-2.05542124190097,40811150.7679763,BEAM1011,40811150.7679763,19641100100136173,BEAM1011
-35.5480665123389,-1.97004606810693,40811152.4539344,BEAM1011,40811152.4539344,19641100100136373,BEAM1011
-35.4885731049088,-1.88572767858188,40811154.1068455,BEAM1011,40811154.1068455,19641100100136573,BEAM1011
-35.4291116401265,-1.80131911732797,40811155.7597081,BEAM1011,40811155.7597081,19641100100136773,BEAM1011
-35.3690523191195,-1.71601044680558,40811157.4126122,BEAM1011,40811157.4126122,19641100100136973,BEAM1011
-35.3095434260133,-1.63159845238105,40811159.0655233,BEAM1011,40811159.0655233,19641100100137173,BEAM1011
-35.2500218311508,-1.54716243266667,40811160.7183788,BEAM1011,40811160.7183788,19641100100137373,BEAM1011
-35.1905153757417,-1.46276958590506,40811162.3712899,BEAM1011,40811162.3712899,19641100100137573,BEAM1011
-35.1310625647291,-1.37838653343728,40811164.024201,BEAM1011,40811164.024201,19641100100137773,BEAM1011
-35.0710373146269,-1.29311524334276,40811165.6935845,BEAM1011,40811165.6935845,19641100100137973,BEAM1011
-35.0115826315148,-1.20872439957624,40811167.3464957,BEAM1011,40811167.3464957,19641100100138173,BEAM1011
-34.952089721494,-1.12437419488391,40811168.9994067,BEAM1011,40811168.9994067,19641100100138373,BEAM1011
-34.892557159719,-1.03996483419744,40811170.6522623,BEAM1011,40811170.6522623,19641100100138573,BEAM1011
-34.8324983898864,-0.954746445750523,40811172.3217013,BEAM1011,40811172.3217013,19641100100138773,BEAM1011
-34.7728136472211,-0.869896774877615,40811173.9828764,BEAM1011,40811173.9828764,19641100100138973,BEAM1011
-34.7128131886121,-0.784606544858053,40811175.65226,BEAM1011,40811175.65226,19641100100139173,BEAM1011
-34.6533502313955,-0.700236077114073,40811177.305171,BEAM1011,40811177.305171,19641100100139373,BEAM1011
-34.5933208706324,-0.614990862730727,40811178.9746101,BEAM1011,40811178.9746101,19641100100139573,BEAM1011
-34.5333094174992,-0.529712614646111,40811180.6439937,BEAM1011,40811180.6439937,19641100100139773,BEAM1011
-34.4740472317289,-0.44564569606346,40811182.2969047,BEAM1011,40811182.2969047,19641100100139973,BEAM1011
-34.4144932050042,-0.361115415440046,40811183.9498133,BEAM1011,40811183.9498133,19641100100140173,BEAM1011
-34.3549222937408,-0.276505395669686,40811185.6026714,BEAM1011,40811185.6026714,19641100100140373,BEAM1011
-34.2955262305742,-0.192053807333535,40811187.2555825,BEAM1011,40811187.2555825,19641100100140573,BEAM1011
-34.2356392043537,-0.107116319723022,40811188.9250131,BEAM1011,40811188.9250131,19641100100140773,BEAM1011
-34.1761108156658,-0.0226697726285711,40811190.5778771,BEAM1011,40811190.5778771,19641100100140973,BEAM1011
-34.116624371241,0.0620009006143153,40811192.2307882,BEAM1011,40811192.2307882,19641100100141173,BEAM1011
